=== e97 1.3B pretrained canary env ===
task_id=run-train-py
variant=E97_1.3B_step1065000_b4_k40_trainpy_smoke_8n
start_utc=2026-07-07T10:41:28Z
repo=/lustre/orion/bif148/scratch/erikgarrison/emender/.wg-worktrees/agent-754
run_root=/lustre/orion/bif148/proj-shared/emender/frontier_runs/debug/trainpy_e97_step1065000_b4_smoke/20260707/E97_1.3B_step1065000_b4_k40_trainpy_smoke_8n/4951400-20260707T104124Z
stdout=logs/frontier/scaleout/e97-s1065-b4-k40-trainpy-8n-4951400.out
stderr=logs/frontier/scaleout/e97-s1065-b4-k40-trainpy-8n-4951400.err
human_approval_record=WG run-train-py: bounded 8-node debug-QOS train.py smoke after clean 1n and 2n finite-loss/merge evidence; refreshed E97 step1065000 latest.pt; no async/quorum harness; no 64n/256n/production approval.
resume_checkpoint=/lustre/orion/bif148/proj-shared/emender/checkpoints/emender_E97_1.3B_20260702_111457_step_1065000/latest.pt
default_resume_checkpoint=/lustre/orion/bif148/proj-shared/emender/checkpoints/E97_1.3B_diloco_20260623_103742_step260500/checkpoint_E97_1.3B_diloco_20260623_103742_step260500_loss_2.7481.pt
chain_latest_path=
chain_seed_checkpoint=/lustre/orion/bif148/proj-shared/emender/checkpoints/E97_1.3B_diloco_20260623_103742_step260500/checkpoint_E97_1.3B_diloco_20260623_103742_step260500_loss_2.7481.pt
chain_manifest_path=
chain_update_on_failure=1
requested_node_hours=2.666667
diloco_k=40
diloco_island_size=1
diloco_merge_topology=global
diloco_merge_group_size=8
diloco_merge_group_create_barrier_every=8
diloco_merge_completion_barrier=1
diloco_merge_bucket_numel=0
diloco_merge_debug=1
diloco_merge_debug_ranks=0
distributed_init_timeout_seconds=
disable_scalar_status_collectives=0
status_request_poll_seconds=1.0
frontier_rccl_env=recommended
rccl_net_plugin_status=not-found
require_rccl_net_plugin=0
rank_start_log=/lustre/orion/bif148/proj-shared/emender/frontier_runs/debug/trainpy_e97_step1065000_b4_smoke/20260707/E97_1.3B_step1065000_b4_k40_trainpy_smoke_8n/4951400-20260707T104124Z/artifacts/rank-start.tsv
frontier_per_rank_triton_cache=1
frontier_train_env_preflight=1
emender_conda_env=
conda_prefix=/autofs/nccs-svm1_sw/frontier/miniforge3/23.11.0-0
frontier_triton_cache_base=/lustre/orion/bif148/proj-shared/emender/frontier_runs/debug/trainpy_e97_step1065000_b4_smoke/20260707/E97_1.3B_step1065000_b4_k40_trainpy_smoke_8n/4951400-20260707T104124Z/artifacts/triton-cache

=== slurm ===
CONDA_PREFIX=/autofs/nccs-svm1_sw/frontier/miniforge3/23.11.0-0
DATA=/lustre/orion/bif148/proj-shared/commapile/commapile_mainmix_v0.1_1tb.txt
DILOCO_EXPORT_BASIS=x
DILOCO_ISLAND_SIZE=1
DILOCO_K=40
DILOCO_MERGE_BUCKET_NUMEL=0
DILOCO_MERGE_COMPLETION_BARRIER=1
DILOCO_MERGE_DEBUG=1
DILOCO_MERGE_DEBUG_RANKS=0
DILOCO_MERGE_GROUP_CREATE_BARRIER_EVERY=8
DILOCO_MERGE_GROUP_SIZE=8
DILOCO_MERGE_TOPOLOGY=global
DILOCO_OUTER_BETA=0.0
DILOCO_OUTER_LR=1.0
DILOCO_OUTER_OPTIMIZER=avg
FI_CXI_ATS=0
FI_CXI_DEFAULT_CQ_SIZE=131072
FI_CXI_DEFAULT_TX_SIZE=2048
FI_CXI_RDZV_PROTO=alt_read
FI_CXI_RX_MATCH_MODE=hybrid
FI_MR_CACHE_MONITOR=kdreg2
FRONTIER_PER_RANK_TRITON_CACHE=1
FRONTIER_RCCL_ALT_RDZV=1
FRONTIER_RCCL_ENV=recommended
FRONTIER_TRAIN_ENV_PREFLIGHT=1
FRONTIER_TRITON_CACHE_BASE=/lustre/orion/bif148/proj-shared/emender/frontier_runs/debug/trainpy_e97_step1065000_b4_smoke/20260707/E97_1.3B_step1065000_b4_k40_trainpy_smoke_8n/4951400-20260707T104124Z/artifacts/triton-cache
HIP_LIB_PATH=/opt/rocm-7.1.1/lib
HSA_ENABLE_IPC_MODE_LEGACY=1
HUMAN_APPROVAL_RECORD=WG run-train-py: bounded 8-node debug-QOS train.py smoke after clean 1n and 2n finite-loss/merge evidence; refreshed E97 step1065000 latest.pt; no async/quorum harness; no 64n/256n/production approval.
LD_LIBRARY_PATH=/opt/cray/pe/perftools/26.03.0/lib64:/opt/cray/pe/pmi/6.1.17/lib:/opt/cray/pe/mpich/9.1.0/ofi/gnu/12.3/lib:/opt/cray/pe/mpich/9.1.0/gtl/lib:/opt/cray/pe/libsci/26.03.0/GNU/12/x86_64/lib:/opt/cray/pe/dsmml/0.3.0/dsmml/lib:/opt/cray/pe/lib64:/opt/cray/lib64:/opt/rocm-7.1.1/lib/roctracer:/opt/rocm-7.1.1/lib/rocprofiler:/opt/rocm-7.1.1/lib:/sw/frontier/spack-envs/cpe26.03-cpu/opt/__spack_path_placeholder__/__spack_path_placeholder__/__spack_path_placeholder__/__spac/gcc-14.2/darshan-runtime-3.4.7-i6lglufb3nzhpr6gneuq2bjdaonwtv66/lib:/opt/cray/pe/papi/7.3.0.1/lib64:/sw/frontier/spack-envs/core-25.03/opt/gcc-13.2/emacs-29.4-unh4yuyvxeg5vnbffszz5xml33f5ahvv/lib:/opt/cray/libfabric/2.3.1/lib64
MASTER_ADDR=frontier00007
MASTER_PORT=51400
MPICH_DIR=/opt/cray/pe/mpich/9.1.0/ofi/gnu/12.3
MPICH_GPU_SUPPORT_ENABLED=1
MPICH_OFI_NIC_POLICY=NUMA
NCCL_CROSS_NIC=1
NCCL_NET_GDR_LEVEL=3
NCCL_NET_PLUGIN=librccl-net.so
NCCL_SOCKET_IFNAME=hsn0,hsn1,hsn2,hsn3
NDM_PIN_TRITON_AUTOTUNE=1
OMPI_MCA_plm_slurm_args=--external-launcher
OMP_NUM_THREADS=7
RESUME_CHECKPOINT=/lustre/orion/bif148/proj-shared/emender/checkpoints/emender_E97_1.3B_20260702_111457_step_1065000/latest.pt
ROCR_VISIBLE_DEVICES=0,1,2,3,4,5,6,7
SCALEOUT_VARIANT=E97_1.3B_step1065000_b4_k40_trainpy_smoke_8n
SLURMD_NODENAME=frontier00007
SLURM_CLUSTER_NAME=frontier
SLURM_CONF=/var/spool/slurmd/conf-cache/slurm.conf
SLURM_CPUS_ON_NODE=56
SLURM_CPUS_PER_TASK=7
SLURM_EXPORT_ENV=ALL,WG_TASK_ID=run-train-py,SCALEOUT_VARIANT=E97_1.3B_step1065000_b4_k40_trainpy_smoke_8n,REQUESTED_NODE_HOURS=2.666667,HUMAN_APPROVAL_RECORD=WG run-train-py: bounded 8-node debug-QOS train.py smoke after clean 1n and 2n finite-loss/merge evidence; refreshed E97 step1065000 latest.pt; no async/quorum harness; no 64n/256n/production approval.
SLURM_GET_USER_ENV=1
SLURM_GPUS_ON_NODE=8
SLURM_GTIDS=0
SLURM_JOBID=4951400
SLURM_JOB_ACCOUNT=bif148
SLURM_JOB_CPUS_PER_NODE=56(x8)
SLURM_JOB_END_TIME=1783422080
SLURM_JOB_GID=31761
SLURM_JOB_GPUS=0,1,2,3,4,5,6,7
SLURM_JOB_ID=4951400
SLURM_JOB_NAME=e97-s1065-b4-k40-trainpy-8n
SLURM_JOB_NODELIST=frontier[00007,00139,00265,00391,00613,00645,00773,00900]
SLURM_JOB_NUM_NODES=8
SLURM_JOB_PARTITION=batch
SLURM_JOB_QOS=debug
SLURM_JOB_START_TIME=1783420880
SLURM_JOB_UID=19032
SLURM_JOB_USER=erikgarrison
SLURM_LOCALID=0
SLURM_MPI_TYPE=cray_shasta
SLURM_NNODES=8
SLURM_NODEID=0
SLURM_NODELIST=frontier[00007,00139,00265,00391,00613,00645,00773,00900]
SLURM_NPROCS=64
SLURM_NTASKS=64
SLURM_NTASKS_PER_NODE=8
SLURM_OOM_KILL_STEP=0
SLURM_PRIO_PROCESS=0
SLURM_PROCID=0
SLURM_SPANK_GPU_COUNTERS=0
SLURM_SPANK_GPU_COUNTERS_SRC=default
SLURM_SPANK_GPU_POWER_CAP=560
SLURM_SPANK_GPU_POWER_CAP_SRC=default
SLURM_SPANK_GPU_SRANGE=500-1700
SLURM_SPANK_GPU_SRANGE_SRC=default
SLURM_SUBMIT_DIR=/lustre/orion/bif148/scratch/erikgarrison/emender/.wg-worktrees/agent-754
SLURM_SUBMIT_HOST=login04
SLURM_TASKS_PER_NODE=8(x8)
SLURM_TASK_PID=149698
SLURM_THREADS_PER_CORE=1
SLURM_TOPOLOGY_ADDR=root.s2000.frontier00007
SLURM_TOPOLOGY_ADDR_PATTERN=switch.switch.node
SLURM_TRES_BIND=gres/gpu:closest
SLURM_TRES_PER_TASK=cpu=7,gres/gpu=1
TIKTOKEN_CACHE_DIR=/lustre/orion/bif148/proj-shared/tiktoken_cache
TRAIN_MINUTES=10
VAL_DATA=/lustre/orion/bif148/scratch/erikgarrison/emender/data/commapile_mainmix_val_smoke.txt

=== command ===
srun -N 8 -n 64 -c7 --gpus-per-task=1 --gpu-bind=closest bash -lc source\ \"\$\{REPO\}/scripts/frontier/frontier_runtime_env.sh\"\;\ frontier_activate_emender_conda_env\;\ printf\ \"%s\\t%s\\t%s\\t%s\\t%s\\n\"\ \"\$\(date\ -u\ +%Y-%m-%dT%H:%M:%SZ\)\"\ \"\$\{SLURM_PROCID:-\}\"\ \"\$\{SLURM_LOCALID:-\}\"\ \"\$\{SLURMD_NODENAME:-\$\(hostname\)\}\"\ \"\$\{SLURM_NTASKS:-\}\"\ \>\>\ \"\$RANK_START_LOG\"\;\ if\ \[\[\ \"\$\{FRONTIER_PER_RANK_TRITON_CACHE:-0\}\"\ ==\ \"1\"\ \]\]\;\ then\ export\ TRITON_CACHE_DIR=\"\$\{FRONTIER_TRITON_CACHE_BASE%/\}/rank-\$\{SLURM_PROCID\}\"\;\ mkdir\ -p\ \"\$TRITON_CACHE_DIR\"\;\ fi\;\ export\ RANK=\$SLURM_PROCID\ WORLD_SIZE=\$SLURM_NTASKS\ LOCAL_RANK=0\;\ exec\ python\ -u\ train.py\ \"\$@\" bash --data /lustre/orion/bif148/proj-shared/commapile/commapile_mainmix_v0.1_1tb.txt --val_data /lustre/orion/bif148/scratch/erikgarrison/emender/data/commapile_mainmix_val_smoke.txt --bf16 --batch_size 4 --chunk_size 2048 --tokenizer p50k_base --optimizer schedulefree --seed 42 --lr 0.001007 --train_minutes 10 --timer_after_compile_warmup --compile_warmup_steps 1 --log_every 1 --val_every 10000 --save_every 40 --keep_checkpoints 3 --walltime_final_checkpoint_margin_seconds 600 --walltime_check_every 10 --distributed_health_check_every 10 --output /lustre/orion/bif148/proj-shared/emender/frontier_runs/debug/trainpy_e97_step1065000_b4_smoke/20260707/E97_1.3B_step1065000_b4_k40_trainpy_smoke_8n/4951400-20260707T104124Z/train --resume /lustre/orion/bif148/proj-shared/emender/checkpoints/emender_E97_1.3B_20260702_111457_step_1065000/latest.pt --diloco --diloco_k 40 --diloco_outer_optimizer avg --diloco_outer_lr 1.0 --diloco_outer_beta 0.0 --diloco_export_basis x --diloco_island_size 1 --diloco_merge_topology global --diloco_merge_group_size 8 --diloco_merge_group_create_barrier_every 8 --diloco_merge_completion_barrier 1 --diloco_merge_bucket_numel 0 --diloco_merge_debug 1 --diloco_merge_debug_ranks 0 --level E97 --params 100m --dim 1792 --depth 11 --n_heads 216 --n_state 32 --n_groups 32 --n_slots 64 --state_expansion 2 --expansion 1.0 --use_gate 1 --use_permutation 1 --gate_activation silu --linear_state 0 --use_write_gate 0 --use_triton 1 --use_chunked_e97 0 --e97_chunk_size 32 --mlp_ratio 2.2623 --mlp_multiple 64 --checkpoint_interval 16 --weight_decay 0.01 --grad_accum 1 --grad_clip 1.0 

=== delegated srun training env preflight ===
Deactivating conda environments
frontier_runtime_profile=default
frontier_enable_olcf_rccl_plugin=0
frontier_rocm_module=rocm/7.1.1
frontier_rccl_net_plugin_module=rccl-net-plugin/1.0
EMENDER_CONDA_ENV=
CONDA_PREFIX=
OLCF_OFI_NCCL_ROOT=
NCCL_NET_PLUGIN=librccl-net.so
librccl_net_path=not-found

=== frontier communication env ===
LD_LIBRARY_PATH=/opt/cray/pe/perftools/26.03.0/lib64:/opt/cray/pe/pmi/6.1.17/lib:/opt/cray/pe/mpich/9.1.0/ofi/gnu/12.3/lib:/opt/cray/pe/mpich/9.1.0/gtl/lib:/opt/cray/pe/libsci/26.03.0/GNU/12/x86_64/lib:/opt/cray/pe/dsmml/0.3.0/dsmml/lib:/opt/cray/pe/lib64:/opt/cray/lib64:/opt/rocm-7.1.1/lib/roctracer:/opt/rocm-7.1.1/lib/rocprofiler:/opt/rocm-7.1.1/lib:/sw/frontier/spack-envs/cpe26.03-cpu/opt/__spack_path_placeholder__/__spack_path_placeholder__/__spack_path_placeholder__/__spac/gcc-14.2/darshan-runtime-3.4.7-i6lglufb3nzhpr6gneuq2bjdaonwtv66/lib:/opt/cray/pe/papi/7.3.0.1/lib64:/sw/frontier/spack-envs/core-25.03/opt/gcc-13.2/emacs-29.4-unh4yuyvxeg5vnbffszz5xml33f5ahvv/lib:/opt/cray/libfabric/2.3.1/lib64

=== python runtime versions ===
python_executable=/sw/frontier/miniforge3/23.11.0-0/bin/python
python_version=3.10.13
torch.__version__=2.8.0.dev20250422+rocm6.4
torch.version.hip=6.4.43482-0f2d60242
triton.__version__=3.2.0
Deactivating conda environments
Deactivating conda environments
Deactivating conda environments
Deactivating conda environments
Deactivating conda environments
Deactivating conda environments
Deactivating conda environments
Deactivating conda environments
Deactivating conda environments
Deactivating conda environments
Deactivating conda environments
Deactivating conda environments
Deactivating conda environments
Deactivating conda environments
Deactivating conda environments
Deactivating conda environments
Deactivating conda environments
Deactivating conda environments
Deactivating conda environments
Deactivating conda environments
Deactivating conda environments
Deactivating conda environments
Deactivating conda environments
Deactivating conda environments
Deactivating conda environments
Deactivating conda environments
Deactivating conda environments
Deactivating conda environments
Deactivating conda environments
Deactivating conda environments
Deactivating conda environments
Deactivating conda environments
Deactivating conda environments
Deactivating conda environments
Deactivating conda environments
Deactivating conda environments
Deactivating conda environments
Deactivating conda environments
Deactivating conda environments
Deactivating conda environments
Deactivating conda environments
Deactivating conda environments
Deactivating conda environments
Deactivating conda environments
Deactivating conda environments
Deactivating conda environments
Deactivating conda environments
Deactivating conda environments
Deactivating conda environments
Deactivating conda environments
Deactivating conda environments
Deactivating conda environments
Deactivating conda environments
Deactivating conda environments
Deactivating conda environments
Deactivating conda environments
Deactivating conda environments
Deactivating conda environments
Deactivating conda environments
Deactivating conda environments
Deactivating conda environments
Deactivating conda environments
Deactivating conda environments
Deactivating conda environments
Current Triton version 3.2.0 is below the recommended 3.3.0 version. Errors may occur and these issues will not be fixed. Please consider upgrading Triton.
Current Python version 3.10 is below the recommended 3.11 version. It is recommended to upgrade to Python 3.11 or higher for the best experience.
Current Triton version 3.2.0 is below the recommended 3.3.0 version. Errors may occur and these issues will not be fixed. Please consider upgrading Triton.
Current Triton version 3.2.0 is below the recommended 3.3.0 version. Errors may occur and these issues will not be fixed. Please consider upgrading Triton.
Current Triton version 3.2.0 is below the recommended 3.3.0 version. Errors may occur and these issues will not be fixed. Please consider upgrading Triton.
Current Triton version 3.2.0 is below the recommended 3.3.0 version. Errors may occur and these issues will not be fixed. Please consider upgrading Triton.
Current Triton version 3.2.0 is below the recommended 3.3.0 version. Errors may occur and these issues will not be fixed. Please consider upgrading Triton.
Current Python version 3.10 is below the recommended 3.11 version. It is recommended to upgrade to Python 3.11 or higher for the best experience.
Current Python version 3.10 is below the recommended 3.11 version. It is recommended to upgrade to Python 3.11 or higher for the best experience.
Current Triton version 3.2.0 is below the recommended 3.3.0 version. Errors may occur and these issues will not be fixed. Please consider upgrading Triton.
Current Triton version 3.2.0 is below the recommended 3.3.0 version. Errors may occur and these issues will not be fixed. Please consider upgrading Triton.
Current Python version 3.10 is below the recommended 3.11 version. It is recommended to upgrade to Python 3.11 or higher for the best experience.
Current Python version 3.10 is below the recommended 3.11 version. It is recommended to upgrade to Python 3.11 or higher for the best experience.
Current Python version 3.10 is below the recommended 3.11 version. It is recommended to upgrade to Python 3.11 or higher for the best experience.
Current Python version 3.10 is below the recommended 3.11 version. It is recommended to upgrade to Python 3.11 or higher for the best experience.
Current Python version 3.10 is below the recommended 3.11 version. It is recommended to upgrade to Python 3.11 or higher for the best experience.
Current Triton version 3.2.0 is below the recommended 3.3.0 version. Errors may occur and these issues will not be fixed. Please consider upgrading Triton.
Current Triton version 3.2.0 is below the recommended 3.3.0 version. Errors may occur and these issues will not be fixed. Please consider upgrading Triton.
Current Triton version 3.2.0 is below the recommended 3.3.0 version. Errors may occur and these issues will not be fixed. Please consider upgrading Triton.
Current Triton version 3.2.0 is below the recommended 3.3.0 version. Errors may occur and these issues will not be fixed. Please consider upgrading Triton.
Current Python version 3.10 is below the recommended 3.11 version. It is recommended to upgrade to Python 3.11 or higher for the best experience.
Current Python version 3.10 is below the recommended 3.11 version. It is recommended to upgrade to Python 3.11 or higher for the best experience.
Current Triton version 3.2.0 is below the recommended 3.3.0 version. Errors may occur and these issues will not be fixed. Please consider upgrading Triton.
Current Python version 3.10 is below the recommended 3.11 version. It is recommended to upgrade to Python 3.11 or higher for the best experience.
Current Python version 3.10 is below the recommended 3.11 version. It is recommended to upgrade to Python 3.11 or higher for the best experience.
Current Triton version 3.2.0 is below the recommended 3.3.0 version. Errors may occur and these issues will not be fixed. Please consider upgrading Triton.
Current Triton version 3.2.0 is below the recommended 3.3.0 version. Errors may occur and these issues will not be fixed. Please consider upgrading Triton.
Current Python version 3.10 is below the recommended 3.11 version. It is recommended to upgrade to Python 3.11 or higher for the best experience.
Current Python version 3.10 is below the recommended 3.11 version. It is recommended to upgrade to Python 3.11 or higher for the best experience.
Current Python version 3.10 is below the recommended 3.11 version. It is recommended to upgrade to Python 3.11 or higher for the best experience.
Current Triton version 3.2.0 is below the recommended 3.3.0 version. Errors may occur and these issues will not be fixed. Please consider upgrading Triton.
Current Python version 3.10 is below the recommended 3.11 version. It is recommended to upgrade to Python 3.11 or higher for the best experience.
Current Triton version 3.2.0 is below the recommended 3.3.0 version. Errors may occur and these issues will not be fixed. Please consider upgrading Triton.
Current Triton version 3.2.0 is below the recommended 3.3.0 version. Errors may occur and these issues will not be fixed. Please consider upgrading Triton.
Current Triton version 3.2.0 is below the recommended 3.3.0 version. Errors may occur and these issues will not be fixed. Please consider upgrading Triton.
Current Python version 3.10 is below the recommended 3.11 version. It is recommended to upgrade to Python 3.11 or higher for the best experience.
Current Triton version 3.2.0 is below the recommended 3.3.0 version. Errors may occur and these issues will not be fixed. Please consider upgrading Triton.
Current Python version 3.10 is below the recommended 3.11 version. It is recommended to upgrade to Python 3.11 or higher for the best experience.
Current Python version 3.10 is below the recommended 3.11 version. It is recommended to upgrade to Python 3.11 or higher for the best experience.
Current Triton version 3.2.0 is below the recommended 3.3.0 version. Errors may occur and these issues will not be fixed. Please consider upgrading Triton.
Current Triton version 3.2.0 is below the recommended 3.3.0 version. Errors may occur and these issues will not be fixed. Please consider upgrading Triton.
Current Python version 3.10 is below the recommended 3.11 version. It is recommended to upgrade to Python 3.11 or higher for the best experience.
Current Triton version 3.2.0 is below the recommended 3.3.0 version. Errors may occur and these issues will not be fixed. Please consider upgrading Triton.
Current Triton version 3.2.0 is below the recommended 3.3.0 version. Errors may occur and these issues will not be fixed. Please consider upgrading Triton.
Current Python version 3.10 is below the recommended 3.11 version. It is recommended to upgrade to Python 3.11 or higher for the best experience.
Current Python version 3.10 is below the recommended 3.11 version. It is recommended to upgrade to Python 3.11 or higher for the best experience.
Current Python version 3.10 is below the recommended 3.11 version. It is recommended to upgrade to Python 3.11 or higher for the best experience.
Current Python version 3.10 is below the recommended 3.11 version. It is recommended to upgrade to Python 3.11 or higher for the best experience.
Current Triton version 3.2.0 is below the recommended 3.3.0 version. Errors may occur and these issues will not be fixed. Please consider upgrading Triton.
Current Triton version 3.2.0 is below the recommended 3.3.0 version. Errors may occur and these issues will not be fixed. Please consider upgrading Triton.
Current Triton version 3.2.0 is below the recommended 3.3.0 version. Errors may occur and these issues will not be fixed. Please consider upgrading Triton.
Current Python version 3.10 is below the recommended 3.11 version. It is recommended to upgrade to Python 3.11 or higher for the best experience.
Current Triton version 3.2.0 is below the recommended 3.3.0 version. Errors may occur and these issues will not be fixed. Please consider upgrading Triton.
Current Python version 3.10 is below the recommended 3.11 version. It is recommended to upgrade to Python 3.11 or higher for the best experience.
Current Triton version 3.2.0 is below the recommended 3.3.0 version. Errors may occur and these issues will not be fixed. Please consider upgrading Triton.
Current Python version 3.10 is below the recommended 3.11 version. It is recommended to upgrade to Python 3.11 or higher for the best experience.
Current Triton version 3.2.0 is below the recommended 3.3.0 version. Errors may occur and these issues will not be fixed. Please consider upgrading Triton.
Current Python version 3.10 is below the recommended 3.11 version. It is recommended to upgrade to Python 3.11 or higher for the best experience.
Current Triton version 3.2.0 is below the recommended 3.3.0 version. Errors may occur and these issues will not be fixed. Please consider upgrading Triton.
Current Python version 3.10 is below the recommended 3.11 version. It is recommended to upgrade to Python 3.11 or higher for the best experience.
Current Triton version 3.2.0 is below the recommended 3.3.0 version. Errors may occur and these issues will not be fixed. Please consider upgrading Triton.
Current Python version 3.10 is below the recommended 3.11 version. It is recommended to upgrade to Python 3.11 or higher for the best experience.
Current Python version 3.10 is below the recommended 3.11 version. It is recommended to upgrade to Python 3.11 or higher for the best experience.
Current Python version 3.10 is below the recommended 3.11 version. It is recommended to upgrade to Python 3.11 or higher for the best experience.
Current Triton version 3.2.0 is below the recommended 3.3.0 version. Errors may occur and these issues will not be fixed. Please consider upgrading Triton.
Current Triton version 3.2.0 is below the recommended 3.3.0 version. Errors may occur and these issues will not be fixed. Please consider upgrading Triton.
Current Triton version 3.2.0 is below the recommended 3.3.0 version. Errors may occur and these issues will not be fixed. Please consider upgrading Triton.
Current Triton version 3.2.0 is below the recommended 3.3.0 version. Errors may occur and these issues will not be fixed. Please consider upgrading Triton.
Current Python version 3.10 is below the recommended 3.11 version. It is recommended to upgrade to Python 3.11 or higher for the best experience.
Current Triton version 3.2.0 is below the recommended 3.3.0 version. Errors may occur and these issues will not be fixed. Please consider upgrading Triton.
Current Triton version 3.2.0 is below the recommended 3.3.0 version. Errors may occur and these issues will not be fixed. Please consider upgrading Triton.
Current Python version 3.10 is below the recommended 3.11 version. It is recommended to upgrade to Python 3.11 or higher for the best experience.
Current Triton version 3.2.0 is below the recommended 3.3.0 version. Errors may occur and these issues will not be fixed. Please consider upgrading Triton.
Current Python version 3.10 is below the recommended 3.11 version. It is recommended to upgrade to Python 3.11 or higher for the best experience.
Current Python version 3.10 is below the recommended 3.11 version. It is recommended to upgrade to Python 3.11 or higher for the best experience.
Current Python version 3.10 is below the recommended 3.11 version. It is recommended to upgrade to Python 3.11 or higher for the best experience.
Current Triton version 3.2.0 is below the recommended 3.3.0 version. Errors may occur and these issues will not be fixed. Please consider upgrading Triton.
Current Python version 3.10 is below the recommended 3.11 version. It is recommended to upgrade to Python 3.11 or higher for the best experience.
Current Python version 3.10 is below the recommended 3.11 version. It is recommended to upgrade to Python 3.11 or higher for the best experience.
Current Python version 3.10 is below the recommended 3.11 version. It is recommended to upgrade to Python 3.11 or higher for the best experience.
Current Triton version 3.2.0 is below the recommended 3.3.0 version. Errors may occur and these issues will not be fixed. Please consider upgrading Triton.
Current Triton version 3.2.0 is below the recommended 3.3.0 version. Errors may occur and these issues will not be fixed. Please consider upgrading Triton.
Current Python version 3.10 is below the recommended 3.11 version. It is recommended to upgrade to Python 3.11 or higher for the best experience.
Current Triton version 3.2.0 is below the recommended 3.3.0 version. Errors may occur and these issues will not be fixed. Please consider upgrading Triton.
Current Python version 3.10 is below the recommended 3.11 version. It is recommended to upgrade to Python 3.11 or higher for the best experience.
Current Python version 3.10 is below the recommended 3.11 version. It is recommended to upgrade to Python 3.11 or higher for the best experience.
Current Triton version 3.2.0 is below the recommended 3.3.0 version. Errors may occur and these issues will not be fixed. Please consider upgrading Triton.
Current Python version 3.10 is below the recommended 3.11 version. It is recommended to upgrade to Python 3.11 or higher for the best experience.
Current Triton version 3.2.0 is below the recommended 3.3.0 version. Errors may occur and these issues will not be fixed. Please consider upgrading Triton.
Current Python version 3.10 is below the recommended 3.11 version. It is recommended to upgrade to Python 3.11 or higher for the best experience.
Current Triton version 3.2.0 is below the recommended 3.3.0 version. Errors may occur and these issues will not be fixed. Please consider upgrading Triton.
Current Triton version 3.2.0 is below the recommended 3.3.0 version. Errors may occur and these issues will not be fixed. Please consider upgrading Triton.
Current Python version 3.10 is below the recommended 3.11 version. It is recommended to upgrade to Python 3.11 or higher for the best experience.
Current Triton version 3.2.0 is below the recommended 3.3.0 version. Errors may occur and these issues will not be fixed. Please consider upgrading Triton.
Current Python version 3.10 is below the recommended 3.11 version. It is recommended to upgrade to Python 3.11 or higher for the best experience.
Current Python version 3.10 is below the recommended 3.11 version. It is recommended to upgrade to Python 3.11 or higher for the best experience.
Current Triton version 3.2.0 is below the recommended 3.3.0 version. Errors may occur and these issues will not be fixed. Please consider upgrading Triton.
Current Python version 3.10 is below the recommended 3.11 version. It is recommended to upgrade to Python 3.11 or higher for the best experience.
Current Triton version 3.2.0 is below the recommended 3.3.0 version. Errors may occur and these issues will not be fixed. Please consider upgrading Triton.
Current Triton version 3.2.0 is below the recommended 3.3.0 version. Errors may occur and these issues will not be fixed. Please consider upgrading Triton.
Current Python version 3.10 is below the recommended 3.11 version. It is recommended to upgrade to Python 3.11 or higher for the best experience.
Current Python version 3.10 is below the recommended 3.11 version. It is recommended to upgrade to Python 3.11 or higher for the best experience.
Current Triton version 3.2.0 is below the recommended 3.3.0 version. Errors may occur and these issues will not be fixed. Please consider upgrading Triton.
Current Python version 3.10 is below the recommended 3.11 version. It is recommended to upgrade to Python 3.11 or higher for the best experience.
Current Triton version 3.2.0 is below the recommended 3.3.0 version. Errors may occur and these issues will not be fixed. Please consider upgrading Triton.
Current Triton version 3.2.0 is below the recommended 3.3.0 version. Errors may occur and these issues will not be fixed. Please consider upgrading Triton.
Current Triton version 3.2.0 is below the recommended 3.3.0 version. Errors may occur and these issues will not be fixed. Please consider upgrading Triton.
Current Python version 3.10 is below the recommended 3.11 version. It is recommended to upgrade to Python 3.11 or higher for the best experience.
Current Python version 3.10 is below the recommended 3.11 version. It is recommended to upgrade to Python 3.11 or higher for the best experience.
Current Python version 3.10 is below the recommended 3.11 version. It is recommended to upgrade to Python 3.11 or higher for the best experience.
Current Triton version 3.2.0 is below the recommended 3.3.0 version. Errors may occur and these issues will not be fixed. Please consider upgrading Triton.
Current Python version 3.10 is below the recommended 3.11 version. It is recommended to upgrade to Python 3.11 or higher for the best experience.
Current Triton version 3.2.0 is below the recommended 3.3.0 version. Errors may occur and these issues will not be fixed. Please consider upgrading Triton.
Current Triton version 3.2.0 is below the recommended 3.3.0 version. Errors may occur and these issues will not be fixed. Please consider upgrading Triton.
Current Triton version 3.2.0 is below the recommended 3.3.0 version. Errors may occur and these issues will not be fixed. Please consider upgrading Triton.
Current Python version 3.10 is below the recommended 3.11 version. It is recommended to upgrade to Python 3.11 or higher for the best experience.
Current Triton version 3.2.0 is below the recommended 3.3.0 version. Errors may occur and these issues will not be fixed. Please consider upgrading Triton.
Current Triton version 3.2.0 is below the recommended 3.3.0 version. Errors may occur and these issues will not be fixed. Please consider upgrading Triton.
Current Python version 3.10 is below the recommended 3.11 version. It is recommended to upgrade to Python 3.11 or higher for the best experience.
Current Python version 3.10 is below the recommended 3.11 version. It is recommended to upgrade to Python 3.11 or higher for the best experience.
Current Triton version 3.2.0 is below the recommended 3.3.0 version. Errors may occur and these issues will not be fixed. Please consider upgrading Triton.
Current Python version 3.10 is below the recommended 3.11 version. It is recommended to upgrade to Python 3.11 or higher for the best experience.
Current Triton version 3.2.0 is below the recommended 3.3.0 version. Errors may occur and these issues will not be fixed. Please consider upgrading Triton.
Current Python version 3.10 is below the recommended 3.11 version. It is recommended to upgrade to Python 3.11 or higher for the best experience.
Current Python version 3.10 is below the recommended 3.11 version. It is recommended to upgrade to Python 3.11 or higher for the best experience.
Current Python version 3.10 is below the recommended 3.11 version. It is recommended to upgrade to Python 3.11 or higher for the best experience.
Current Triton version 3.2.0 is below the recommended 3.3.0 version. Errors may occur and these issues will not be fixed. Please consider upgrading Triton.
Current Python version 3.10 is below the recommended 3.11 version. It is recommended to upgrade to Python 3.11 or higher for the best experience.
[pin-autotune] pinned mode: 18 kernels / 30 (name,key) configs from registry (set NDM_PIN_TRITON_AUTOTUNE=0 to restore sweep)
[pin-autotune] pinned mode: 18 kernels / 30 (name,key) configs from registry (set NDM_PIN_TRITON_AUTOTUNE=0 to restore sweep)
[pin-autotune] pinned mode: 18 kernels / 30 (name,key) configs from registry (set NDM_PIN_TRITON_AUTOTUNE=0 to restore sweep)
[pin-autotune] pinned mode: 18 kernels / 30 (name,key) configs from registry (set NDM_PIN_TRITON_AUTOTUNE=0 to restore sweep)
[pin-autotune] pinned mode: 18 kernels / 30 (name,key) configs from registry (set NDM_PIN_TRITON_AUTOTUNE=0 to restore sweep)
[pin-autotune] pinned mode: 18 kernels / 30 (name,key) configs from registry (set NDM_PIN_TRITON_AUTOTUNE=0 to restore sweep)
[pin-autotune] pinned mode: 18 kernels / 30 (name,key) configs from registry (set NDM_PIN_TRITON_AUTOTUNE=0 to restore sweep)
[pin-autotune] pinned mode: 18 kernels / 30 (name,key) configs from registry (set NDM_PIN_TRITON_AUTOTUNE=0 to restore sweep)
[W707 06:42:11.771902967 socket.cpp:755] [c10d] The client socket cannot be initialized to connect to [frontier00007.frontier.olcf.ornl.gov]:51400 (errno: 97 - Address family not supported by protocol).
[W707 06:42:11.772025644 socket.cpp:755] [c10d] The client socket cannot be initialized to connect to [frontier00007.frontier.olcf.ornl.gov]:51400 (errno: 97 - Address family not supported by protocol).
[W707 06:42:11.772524819 socket.cpp:755] [c10d] The client socket cannot be initialized to connect to [frontier00007.frontier.olcf.ornl.gov]:51400 (errno: 97 - Address family not supported by protocol).
[W707 06:42:11.772663316 socket.cpp:755] [c10d] The client socket cannot be initialized to connect to [frontier00007.frontier.olcf.ornl.gov]:51400 (errno: 97 - Address family not supported by protocol).
[W707 06:42:11.773867203 socket.cpp:755] [c10d] The client socket cannot be initialized to connect to [frontier00007.frontier.olcf.ornl.gov]:51400 (errno: 97 - Address family not supported by protocol).
[W707 06:42:11.785457594 socket.cpp:755] [c10d] The client socket cannot be initialized to connect to [frontier00007.frontier.olcf.ornl.gov]:51400 (errno: 97 - Address family not supported by protocol).
[W707 06:42:11.785925879 socket.cpp:755] [c10d] The client socket cannot be initialized to connect to [frontier00007.frontier.olcf.ornl.gov]:51400 (errno: 97 - Address family not supported by protocol).
[W707 06:42:11.882751368 socket.cpp:755] [c10d] The client socket cannot be initialized to connect to [frontier00007.frontier.olcf.ornl.gov]:51400 (errno: 97 - Address family not supported by protocol).
[pin-autotune] pinned mode: 18 kernels / 30 (name,key) configs from registry (set NDM_PIN_TRITON_AUTOTUNE=0 to restore sweep)
[pin-autotune] pinned mode: 18 kernels / 30 (name,key) configs from registry (set NDM_PIN_TRITON_AUTOTUNE=0 to restore sweep)
[pin-autotune] pinned mode: 18 kernels / 30 (name,key) configs from registry (set NDM_PIN_TRITON_AUTOTUNE=0 to restore sweep)
[pin-autotune] pinned mode: 18 kernels / 30 (name,key) configs from registry (set NDM_PIN_TRITON_AUTOTUNE=0 to restore sweep)
[pin-autotune] pinned mode: 18 kernels / 30 (name,key) configs from registry (set NDM_PIN_TRITON_AUTOTUNE=0 to restore sweep)
[pin-autotune] pinned mode: 18 kernels / 30 (name,key) configs from registry (set NDM_PIN_TRITON_AUTOTUNE=0 to restore sweep)
[pin-autotune] pinned mode: 18 kernels / 30 (name,key) configs from registry (set NDM_PIN_TRITON_AUTOTUNE=0 to restore sweep)
[pin-autotune] pinned mode: 18 kernels / 30 (name,key) configs from registry (set NDM_PIN_TRITON_AUTOTUNE=0 to restore sweep)
[pin-autotune] pinned mode: 18 kernels / 30 (name,key) configs from registry (set NDM_PIN_TRITON_AUTOTUNE=0 to restore sweep)
[pin-autotune] pinned mode: 18 kernels / 30 (name,key) configs from registry (set NDM_PIN_TRITON_AUTOTUNE=0 to restore sweep)
[pin-autotune] pinned mode: 18 kernels / 30 (name,key) configs from registry (set NDM_PIN_TRITON_AUTOTUNE=0 to restore sweep)
[pin-autotune] pinned mode: 18 kernels / 30 (name,key) configs from registry (set NDM_PIN_TRITON_AUTOTUNE=0 to restore sweep)
[pin-autotune] pinned mode: 18 kernels / 30 (name,key) configs from registry (set NDM_PIN_TRITON_AUTOTUNE=0 to restore sweep)
[pin-autotune] pinned mode: 18 kernels / 30 (name,key) configs from registry (set NDM_PIN_TRITON_AUTOTUNE=0 to restore sweep)
[pin-autotune] pinned mode: 18 kernels / 30 (name,key) configs from registry (set NDM_PIN_TRITON_AUTOTUNE=0 to restore sweep)
[pin-autotune] pinned mode: 18 kernels / 30 (name,key) configs from registry (set NDM_PIN_TRITON_AUTOTUNE=0 to restore sweep)
[pin-autotune] pinned mode: 18 kernels / 30 (name,key) configs from registry (set NDM_PIN_TRITON_AUTOTUNE=0 to restore sweep)
[pin-autotune] pinned mode: 18 kernels / 30 (name,key) configs from registry (set NDM_PIN_TRITON_AUTOTUNE=0 to restore sweep)
[pin-autotune] pinned mode: 18 kernels / 30 (name,key) configs from registry (set NDM_PIN_TRITON_AUTOTUNE=0 to restore sweep)
[pin-autotune] pinned mode: 18 kernels / 30 (name,key) configs from registry (set NDM_PIN_TRITON_AUTOTUNE=0 to restore sweep)
[pin-autotune] pinned mode: 18 kernels / 30 (name,key) configs from registry (set NDM_PIN_TRITON_AUTOTUNE=0 to restore sweep)
[pin-autotune] pinned mode: 18 kernels / 30 (name,key) configs from registry (set NDM_PIN_TRITON_AUTOTUNE=0 to restore sweep)
[pin-autotune] pinned mode: 18 kernels / 30 (name,key) configs from registry (set NDM_PIN_TRITON_AUTOTUNE=0 to restore sweep)
[pin-autotune] pinned mode: 18 kernels / 30 (name,key) configs from registry (set NDM_PIN_TRITON_AUTOTUNE=0 to restore sweep)
[W707 06:42:20.124867961 socket.cpp:755] [c10d] The client socket cannot be initialized to connect to [frontier00007.frontier.olcf.ornl.gov]:51400 (errno: 97 - Address family not supported by protocol).
[W707 06:42:20.124947806 socket.cpp:755] [c10d] The client socket cannot be initialized to connect to [frontier00007.frontier.olcf.ornl.gov]:51400 (errno: 97 - Address family not supported by protocol).
[W707 06:42:20.135359340 socket.cpp:755] [c10d] The client socket cannot be initialized to connect to [frontier00007.frontier.olcf.ornl.gov]:51400 (errno: 97 - Address family not supported by protocol).
[W707 06:42:20.144697654 socket.cpp:755] [c10d] The client socket cannot be initialized to connect to [frontier00007.frontier.olcf.ornl.gov]:51400 (errno: 97 - Address family not supported by protocol).
[W707 06:42:20.146787662 socket.cpp:755] [c10d] The client socket cannot be initialized to connect to [frontier00007.frontier.olcf.ornl.gov]:51400 (errno: 97 - Address family not supported by protocol).
[W707 06:42:21.538325497 socket.cpp:755] [c10d] The client socket cannot be initialized to connect to [frontier00007.frontier.olcf.ornl.gov]:51400 (errno: 97 - Address family not supported by protocol).
[W707 06:42:21.652979871 socket.cpp:755] [c10d] The client socket cannot be initialized to connect to [frontier00007.frontier.olcf.ornl.gov]:51400 (errno: 97 - Address family not supported by protocol).
[W707 06:42:21.654589247 socket.cpp:755] [c10d] The client socket cannot be initialized to connect to [frontier00007.frontier.olcf.ornl.gov]:51400 (errno: 97 - Address family not supported by protocol).
[pin-autotune] pinned mode: 18 kernels / 30 (name,key) configs from registry (set NDM_PIN_TRITON_AUTOTUNE=0 to restore sweep)
[pin-autotune] pinned mode: 18 kernels / 30 (name,key) configs from registry (set NDM_PIN_TRITON_AUTOTUNE=0 to restore sweep)
[pin-autotune] pinned mode: 18 kernels / 30 (name,key) configs from registry (set NDM_PIN_TRITON_AUTOTUNE=0 to restore sweep)
[pin-autotune] pinned mode: 18 kernels / 30 (name,key) configs from registry (set NDM_PIN_TRITON_AUTOTUNE=0 to restore sweep)
[pin-autotune] pinned mode: 18 kernels / 30 (name,key) configs from registry (set NDM_PIN_TRITON_AUTOTUNE=0 to restore sweep)
[pin-autotune] pinned mode: 18 kernels / 30 (name,key) configs from registry (set NDM_PIN_TRITON_AUTOTUNE=0 to restore sweep)
[pin-autotune] pinned mode: 18 kernels / 30 (name,key) configs from registry (set NDM_PIN_TRITON_AUTOTUNE=0 to restore sweep)
[pin-autotune] pinned mode: 18 kernels / 30 (name,key) configs from registry (set NDM_PIN_TRITON_AUTOTUNE=0 to restore sweep)
[pin-autotune] pinned mode: 18 kernels / 30 (name,key) configs from registry (set NDM_PIN_TRITON_AUTOTUNE=0 to restore sweep)
[pin-autotune] pinned mode: 18 kernels / 30 (name,key) configs from registry (set NDM_PIN_TRITON_AUTOTUNE=0 to restore sweep)
[pin-autotune] pinned mode: 18 kernels / 30 (name,key) configs from registry (set NDM_PIN_TRITON_AUTOTUNE=0 to restore sweep)
[pin-autotune] pinned mode: 18 kernels / 30 (name,key) configs from registry (set NDM_PIN_TRITON_AUTOTUNE=0 to restore sweep)
[pin-autotune] pinned mode: 18 kernels / 30 (name,key) configs from registry (set NDM_PIN_TRITON_AUTOTUNE=0 to restore sweep)
[pin-autotune] pinned mode: 18 kernels / 30 (name,key) configs from registry (set NDM_PIN_TRITON_AUTOTUNE=0 to restore sweep)
[pin-autotune] pinned mode: 18 kernels / 30 (name,key) configs from registry (set NDM_PIN_TRITON_AUTOTUNE=0 to restore sweep)
[pin-autotune] pinned mode: 18 kernels / 30 (name,key) configs from registry (set NDM_PIN_TRITON_AUTOTUNE=0 to restore sweep)
[W707 06:42:22.726851120 socket.cpp:755] [c10d] The client socket cannot be initialized to connect to [frontier00007.frontier.olcf.ornl.gov]:51400 (errno: 97 - Address family not supported by protocol).
[W707 06:42:22.726913030 socket.cpp:755] [c10d] The client socket cannot be initialized to connect to [frontier00007.frontier.olcf.ornl.gov]:51400 (errno: 97 - Address family not supported by protocol).
[W707 06:42:22.727308057 socket.cpp:755] [c10d] The client socket cannot be initialized to connect to [frontier00007.frontier.olcf.ornl.gov]:51400 (errno: 97 - Address family not supported by protocol).
[W707 06:42:22.728156102 socket.cpp:755] [c10d] The client socket cannot be initialized to connect to [frontier00007.frontier.olcf.ornl.gov]:51400 (errno: 97 - Address family not supported by protocol).
[W707 06:42:22.728372282 socket.cpp:755] [c10d] The client socket cannot be initialized to connect to [frontier00007.frontier.olcf.ornl.gov]:51400 (errno: 97 - Address family not supported by protocol).
[W707 06:42:22.729250927 socket.cpp:755] [c10d] The client socket cannot be initialized to connect to [frontier00007.frontier.olcf.ornl.gov]:51400 (errno: 97 - Address family not supported by protocol).
[W707 06:42:22.730489120 socket.cpp:755] [c10d] The client socket cannot be initialized to connect to [frontier00007.frontier.olcf.ornl.gov]:51400 (errno: 97 - Address family not supported by protocol).
[W707 06:42:22.730920056 socket.cpp:755] [c10d] The client socket cannot be initialized to connect to [frontier00007.frontier.olcf.ornl.gov]:51400 (errno: 97 - Address family not supported by protocol).
[W707 06:42:23.539661250 socket.cpp:755] [c10d] The client socket cannot be initialized to connect to [frontier00007.frontier.olcf.ornl.gov]:51400 (errno: 97 - Address family not supported by protocol).
[W707 06:42:23.539672191 socket.cpp:755] [c10d] The client socket cannot be initialized to connect to [frontier00007.frontier.olcf.ornl.gov]:51400 (errno: 97 - Address family not supported by protocol).
[W707 06:42:23.539703732 socket.cpp:755] [c10d] The client socket cannot be initialized to connect to [frontier00007.frontier.olcf.ornl.gov]:51400 (errno: 97 - Address family not supported by protocol).
[W707 06:42:23.539708742 socket.cpp:755] [c10d] The client socket cannot be initialized to connect to [frontier00007.frontier.olcf.ornl.gov]:51400 (errno: 97 - Address family not supported by protocol).
[W707 06:42:23.539688683 socket.cpp:755] [c10d] The client socket cannot be initialized to connect to [frontier00007.frontier.olcf.ornl.gov]:51400 (errno: 97 - Address family not supported by protocol).
[W707 06:42:23.539681138 socket.cpp:755] [c10d] The client socket cannot be initialized to connect to [frontier00007.frontier.olcf.ornl.gov]:51400 (errno: 97 - Address family not supported by protocol).
[W707 06:42:23.539694494 socket.cpp:755] [c10d] The client socket cannot be initialized to connect to [frontier00007.frontier.olcf.ornl.gov]:51400 (errno: 97 - Address family not supported by protocol).
[W707 06:42:23.541261324 socket.cpp:755] [c10d] The client socket cannot be initialized to connect to [frontier00007.frontier.olcf.ornl.gov]:51400 (errno: 97 - Address family not supported by protocol).
[W707 06:42:23.817719342 socket.cpp:755] [c10d] The client socket cannot be initialized to connect to [frontier00007.frontier.olcf.ornl.gov]:51400 (errno: 97 - Address family not supported by protocol).
[W707 06:42:23.817722708 socket.cpp:755] [c10d] The client socket cannot be initialized to connect to [frontier00007.frontier.olcf.ornl.gov]:51400 (errno: 97 - Address family not supported by protocol).
[W707 06:42:23.818629012 socket.cpp:755] [c10d] The client socket cannot be initialized to connect to [frontier00007.frontier.olcf.ornl.gov]:51400 (errno: 97 - Address family not supported by protocol).
[W707 06:42:23.822977675 socket.cpp:755] [c10d] The client socket cannot be initialized to connect to [frontier00007.frontier.olcf.ornl.gov]:51400 (errno: 97 - Address family not supported by protocol).
[W707 06:42:23.827781169 socket.cpp:755] [c10d] The client socket cannot be initialized to connect to [frontier00007.frontier.olcf.ornl.gov]:51400 (errno: 97 - Address family not supported by protocol).
[W707 06:42:23.827778474 socket.cpp:755] [c10d] The client socket cannot be initialized to connect to [frontier00007.frontier.olcf.ornl.gov]:51400 (errno: 97 - Address family not supported by protocol).
[W707 06:42:23.828225659 socket.cpp:755] [c10d] The client socket cannot be initialized to connect to [frontier00007.frontier.olcf.ornl.gov]:51400 (errno: 97 - Address family not supported by protocol).
[W707 06:42:23.828566579 socket.cpp:755] [c10d] The client socket cannot be initialized to connect to [frontier00007.frontier.olcf.ornl.gov]:51400 (errno: 97 - Address family not supported by protocol).
[pin-autotune] pinned mode: 18 kernels / 30 (name,key) configs from registry (set NDM_PIN_TRITON_AUTOTUNE=0 to restore sweep)
[pin-autotune] pinned mode: 18 kernels / 30 (name,key) configs from registry (set NDM_PIN_TRITON_AUTOTUNE=0 to restore sweep)
[pin-autotune] pinned mode: 18 kernels / 30 (name,key) configs from registry (set NDM_PIN_TRITON_AUTOTUNE=0 to restore sweep)
[pin-autotune] pinned mode: 18 kernels / 30 (name,key) configs from registry (set NDM_PIN_TRITON_AUTOTUNE=0 to restore sweep)
[pin-autotune] pinned mode: 18 kernels / 30 (name,key) configs from registry (set NDM_PIN_TRITON_AUTOTUNE=0 to restore sweep)
[pin-autotune] pinned mode: 18 kernels / 30 (name,key) configs from registry (set NDM_PIN_TRITON_AUTOTUNE=0 to restore sweep)
[W707 06:42:23.993345486 socket.cpp:755] [c10d] The client socket cannot be initialized to connect to [frontier00007.frontier.olcf.ornl.gov]:51400 (errno: 97 - Address family not supported by protocol).
[W707 06:42:23.993401023 socket.cpp:755] [c10d] The client socket cannot be initialized to connect to [frontier00007.frontier.olcf.ornl.gov]:51400 (errno: 97 - Address family not supported by protocol).
[W707 06:42:23.993376065 socket.cpp:755] [c10d] The client socket cannot be initialized to connect to [frontier00007.frontier.olcf.ornl.gov]:51400 (errno: 97 - Address family not supported by protocol).
[W707 06:42:23.993416904 socket.cpp:755] [c10d] The client socket cannot be initialized to connect to [frontier00007.frontier.olcf.ornl.gov]:51400 (errno: 97 - Address family not supported by protocol).
[W707 06:42:23.993407386 socket.cpp:755] [c10d] The client socket cannot be initialized to connect to [frontier00007.frontier.olcf.ornl.gov]:51400 (errno: 97 - Address family not supported by protocol).
[W707 06:42:23.993394070 socket.cpp:755] [c10d] The client socket cannot be initialized to connect to [frontier00007.frontier.olcf.ornl.gov]:51400 (errno: 97 - Address family not supported by protocol).
[W707 06:42:23.993382848 socket.cpp:755] [c10d] The client socket cannot be initialized to connect to [frontier00007.frontier.olcf.ornl.gov]:51400 (errno: 97 - Address family not supported by protocol).
[W707 06:42:23.993849952 socket.cpp:755] [c10d] The client socket cannot be initialized to connect to [frontier00007.frontier.olcf.ornl.gov]:51400 (errno: 97 - Address family not supported by protocol).
[pin-autotune] pinned mode: 18 kernels / 30 (name,key) configs from registry (set NDM_PIN_TRITON_AUTOTUNE=0 to restore sweep)
[pin-autotune] pinned mode: 18 kernels / 30 (name,key) configs from registry (set NDM_PIN_TRITON_AUTOTUNE=0 to restore sweep)
[pin-autotune] pinned mode: 18 kernels / 30 (name,key) configs from registry (set NDM_PIN_TRITON_AUTOTUNE=0 to restore sweep)
[pin-autotune] pinned mode: 18 kernels / 30 (name,key) configs from registry (set NDM_PIN_TRITON_AUTOTUNE=0 to restore sweep)
[pin-autotune] pinned mode: 18 kernels / 30 (name,key) configs from registry (set NDM_PIN_TRITON_AUTOTUNE=0 to restore sweep)
[pin-autotune] pinned mode: 18 kernels / 30 (name,key) configs from registry (set NDM_PIN_TRITON_AUTOTUNE=0 to restore sweep)
[pin-autotune] pinned mode: 18 kernels / 30 (name,key) configs from registry (set NDM_PIN_TRITON_AUTOTUNE=0 to restore sweep)
[pin-autotune] pinned mode: 18 kernels / 30 (name,key) configs from registry (set NDM_PIN_TRITON_AUTOTUNE=0 to restore sweep)
[pin-autotune] pinned mode: 18 kernels / 30 (name,key) configs from registry (set NDM_PIN_TRITON_AUTOTUNE=0 to restore sweep)
[pin-autotune] pinned mode: 18 kernels / 30 (name,key) configs from registry (set NDM_PIN_TRITON_AUTOTUNE=0 to restore sweep)
[W707 06:42:23.321338618 socket.cpp:755] [c10d] The client socket cannot be initialized to connect to [frontier00007.frontier.olcf.ornl.gov]:51400 (errno: 97 - Address family not supported by protocol).
[W707 06:42:23.321325543 socket.cpp:755] [c10d] The client socket cannot be initialized to connect to [frontier00007.frontier.olcf.ornl.gov]:51400 (errno: 97 - Address family not supported by protocol).
[W707 06:42:23.321331574 socket.cpp:755] [c10d] The client socket cannot be initialized to connect to [frontier00007.frontier.olcf.ornl.gov]:51400 (errno: 97 - Address family not supported by protocol).
[W707 06:42:23.321333929 socket.cpp:755] [c10d] The client socket cannot be initialized to connect to [frontier00007.frontier.olcf.ornl.gov]:51400 (errno: 97 - Address family not supported by protocol).
[W707 06:42:23.325809217 socket.cpp:755] [c10d] The client socket cannot be initialized to connect to [frontier00007.frontier.olcf.ornl.gov]:51400 (errno: 97 - Address family not supported by protocol).
[W707 06:42:23.325875022 socket.cpp:755] [c10d] The client socket cannot be initialized to connect to [frontier00007.frontier.olcf.ornl.gov]:51400 (errno: 97 - Address family not supported by protocol).
[W707 06:42:23.326695438 socket.cpp:755] [c10d] The client socket cannot be initialized to connect to [frontier00007.frontier.olcf.ornl.gov]:51400 (errno: 97 - Address family not supported by protocol).
[W707 06:42:23.327615472 socket.cpp:755] [c10d] The client socket cannot be initialized to connect to [frontier00007.frontier.olcf.ornl.gov]:51400 (errno: 97 - Address family not supported by protocol).
[W707 06:42:23.773987419 socket.cpp:755] [c10d] The client socket cannot be initialized to connect to [frontier00007.frontier.olcf.ornl.gov]:51400 (errno: 97 - Address family not supported by protocol).
[W707 06:42:23.775101714 socket.cpp:755] [c10d] The client socket cannot be initialized to connect to [frontier00007.frontier.olcf.ornl.gov]:51400 (errno: 97 - Address family not supported by protocol).
[W707 06:42:23.775667904 socket.cpp:755] [c10d] The client socket cannot be initialized to connect to [frontier00007.frontier.olcf.ornl.gov]:51400 (errno: 97 - Address family not supported by protocol).
[W707 06:42:23.778078793 socket.cpp:755] [c10d] The client socket cannot be initialized to connect to [frontier00007.frontier.olcf.ornl.gov]:51400 (errno: 97 - Address family not supported by protocol).
[W707 06:42:23.784598639 socket.cpp:755] [c10d] The client socket cannot be initialized to connect to [frontier00007.frontier.olcf.ornl.gov]:51400 (errno: 97 - Address family not supported by protocol).
[W707 06:42:23.791237742 socket.cpp:755] [c10d] The client socket cannot be initialized to connect to [frontier00007.frontier.olcf.ornl.gov]:51400 (errno: 97 - Address family not supported by protocol).
[W707 06:42:23.800168245 socket.cpp:755] [c10d] The client socket cannot be initialized to connect to [frontier00007.frontier.olcf.ornl.gov]:51400 (errno: 97 - Address family not supported by protocol).
[W707 06:42:23.802286796 socket.cpp:755] [c10d] The client socket cannot be initialized to connect to [frontier00007.frontier.olcf.ornl.gov]:51400 (errno: 97 - Address family not supported by protocol).
[DiLoCo] world_size=64 backend=nccl; this is rank 0 on cuda:0
[DiLoCo] periodic model-weight averaging: K=40 outer_lr=1.0 outer_beta=0.0 (no per-step gradient all-reduce)
[DiLoCo] rank 0/64 bound to cuda:0
[DiLoCo] rank 19/64 bound to cuda:0
[DiLoCo] rank 20/64 bound to cuda:0
[DiLoCo] rank 31/64 bound to cuda:0
[DiLoCo] rank 25/64 bound to cuda:0
[DiLoCo] rank 3/64 bound to cuda:0
[DiLoCo] rank 2/64 bound to cuda:0
[DiLoCo] rank 24/64 bound to cuda:0
[DiLoCo] rank 28/64 bound to cuda:0
[DiLoCo] rank 26/64 bound to cuda:0
[DiLoCo] rank 4/64 bound to cuda:0
[DiLoCo] rank 7/64 bound to cuda:0
[DiLoCo] rank 1/64 bound to cuda:0
[DiLoCo] rank 5/64 bound to cuda:0
[DiLoCo] rank 6/64 bound to cuda:0
[DiLoCo] rank 47/64 bound to cuda:0
[DiLoCo] rank 41/64 bound to cuda:0
[DiLoCo] rank 45/64 bound to cuda:0
[DiLoCo] rank 46/64 bound to cuda:0
[DiLoCo] rank 51/64 bound to cuda:0
[DiLoCo] rank 53/64 bound to cuda:0
[DiLoCo] rank 55/64 bound to cuda:0
[DiLoCo] rank 49/64 bound to cuda:0
[DiLoCo] rank 54/64 bound to cuda:0
[DiLoCo] rank 43/64 bound to cuda:0
[DiLoCo] rank 32/64 bound to cuda:0
[DiLoCo] rank 35/64 bound to cuda:0
[DiLoCo] rank 37/64 bound to cuda:0
[DiLoCo] rank 8/64 bound to cuda:0
[DiLoCo] rank 39/64 bound to cuda:0
[DiLoCo] rank 11/64 bound to cuda:0
[DiLoCo] rank 33/64 bound to cuda:0
[DiLoCo] rank 13/64 bound to cuda:0
[DiLoCo] rank 34/64 bound to cuda:0
[DiLoCo] rank 15/64 bound to cuda:0
[DiLoCo] rank 36/64 bound to cuda:0
[DiLoCo] rank 9/64 bound to cuda:0
[DiLoCo] rank 38/64 bound to cuda:0
[DiLoCo] rank 10/64 bound to cuda:0
[DiLoCo] rank 40/64 bound to cuda:0
[DiLoCo] rank 12/64 bound to cuda:0
[DiLoCo] rank 44/64 bound to cuda:0
[DiLoCo] rank 14/64 bound to cuda:0
[DiLoCo] rank 42/64 bound to cuda:0
[DiLoCo] rank 48/64 bound to cuda:0
[DiLoCo] rank 50/64 bound to cuda:0
[DiLoCo] rank 52/64 bound to cuda:0
[DiLoCo] rank 27/64 bound to cuda:0
[DiLoCo] rank 29/64 bound to cuda:0
[DiLoCo] rank 61/64 bound to cuda:0
[DiLoCo] rank 58/64 bound to cuda:0
[DiLoCo] rank 60/64 bound to cuda:0
[DiLoCo] rank 57/64 bound to cuda:0
[DiLoCo] rank 56/64 bound to cuda:0
[DiLoCo] rank 59/64 bound to cuda:0
[DiLoCo] rank 62/64 bound to cuda:0
[DiLoCo] rank 63/64 bound to cuda:0
[DiLoCo] rank 21/64 bound to cuda:0
[DiLoCo] rank 23/64 bound to cuda:0
[DiLoCo] rank 17/64 bound to cuda:0
[DiLoCo] rank 22/64 bound to cuda:0
[DiLoCo] rank 30/64 bound to cuda:0
[DiLoCo] rank 16/64 bound to cuda:0
[DiLoCo] rank 18/64 bound to cuda:0
[final-checkpoint] armed: source=SLURM_JOB_END_TIME remaining_s=1134.3 margin_s=600.0 check_every=10 model_variant=level=E97,params_arg=100m,mlp_ratio=2.2623 head_rank=0/64
[fused-guard] rank 0/64: level=E97 bf16 use_triton=1 -> fused split-edit Triton kernel, NO eager fallback
Auto r_h_mode: none (level 0 has bounded/no W_h)
[fused-guard] rank 3/64: level=E97 bf16 use_triton=1 -> fused split-edit Triton kernel, NO eager fallback
Auto r_h_mode: none (level 0 has bounded/no W_h)
[fused-guard] rank 4/64: level=E97 bf16 use_triton=1 -> fused split-edit Triton kernel, NO eager fallback
Auto r_h_mode: none (level 0 has bounded/no W_h)
[fused-guard] rank 5/64: level=E97 bf16 use_triton=1 -> fused split-edit Triton kernel, NO eager fallback
Auto r_h_mode: none (level 0 has bounded/no W_h)
[fused-guard] rank 2/64: level=E97 bf16 use_triton=1 -> fused split-edit Triton kernel, NO eager fallback
Auto r_h_mode: none (level 0 has bounded/no W_h)
[fused-guard] rank 8/64: level=E97 bf16 use_triton=1 -> fused split-edit Triton kernel, NO eager fallback
Auto r_h_mode: none (level 0 has bounded/no W_h)
[fused-guard] rank 14/64: level=E97 bf16 use_triton=1 -> fused split-edit Triton kernel, NO eager fallback
Auto r_h_mode: none (level 0 has bounded/no W_h)
[fused-guard] rank 15/64: level=E97 bf16 use_triton=1 -> fused split-edit Triton kernel, NO eager fallback
Auto r_h_mode: none (level 0 has bounded/no W_h)
[fused-guard] rank 9/64: level=E97 bf16 use_triton=1 -> fused split-edit Triton kernel, NO eager fallback
Auto r_h_mode: none (level 0 has bounded/no W_h)
[fused-guard] rank 10/64: level=E97 bf16 use_triton=1 -> fused split-edit Triton kernel, NO eager fallback
Auto r_h_mode: none (level 0 has bounded/no W_h)
[fused-guard] rank 11/64: level=E97 bf16 use_triton=1 -> fused split-edit Triton kernel, NO eager fallback
Auto r_h_mode: none (level 0 has bounded/no W_h)
[fused-guard] rank 12/64: level=E97 bf16 use_triton=1 -> fused split-edit Triton kernel, NO eager fallback
Auto r_h_mode: none (level 0 has bounded/no W_h)
[fused-guard] rank 13/64: level=E97 bf16 use_triton=1 -> fused split-edit Triton kernel, NO eager fallback
Auto r_h_mode: none (level 0 has bounded/no W_h)
[fused-guard] rank 22/64: level=E97 bf16 use_triton=1 -> fused split-edit Triton kernel, NO eager fallback
Auto r_h_mode: none (level 0 has bounded/no W_h)
[fused-guard] rank 23/64: level=E97 bf16 use_triton=1 -> fused split-edit Triton kernel, NO eager fallback
Auto r_h_mode: none (level 0 has bounded/no W_h)
[fused-guard] rank 17/64: level=E97 bf16 use_triton=1 -> fused split-edit Triton kernel, NO eager fallback
Auto r_h_mode: none (level 0 has bounded/no W_h)
[fused-guard] rank 16/64: level=E97 bf16 use_triton=1 -> fused split-edit Triton kernel, NO eager fallback
Auto r_h_mode: none (level 0 has bounded/no W_h)
[fused-guard] rank 20/64: level=E97 bf16 use_triton=1 -> fused split-edit Triton kernel, NO eager fallback
Auto r_h_mode: none (level 0 has bounded/no W_h)
[fused-guard] rank 21/64: level=E97 bf16 use_triton=1 -> fused split-edit Triton kernel, NO eager fallback
[fused-guard] rank 18/64: level=E97 bf16 use_triton=1 -> fused split-edit Triton kernel, NO eager fallback
Auto r_h_mode: none (level 0 has bounded/no W_h)
Auto r_h_mode: none (level 0 has bounded/no W_h)
[fused-guard] rank 19/64: level=E97 bf16 use_triton=1 -> fused split-edit Triton kernel, NO eager fallback
Auto r_h_mode: none (level 0 has bounded/no W_h)
[fused-guard] rank 30/64: level=E97 bf16 use_triton=1 -> fused split-edit Triton kernel, NO eager fallback
Auto r_h_mode: none (level 0 has bounded/no W_h)
[fused-guard] rank 31/64: level=E97 bf16 use_triton=1 -> fused split-edit Triton kernel, NO eager fallback
Auto r_h_mode: none (level 0 has bounded/no W_h)
[fused-guard] rank 24/64: level=E97 bf16 use_triton=1 -> fused split-edit Triton kernel, NO eager fallback
Auto r_h_mode: none (level 0 has bounded/no W_h)
[fused-guard] rank 25/64: level=E97 bf16 use_triton=1 -> fused split-edit Triton kernel, NO eager fallback
Auto r_h_mode: none (level 0 has bounded/no W_h)
[fused-guard] rank 28/64: level=E97 bf16 use_triton=1 -> fused split-edit Triton kernel, NO eager fallback
Auto r_h_mode: none (level 0 has bounded/no W_h)
[fused-guard] rank 29/64: level=E97 bf16 use_triton=1 -> fused split-edit Triton kernel, NO eager fallback
Auto r_h_mode: none (level 0 has bounded/no W_h)
[fused-guard] rank 26/64: level=E97 bf16 use_triton=1 -> fused split-edit Triton kernel, NO eager fallback
Auto r_h_mode: none (level 0 has bounded/no W_h)
[fused-guard] rank 27/64: level=E97 bf16 use_triton=1 -> fused split-edit Triton kernel, NO eager fallback
Auto r_h_mode: none (level 0 has bounded/no W_h)
[fused-guard] rank 38/64: level=E97 bf16 use_triton=1 -> fused split-edit Triton kernel, NO eager fallback
Auto r_h_mode: none (level 0 has bounded/no W_h)
[fused-guard] rank 39/64: level=E97 bf16 use_triton=1 -> fused split-edit Triton kernel, NO eager fallback
Auto r_h_mode: none (level 0 has bounded/no W_h)
[fused-guard] rank 32/64: level=E97 bf16 use_triton=1 -> fused split-edit Triton kernel, NO eager fallback
Auto r_h_mode: none (level 0 has bounded/no W_h)
[fused-guard] rank 33/64: level=E97 bf16 use_triton=1 -> fused split-edit Triton kernel, NO eager fallback
Auto r_h_mode: none (level 0 has bounded/no W_h)
[fused-guard] rank 36/64: level=E97 bf16 use_triton=1 -> fused split-edit Triton kernel, NO eager fallback
Auto r_h_mode: none (level 0 has bounded/no W_h)
[fused-guard] rank 37/64: level=E97 bf16 use_triton=1 -> fused split-edit Triton kernel, NO eager fallback
Auto r_h_mode: none (level 0 has bounded/no W_h)
[fused-guard] rank 34/64: level=E97 bf16 use_triton=1 -> fused split-edit Triton kernel, NO eager fallback
[fused-guard] rank 35/64: level=E97 bf16 use_triton=1 -> fused split-edit Triton kernel, NO eager fallback
Auto r_h_mode: none (level 0 has bounded/no W_h)
Auto r_h_mode: none (level 0 has bounded/no W_h)
[fused-guard] rank 46/64: level=E97 bf16 use_triton=1 -> fused split-edit Triton kernel, NO eager fallback
Auto r_h_mode: none (level 0 has bounded/no W_h)
[fused-guard] rank 41/64: level=E97 bf16 use_triton=1 -> fused split-edit Triton kernel, NO eager fallback
Auto r_h_mode: none (level 0 has bounded/no W_h)
[fused-guard] rank 47/64: level=E97 bf16 use_triton=1 -> fused split-edit Triton kernel, NO eager fallback
Auto r_h_mode: none (level 0 has bounded/no W_h)
[fused-guard] rank 44/64: level=E97 bf16 use_triton=1 -> fused split-edit Triton kernel, NO eager fallback
Auto r_h_mode: none (level 0 has bounded/no W_h)
[fused-guard] rank 40/64: level=E97 bf16 use_triton=1 -> fused split-edit Triton kernel, NO eager fallback
Auto r_h_mode: none (level 0 has bounded/no W_h)
[fused-guard] rank 42/64: level=E97 bf16 use_triton=1 -> fused split-edit Triton kernel, NO eager fallback
Auto r_h_mode: none (level 0 has bounded/no W_h)
[fused-guard] rank 43/64: level=E97 bf16 use_triton=1 -> fused split-edit Triton kernel, NO eager fallback
Auto r_h_mode: none (level 0 has bounded/no W_h)
[fused-guard] rank 45/64: level=E97 bf16 use_triton=1 -> fused split-edit Triton kernel, NO eager fallback
Auto r_h_mode: none (level 0 has bounded/no W_h)
[fused-guard] rank 49/64: level=E97 bf16 use_triton=1 -> fused split-edit Triton kernel, NO eager fallback
[fused-guard] rank 54/64: level=E97 bf16 use_triton=1 -> fused split-edit Triton kernel, NO eager fallback
Auto r_h_mode: none (level 0 has bounded/no W_h)
[fused-guard] rank 55/64: level=E97 bf16 use_triton=1 -> fused split-edit Triton kernel, NO eager fallback
Auto r_h_mode: none (level 0 has bounded/no W_h)
Auto r_h_mode: none (level 0 has bounded/no W_h)
[fused-guard] rank 48/64: level=E97 bf16 use_triton=1 -> fused split-edit Triton kernel, NO eager fallback
Auto r_h_mode: none (level 0 has bounded/no W_h)
[fused-guard] rank 50/64: level=E97 bf16 use_triton=1 -> fused split-edit Triton kernel, NO eager fallback
Auto r_h_mode: none (level 0 has bounded/no W_h)
[fused-guard] rank 51/64: level=E97 bf16 use_triton=1 -> fused split-edit Triton kernel, NO eager fallback
Auto r_h_mode: none (level 0 has bounded/no W_h)
[fused-guard] rank 52/64: level=E97 bf16 use_triton=1 -> fused split-edit Triton kernel, NO eager fallback
[fused-guard] rank 53/64: level=E97 bf16 use_triton=1 -> fused split-edit Triton kernel, NO eager fallback
Auto r_h_mode: none (level 0 has bounded/no W_h)
Auto r_h_mode: none (level 0 has bounded/no W_h)
[fused-guard] rank 62/64: level=E97 bf16 use_triton=1 -> fused split-edit Triton kernel, NO eager fallback
Auto r_h_mode: none (level 0 has bounded/no W_h)
[fused-guard] rank 56/64: level=E97 bf16 use_triton=1 -> fused split-edit Triton kernel, NO eager fallback
Auto r_h_mode: none (level 0 has bounded/no W_h)
[fused-guard] rank 57/64: level=E97 bf16 use_triton=1 -> fused split-edit Triton kernel, NO eager fallback
Auto r_h_mode: none (level 0 has bounded/no W_h)
[fused-guard] rank 63/64: level=E97 bf16 use_triton=1 -> fused split-edit Triton kernel, NO eager fallback
Auto r_h_mode: none (level 0 has bounded/no W_h)
[fused-guard] rank 60/64: level=E97 bf16 use_triton=1 -> fused split-edit Triton kernel, NO eager fallback
Auto r_h_mode: none (level 0 has bounded/no W_h)
[fused-guard] rank 59/64: level=E97 bf16 use_triton=1 -> fused split-edit Triton kernel, NO eager fallback
Auto r_h_mode: none (level 0 has bounded/no W_h)
[fused-guard] rank 58/64: level=E97 bf16 use_triton=1 -> fused split-edit Triton kernel, NO eager fallback
Auto r_h_mode: none (level 0 has bounded/no W_h)
[fused-guard] rank 61/64: level=E97 bf16 use_triton=1 -> fused split-edit Triton kernel, NO eager fallback
Auto r_h_mode: none (level 0 has bounded/no W_h)
[fused-guard] rank 6/64: level=E97 bf16 use_triton=1 -> fused split-edit Triton kernel, NO eager fallback
Auto r_h_mode: none (level 0 has bounded/no W_h)
[fused-guard] rank 1/64: level=E97 bf16 use_triton=1 -> fused split-edit Triton kernel, NO eager fallback
Auto r_h_mode: none (level 0 has bounded/no W_h)
[fused-guard] rank 7/64: level=E97 bf16 use_triton=1 -> fused split-edit Triton kernel, NO eager fallback
Auto r_h_mode: none (level 0 has bounded/no W_h)
Tokenizer: p50k_base, vocab_size=50281
Tokenizer: p50k_base, vocab_size=50281
Tokenizer: p50k_base, vocab_size=50281
Tokenizer: p50k_base, vocab_size=50281
Tokenizer: p50k_base, vocab_size=50281
Tokenizer: p50k_base, vocab_size=50281
Tokenizer: p50k_base, vocab_size=50281
Tokenizer: p50k_base, vocab_size=50281
Tokenizer: p50k_base, vocab_size=50281
Tokenizer: p50k_base, vocab_size=50281
Tokenizer: p50k_base, vocab_size=50281
Tokenizer: p50k_base, vocab_size=50281
Tokenizer: p50k_base, vocab_size=50281
Tokenizer: p50k_base, vocab_size=50281
Tokenizer: p50k_base, vocab_size=50281
Tokenizer: p50k_base, vocab_size=50281
Tokenizer: p50k_base, vocab_size=50281
Tokenizer: p50k_base, vocab_size=50281
Tokenizer: p50k_base, vocab_size=50281
Tokenizer: p50k_base, vocab_size=50281
Tokenizer: p50k_base, vocab_size=50281
Tokenizer: p50k_base, vocab_size=50281
Tokenizer: p50k_base, vocab_size=50281
Tokenizer: p50k_base, vocab_size=50281
Tokenizer: p50k_base, vocab_size=50281
Tokenizer: p50k_base, vocab_size=50281
Tokenizer: p50k_base, vocab_size=50281
Tokenizer: p50k_base, vocab_size=50281
Tokenizer: p50k_base, vocab_size=50281
Tokenizer: p50k_base, vocab_size=50281
Tokenizer: p50k_base, vocab_size=50281
Tokenizer: p50k_base, vocab_size=50281
Tokenizer: p50k_base, vocab_size=50281
Tokenizer: p50k_base, vocab_size=50281
Tokenizer: p50k_base, vocab_size=50281
Tokenizer: p50k_base, vocab_size=50281
Tokenizer: p50k_base, vocab_size=50281
Tokenizer: p50k_base, vocab_size=50281
Tokenizer: p50k_base, vocab_size=50281
Tokenizer: p50k_base, vocab_size=50281
Tokenizer: p50k_base, vocab_size=50281
Tokenizer: p50k_base, vocab_size=50281
Tokenizer: p50k_base, vocab_size=50281
Tokenizer: p50k_base, vocab_size=50281
Tokenizer: p50k_base, vocab_size=50281
Tokenizer: p50k_base, vocab_size=50281
Tokenizer: p50k_base, vocab_size=50281
Tokenizer: p50k_base, vocab_size=50281
Tokenizer: p50k_base, vocab_size=50281
Tokenizer: p50k_base, vocab_size=50281
Tokenizer: p50k_base, vocab_size=50281
Tokenizer: p50k_base, vocab_size=50281
Tokenizer: p50k_base, vocab_size=50281
Tokenizer: p50k_base, vocab_size=50281
Tokenizer: p50k_base, vocab_size=50281
Tokenizer: p50k_base, vocab_size=50281
Tokenizer: p50k_base, vocab_size=50281
Tokenizer: p50k_base, vocab_size=50281
Tokenizer: p50k_base, vocab_size=50281
Tokenizer: p50k_base, vocab_size=50281
Tokenizer: p50k_base, vocab_size=50281
Tokenizer: p50k_base, vocab_size=50281
Tokenizer: p50k_base, vocab_size=50281
Tokenizer: p50k_base, vocab_size=50281
Run label prefix: emender_E97_1.3B (params_arg=100m, total_params=1,286,589,072, trainable_params=1,286,589,072)
Output directory: /lustre/orion/bif148/proj-shared/emender/frontier_runs/debug/trainpy_e97_step1065000_b4_smoke/20260707/E97_1.3B_step1065000_b4_k40_trainpy_smoke_8n/4951400-20260707T104124Z/train/emender_E97_1.3B_20260707_064235
[DiLoCo] broadcast rank-0 W_0 to all 64 ranks (identical start)
[DiLoCo-merge] topology=global bucket_numel=0
Model: Level E97, 1,286,589,072 parameters
Using schedule-free AdamW (lr=0.001007, warmup_steps=0)
Resuming from /lustre/orion/bif148/proj-shared/emender/checkpoints/emender_E97_1.3B_20260702_111457_step_1065000/latest.pt
Using schedule-free AdamW (lr=0.001007, warmup_steps=0)
Resuming from /lustre/orion/bif148/proj-shared/emender/checkpoints/emender_E97_1.3B_20260702_111457_step_1065000/latest.pt
Using schedule-free AdamW (lr=0.001007, warmup_steps=0)
Resuming from /lustre/orion/bif148/proj-shared/emender/checkpoints/emender_E97_1.3B_20260702_111457_step_1065000/latest.pt
Using schedule-free AdamW (lr=0.001007, warmup_steps=0)
Resuming from /lustre/orion/bif148/proj-shared/emender/checkpoints/emender_E97_1.3B_20260702_111457_step_1065000/latest.pt
Using schedule-free AdamW (lr=0.001007, warmup_steps=0)
Resuming from /lustre/orion/bif148/proj-shared/emender/checkpoints/emender_E97_1.3B_20260702_111457_step_1065000/latest.pt
Using schedule-free AdamW (lr=0.001007, warmup_steps=0)
Resuming from /lustre/orion/bif148/proj-shared/emender/checkpoints/emender_E97_1.3B_20260702_111457_step_1065000/latest.pt
Using schedule-free AdamW (lr=0.001007, warmup_steps=0)
Resuming from /lustre/orion/bif148/proj-shared/emender/checkpoints/emender_E97_1.3B_20260702_111457_step_1065000/latest.pt
Using schedule-free AdamW (lr=0.001007, warmup_steps=0)
Resuming from /lustre/orion/bif148/proj-shared/emender/checkpoints/emender_E97_1.3B_20260702_111457_step_1065000/latest.pt
Using schedule-free AdamW (lr=0.001007, warmup_steps=0)
Resuming from /lustre/orion/bif148/proj-shared/emender/checkpoints/emender_E97_1.3B_20260702_111457_step_1065000/latest.pt
Using schedule-free AdamW (lr=0.001007, warmup_steps=0)
Resuming from /lustre/orion/bif148/proj-shared/emender/checkpoints/emender_E97_1.3B_20260702_111457_step_1065000/latest.pt
Using schedule-free AdamW (lr=0.001007, warmup_steps=0)
Resuming from /lustre/orion/bif148/proj-shared/emender/checkpoints/emender_E97_1.3B_20260702_111457_step_1065000/latest.pt
Using schedule-free AdamW (lr=0.001007, warmup_steps=0)
Resuming from /lustre/orion/bif148/proj-shared/emender/checkpoints/emender_E97_1.3B_20260702_111457_step_1065000/latest.pt
Using schedule-free AdamW (lr=0.001007, warmup_steps=0)
Resuming from /lustre/orion/bif148/proj-shared/emender/checkpoints/emender_E97_1.3B_20260702_111457_step_1065000/latest.pt
Using schedule-free AdamW (lr=0.001007, warmup_steps=0)
Resuming from /lustre/orion/bif148/proj-shared/emender/checkpoints/emender_E97_1.3B_20260702_111457_step_1065000/latest.pt
Using schedule-free AdamW (lr=0.001007, warmup_steps=0)
Resuming from /lustre/orion/bif148/proj-shared/emender/checkpoints/emender_E97_1.3B_20260702_111457_step_1065000/latest.pt
Using schedule-free AdamW (lr=0.001007, warmup_steps=0)
Resuming from /lustre/orion/bif148/proj-shared/emender/checkpoints/emender_E97_1.3B_20260702_111457_step_1065000/latest.pt
Using schedule-free AdamW (lr=0.001007, warmup_steps=0)
Resuming from /lustre/orion/bif148/proj-shared/emender/checkpoints/emender_E97_1.3B_20260702_111457_step_1065000/latest.pt
Using schedule-free AdamW (lr=0.001007, warmup_steps=0)
Resuming from /lustre/orion/bif148/proj-shared/emender/checkpoints/emender_E97_1.3B_20260702_111457_step_1065000/latest.pt
Using schedule-free AdamW (lr=0.001007, warmup_steps=0)
Resuming from /lustre/orion/bif148/proj-shared/emender/checkpoints/emender_E97_1.3B_20260702_111457_step_1065000/latest.pt
Using schedule-free AdamW (lr=0.001007, warmup_steps=0)
Resuming from /lustre/orion/bif148/proj-shared/emender/checkpoints/emender_E97_1.3B_20260702_111457_step_1065000/latest.pt
Using schedule-free AdamW (lr=0.001007, warmup_steps=0)
Resuming from /lustre/orion/bif148/proj-shared/emender/checkpoints/emender_E97_1.3B_20260702_111457_step_1065000/latest.pt
Using schedule-free AdamW (lr=0.001007, warmup_steps=0)
Resuming from /lustre/orion/bif148/proj-shared/emender/checkpoints/emender_E97_1.3B_20260702_111457_step_1065000/latest.pt
Using schedule-free AdamW (lr=0.001007, warmup_steps=0)
Using schedule-free AdamW (lr=0.001007, warmup_steps=0)
Resuming from /lustre/orion/bif148/proj-shared/emender/checkpoints/emender_E97_1.3B_20260702_111457_step_1065000/latest.pt
Resuming from /lustre/orion/bif148/proj-shared/emender/checkpoints/emender_E97_1.3B_20260702_111457_step_1065000/latest.pt
Using schedule-free AdamW (lr=0.001007, warmup_steps=0)
Resuming from /lustre/orion/bif148/proj-shared/emender/checkpoints/emender_E97_1.3B_20260702_111457_step_1065000/latest.pt
Using schedule-free AdamW (lr=0.001007, warmup_steps=0)
Resuming from /lustre/orion/bif148/proj-shared/emender/checkpoints/emender_E97_1.3B_20260702_111457_step_1065000/latest.pt
Using schedule-free AdamW (lr=0.001007, warmup_steps=0)
Resuming from /lustre/orion/bif148/proj-shared/emender/checkpoints/emender_E97_1.3B_20260702_111457_step_1065000/latest.pt
Using schedule-free AdamW (lr=0.001007, warmup_steps=0)
Resuming from /lustre/orion/bif148/proj-shared/emender/checkpoints/emender_E97_1.3B_20260702_111457_step_1065000/latest.pt
Using schedule-free AdamW (lr=0.001007, warmup_steps=0)
Resuming from /lustre/orion/bif148/proj-shared/emender/checkpoints/emender_E97_1.3B_20260702_111457_step_1065000/latest.pt
Using schedule-free AdamW (lr=0.001007, warmup_steps=0)
Resuming from /lustre/orion/bif148/proj-shared/emender/checkpoints/emender_E97_1.3B_20260702_111457_step_1065000/latest.pt
Using schedule-free AdamW (lr=0.001007, warmup_steps=0)
Resuming from /lustre/orion/bif148/proj-shared/emender/checkpoints/emender_E97_1.3B_20260702_111457_step_1065000/latest.pt
Using schedule-free AdamW (lr=0.001007, warmup_steps=0)
Resuming from /lustre/orion/bif148/proj-shared/emender/checkpoints/emender_E97_1.3B_20260702_111457_step_1065000/latest.pt
Using schedule-free AdamW (lr=0.001007, warmup_steps=0)
Resuming from /lustre/orion/bif148/proj-shared/emender/checkpoints/emender_E97_1.3B_20260702_111457_step_1065000/latest.pt
Using schedule-free AdamW (lr=0.001007, warmup_steps=0)
Resuming from /lustre/orion/bif148/proj-shared/emender/checkpoints/emender_E97_1.3B_20260702_111457_step_1065000/latest.pt
Using schedule-free AdamW (lr=0.001007, warmup_steps=0)
Resuming from /lustre/orion/bif148/proj-shared/emender/checkpoints/emender_E97_1.3B_20260702_111457_step_1065000/latest.pt
Using schedule-free AdamW (lr=0.001007, warmup_steps=0)
Resuming from /lustre/orion/bif148/proj-shared/emender/checkpoints/emender_E97_1.3B_20260702_111457_step_1065000/latest.pt
Using schedule-free AdamW (lr=0.001007, warmup_steps=0)
Resuming from /lustre/orion/bif148/proj-shared/emender/checkpoints/emender_E97_1.3B_20260702_111457_step_1065000/latest.pt
Using schedule-free AdamW (lr=0.001007, warmup_steps=0)
Resuming from /lustre/orion/bif148/proj-shared/emender/checkpoints/emender_E97_1.3B_20260702_111457_step_1065000/latest.pt
Using schedule-free AdamW (lr=0.001007, warmup_steps=0)
Resuming from /lustre/orion/bif148/proj-shared/emender/checkpoints/emender_E97_1.3B_20260702_111457_step_1065000/latest.pt
Using schedule-free AdamW (lr=0.001007, warmup_steps=0)
Resuming from /lustre/orion/bif148/proj-shared/emender/checkpoints/emender_E97_1.3B_20260702_111457_step_1065000/latest.pt
Using schedule-free AdamW (lr=0.001007, warmup_steps=0)
Resuming from /lustre/orion/bif148/proj-shared/emender/checkpoints/emender_E97_1.3B_20260702_111457_step_1065000/latest.pt
Using schedule-free AdamW (lr=0.001007, warmup_steps=0)
Resuming from /lustre/orion/bif148/proj-shared/emender/checkpoints/emender_E97_1.3B_20260702_111457_step_1065000/latest.pt
Using schedule-free AdamW (lr=0.001007, warmup_steps=0)
Resuming from /lustre/orion/bif148/proj-shared/emender/checkpoints/emender_E97_1.3B_20260702_111457_step_1065000/latest.pt
Using schedule-free AdamW (lr=0.001007, warmup_steps=0)
Resuming from /lustre/orion/bif148/proj-shared/emender/checkpoints/emender_E97_1.3B_20260702_111457_step_1065000/latest.pt
Using schedule-free AdamW (lr=0.001007, warmup_steps=0)
Resuming from /lustre/orion/bif148/proj-shared/emender/checkpoints/emender_E97_1.3B_20260702_111457_step_1065000/latest.pt
Using schedule-free AdamW (lr=0.001007, warmup_steps=0)
Resuming from /lustre/orion/bif148/proj-shared/emender/checkpoints/emender_E97_1.3B_20260702_111457_step_1065000/latest.pt
Using schedule-free AdamW (lr=0.001007, warmup_steps=0)
Resuming from /lustre/orion/bif148/proj-shared/emender/checkpoints/emender_E97_1.3B_20260702_111457_step_1065000/latest.pt
Using schedule-free AdamW (lr=0.001007, warmup_steps=0)
Resuming from /lustre/orion/bif148/proj-shared/emender/checkpoints/emender_E97_1.3B_20260702_111457_step_1065000/latest.pt
Using schedule-free AdamW (lr=0.001007, warmup_steps=0)
Resuming from /lustre/orion/bif148/proj-shared/emender/checkpoints/emender_E97_1.3B_20260702_111457_step_1065000/latest.pt
Using schedule-free AdamW (lr=0.001007, warmup_steps=0)
Resuming from /lustre/orion/bif148/proj-shared/emender/checkpoints/emender_E97_1.3B_20260702_111457_step_1065000/latest.pt
Using schedule-free AdamW (lr=0.001007, warmup_steps=0)
Resuming from /lustre/orion/bif148/proj-shared/emender/checkpoints/emender_E97_1.3B_20260702_111457_step_1065000/latest.pt
Using schedule-free AdamW (lr=0.001007, warmup_steps=0)
Resuming from /lustre/orion/bif148/proj-shared/emender/checkpoints/emender_E97_1.3B_20260702_111457_step_1065000/latest.pt
Using schedule-free AdamW (lr=0.001007, warmup_steps=0)
Resuming from /lustre/orion/bif148/proj-shared/emender/checkpoints/emender_E97_1.3B_20260702_111457_step_1065000/latest.pt
Using schedule-free AdamW (lr=0.001007, warmup_steps=0)
Resuming from /lustre/orion/bif148/proj-shared/emender/checkpoints/emender_E97_1.3B_20260702_111457_step_1065000/latest.pt
Using schedule-free AdamW (lr=0.001007, warmup_steps=0)
Resuming from /lustre/orion/bif148/proj-shared/emender/checkpoints/emender_E97_1.3B_20260702_111457_step_1065000/latest.pt
Using schedule-free AdamW (lr=0.001007, warmup_steps=0)
Resuming from /lustre/orion/bif148/proj-shared/emender/checkpoints/emender_E97_1.3B_20260702_111457_step_1065000/latest.pt
Using schedule-free AdamW (lr=0.001007, warmup_steps=0)
Resuming from /lustre/orion/bif148/proj-shared/emender/checkpoints/emender_E97_1.3B_20260702_111457_step_1065000/latest.pt
Using schedule-free AdamW (lr=0.001007, warmup_steps=0)
Resuming from /lustre/orion/bif148/proj-shared/emender/checkpoints/emender_E97_1.3B_20260702_111457_step_1065000/latest.pt
Using schedule-free AdamW (lr=0.001007, warmup_steps=0)
Resuming from /lustre/orion/bif148/proj-shared/emender/checkpoints/emender_E97_1.3B_20260702_111457_step_1065000/latest.pt
Using schedule-free AdamW (lr=0.001007, warmup_steps=0)
Resuming from /lustre/orion/bif148/proj-shared/emender/checkpoints/emender_E97_1.3B_20260702_111457_step_1065000/latest.pt
Using schedule-free AdamW (lr=0.001007, warmup_steps=0)
Resuming from /lustre/orion/bif148/proj-shared/emender/checkpoints/emender_E97_1.3B_20260702_111457_step_1065000/latest.pt
Using schedule-free AdamW (lr=0.001007, warmup_steps=0)
Resuming from /lustre/orion/bif148/proj-shared/emender/checkpoints/emender_E97_1.3B_20260702_111457_step_1065000/latest.pt
Using schedule-free AdamW (lr=0.001007, warmup_steps=0)
Resuming from /lustre/orion/bif148/proj-shared/emender/checkpoints/emender_E97_1.3B_20260702_111457_step_1065000/latest.pt
Using schedule-free AdamW (lr=0.001007, warmup_steps=0)
Resuming from /lustre/orion/bif148/proj-shared/emender/checkpoints/emender_E97_1.3B_20260702_111457_step_1065000/latest.pt
Resumed at step 1065000
Compile/autotune warmup: 1 untimed fwd+bwd step(s)
Resumed at step 1065000
Resumed at step 1065000
Resumed at step 1065000
Resumed at step 1065000
Resumed at step 1065000
Resumed at step 1065000
Resumed at step 1065000
Resumed at step 1065000
Resumed at step 1065000
Compile/autotune warmup: 1 untimed fwd+bwd step(s)
Compile/autotune warmup: 1 untimed fwd+bwd step(s)
Compile/autotune warmup: 1 untimed fwd+bwd step(s)
Compile/autotune warmup: 1 untimed fwd+bwd step(s)
Compile/autotune warmup: 1 untimed fwd+bwd step(s)
Compile/autotune warmup: 1 untimed fwd+bwd step(s)
Compile/autotune warmup: 1 untimed fwd+bwd step(s)
Compile/autotune warmup: 1 untimed fwd+bwd step(s)
Compile/autotune warmup: 1 untimed fwd+bwd step(s)
Resumed at step 1065000
Resumed at step 1065000
Resumed at step 1065000
Compile/autotune warmup: 1 untimed fwd+bwd step(s)
Compile/autotune warmup: 1 untimed fwd+bwd step(s)
Compile/autotune warmup: 1 untimed fwd+bwd step(s)
Resumed at step 1065000
Resumed at step 1065000
Compile/autotune warmup: 1 untimed fwd+bwd step(s)
Compile/autotune warmup: 1 untimed fwd+bwd step(s)
Resumed at step 1065000
Resumed at step 1065000
Resumed at step 1065000
Resumed at step 1065000
Resumed at step 1065000
Resumed at step 1065000
Compile/autotune warmup: 1 untimed fwd+bwd step(s)
Compile/autotune warmup: 1 untimed fwd+bwd step(s)
Compile/autotune warmup: 1 untimed fwd+bwd step(s)
Compile/autotune warmup: 1 untimed fwd+bwd step(s)
Compile/autotune warmup: 1 untimed fwd+bwd step(s)
Compile/autotune warmup: 1 untimed fwd+bwd step(s)
Resumed at step 1065000
Resumed at step 1065000
Resumed at step 1065000
Compile/autotune warmup: 1 untimed fwd+bwd step(s)
Resumed at step 1065000
Compile/autotune warmup: 1 untimed fwd+bwd step(s)
Compile/autotune warmup: 1 untimed fwd+bwd step(s)
Resumed at step 1065000
Resumed at step 1065000
Compile/autotune warmup: 1 untimed fwd+bwd step(s)
Resumed at step 1065000
Resumed at step 1065000
Compile/autotune warmup: 1 untimed fwd+bwd step(s)
Resumed at step 1065000
Compile/autotune warmup: 1 untimed fwd+bwd step(s)
Compile/autotune warmup: 1 untimed fwd+bwd step(s)
Compile/autotune warmup: 1 untimed fwd+bwd step(s)
Resumed at step 1065000
Compile/autotune warmup: 1 untimed fwd+bwd step(s)
Resumed at step 1065000
Resumed at step 1065000
Resumed at step 1065000
Resumed at step 1065000
Compile/autotune warmup: 1 untimed fwd+bwd step(s)
Compile/autotune warmup: 1 untimed fwd+bwd step(s)
Compile/autotune warmup: 1 untimed fwd+bwd step(s)
Compile/autotune warmup: 1 untimed fwd+bwd step(s)
Compile/autotune warmup: 1 untimed fwd+bwd step(s)
Resumed at step 1065000
Resumed at step 1065000
Resumed at step 1065000
Resumed at step 1065000
[DiLoCo] outer optimizer: avg (stateless periodic averaging)
Compile/autotune warmup: 1 untimed fwd+bwd step(s)
Compile/autotune warmup: 1 untimed fwd+bwd step(s)
Compile/autotune warmup: 1 untimed fwd+bwd step(s)
Resumed at step 1065000
Resumed at step 1065000
Compile/autotune warmup: 1 untimed fwd+bwd step(s)
Resumed at step 1065000
Resumed at step 1065000
Resumed at step 1065000
Compile/autotune warmup: 1 untimed fwd+bwd step(s)
Compile/autotune warmup: 1 untimed fwd+bwd step(s)
Compile/autotune warmup: 1 untimed fwd+bwd step(s)
Compile/autotune warmup: 1 untimed fwd+bwd step(s)
Compile/autotune warmup: 1 untimed fwd+bwd step(s)
Resumed at step 1065000
Resumed at step 1065000
Compile/autotune warmup: 1 untimed fwd+bwd step(s)
Resumed at step 1065000
Compile/autotune warmup: 1 untimed fwd+bwd step(s)
Resumed at step 1065000
Compile/autotune warmup: 1 untimed fwd+bwd step(s)
Resumed at step 1065000
Resumed at step 1065000
Compile/autotune warmup: 1 untimed fwd+bwd step(s)
Compile/autotune warmup: 1 untimed fwd+bwd step(s)
Compile/autotune warmup: 1 untimed fwd+bwd step(s)
Resumed at step 1065000
Resumed at step 1065000
Resumed at step 1065000
Resumed at step 1065000
Resumed at step 1065000
Resumed at step 1065000
Compile/autotune warmup: 1 untimed fwd+bwd step(s)
Resumed at step 1065000
Resumed at step 1065000
Resumed at step 1065000
Resumed at step 1065000
Compile/autotune warmup: 1 untimed fwd+bwd step(s)
Compile/autotune warmup: 1 untimed fwd+bwd step(s)
Compile/autotune warmup: 1 untimed fwd+bwd step(s)
Compile/autotune warmup: 1 untimed fwd+bwd step(s)
Compile/autotune warmup: 1 untimed fwd+bwd step(s)
Compile/autotune warmup: 1 untimed fwd+bwd step(s)
Compile/autotune warmup: 1 untimed fwd+bwd step(s)
Compile/autotune warmup: 1 untimed fwd+bwd step(s)
Compile/autotune warmup: 1 untimed fwd+bwd step(s)
Resumed at step 1065000
Resumed at step 1065000
Compile/autotune warmup: 1 untimed fwd+bwd step(s)
Compile/autotune warmup: 1 untimed fwd+bwd step(s)
Resumed at step 1065000
Compile/autotune warmup: 1 untimed fwd+bwd step(s)
Resumed at step 1065000
Compile/autotune warmup: 1 untimed fwd+bwd step(s)
[e97-runtime] backend=hip path=e88-sequential-split-edit-triton use_triton=True use_chunked_e97=False e97_chunk_size=32 linear_state=False raw_write=False use_split_edit=True log_decay=True
[e97-runtime] backend=hip path=e88-sequential-split-edit-triton use_triton=True use_chunked_e97=False e97_chunk_size=32 linear_state=False raw_write=False use_split_edit=True log_decay=True
[e97-runtime] backend=hip path=e88-sequential-split-edit-triton use_triton=True use_chunked_e97=False e97_chunk_size=32 linear_state=False raw_write=False use_split_edit=True log_decay=True
[e97-runtime] backend=hip path=e88-sequential-split-edit-triton use_triton=True use_chunked_e97=False e97_chunk_size=32 linear_state=False raw_write=False use_split_edit=True log_decay=True
[e97-runtime] backend=hip path=e88-sequential-split-edit-triton use_triton=True use_chunked_e97=False e97_chunk_size=32 linear_state=False raw_write=False use_split_edit=True log_decay=True
[e97-runtime] backend=hip path=e88-sequential-split-edit-triton use_triton=True use_chunked_e97=False e97_chunk_size=32 linear_state=False raw_write=False use_split_edit=True log_decay=True
[e97-runtime] backend=hip path=e88-sequential-split-edit-triton use_triton=True use_chunked_e97=False e97_chunk_size=32 linear_state=False raw_write=False use_split_edit=True log_decay=True
[e97-runtime] backend=hip path=e88-sequential-split-edit-triton use_triton=True use_chunked_e97=False e97_chunk_size=32 linear_state=False raw_write=False use_split_edit=True log_decay=True
[e97-runtime] backend=hip path=e88-sequential-split-edit-triton use_triton=True use_chunked_e97=False e97_chunk_size=32 linear_state=False raw_write=False use_split_edit=True log_decay=True
[e97-runtime] backend=hip path=e88-sequential-split-edit-triton use_triton=True use_chunked_e97=False e97_chunk_size=32 linear_state=False raw_write=False use_split_edit=True log_decay=True
[e97-runtime] backend=hip path=e88-sequential-split-edit-triton use_triton=True use_chunked_e97=False e97_chunk_size=32 linear_state=False raw_write=False use_split_edit=True log_decay=True
[e97-runtime] backend=hip path=e88-sequential-split-edit-triton use_triton=True use_chunked_e97=False e97_chunk_size=32 linear_state=False raw_write=False use_split_edit=True log_decay=True
[e97-runtime] backend=hip path=e88-sequential-split-edit-triton use_triton=True use_chunked_e97=False e97_chunk_size=32 linear_state=False raw_write=False use_split_edit=True log_decay=True
[e97-runtime] backend=hip path=e88-sequential-split-edit-triton use_triton=True use_chunked_e97=False e97_chunk_size=32 linear_state=False raw_write=False use_split_edit=True log_decay=True
[e97-runtime] backend=hip path=e88-sequential-split-edit-triton use_triton=True use_chunked_e97=False e97_chunk_size=32 linear_state=False raw_write=False use_split_edit=True log_decay=True
[e97-runtime] backend=hip path=e88-sequential-split-edit-triton use_triton=True use_chunked_e97=False e97_chunk_size=32 linear_state=False raw_write=False use_split_edit=True log_decay=True
[e97-runtime] backend=hip path=e88-sequential-split-edit-triton use_triton=True use_chunked_e97=False e97_chunk_size=32 linear_state=False raw_write=False use_split_edit=True log_decay=True
[e97-runtime] backend=hip path=e88-sequential-split-edit-triton use_triton=True use_chunked_e97=False e97_chunk_size=32 linear_state=False raw_write=False use_split_edit=True log_decay=True
[e97-runtime] backend=hip path=e88-sequential-split-edit-triton use_triton=True use_chunked_e97=False e97_chunk_size=32 linear_state=False raw_write=False use_split_edit=True log_decay=True
[e97-runtime] backend=hip path=e88-sequential-split-edit-triton use_triton=True use_chunked_e97=False e97_chunk_size=32 linear_state=False raw_write=False use_split_edit=True log_decay=True
[e97-runtime] backend=hip path=e88-sequential-split-edit-triton use_triton=True use_chunked_e97=False e97_chunk_size=32 linear_state=False raw_write=False use_split_edit=True log_decay=True
[e97-runtime] backend=hip path=e88-sequential-split-edit-triton use_triton=True use_chunked_e97=False e97_chunk_size=32 linear_state=False raw_write=False use_split_edit=True log_decay=True
[e97-runtime] backend=hip path=e88-sequential-split-edit-triton use_triton=True use_chunked_e97=False e97_chunk_size=32 linear_state=False raw_write=False use_split_edit=True log_decay=True
[e97-runtime] backend=hip path=e88-sequential-split-edit-triton use_triton=True use_chunked_e97=False e97_chunk_size=32 linear_state=False raw_write=False use_split_edit=True log_decay=True
[e97-runtime] backend=hip path=e88-sequential-split-edit-triton use_triton=True use_chunked_e97=False e97_chunk_size=32 linear_state=False raw_write=False use_split_edit=True log_decay=True
[e97-runtime] backend=hip path=e88-sequential-split-edit-triton use_triton=True use_chunked_e97=False e97_chunk_size=32 linear_state=False raw_write=False use_split_edit=True log_decay=True
[e97-runtime] backend=hip path=e88-sequential-split-edit-triton use_triton=True use_chunked_e97=False e97_chunk_size=32 linear_state=False raw_write=False use_split_edit=True log_decay=True
[e97-runtime] backend=hip path=e88-sequential-split-edit-triton use_triton=True use_chunked_e97=False e97_chunk_size=32 linear_state=False raw_write=False use_split_edit=True log_decay=True
[e97-runtime] backend=hip path=e88-sequential-split-edit-triton use_triton=True use_chunked_e97=False e97_chunk_size=32 linear_state=False raw_write=False use_split_edit=True log_decay=True
[e97-runtime] backend=hip path=e88-sequential-split-edit-triton use_triton=True use_chunked_e97=False e97_chunk_size=32 linear_state=False raw_write=False use_split_edit=True log_decay=True
[e97-runtime] backend=hip path=e88-sequential-split-edit-triton use_triton=True use_chunked_e97=False e97_chunk_size=32 linear_state=False raw_write=False use_split_edit=True log_decay=True
[e97-runtime] backend=hip path=e88-sequential-split-edit-triton use_triton=True use_chunked_e97=False e97_chunk_size=32 linear_state=False raw_write=False use_split_edit=True log_decay=True
[e97-runtime] backend=hip path=e88-sequential-split-edit-triton use_triton=True use_chunked_e97=False e97_chunk_size=32 linear_state=False raw_write=False use_split_edit=True log_decay=True
[e97-runtime] backend=hip path=e88-sequential-split-edit-triton use_triton=True use_chunked_e97=False e97_chunk_size=32 linear_state=False raw_write=False use_split_edit=True log_decay=True
[e97-runtime] backend=hip path=e88-sequential-split-edit-triton use_triton=True use_chunked_e97=False e97_chunk_size=32 linear_state=False raw_write=False use_split_edit=True log_decay=True
[e97-runtime] backend=hip path=e88-sequential-split-edit-triton use_triton=True use_chunked_e97=False e97_chunk_size=32 linear_state=False raw_write=False use_split_edit=True log_decay=True
[e97-runtime] backend=hip path=e88-sequential-split-edit-triton use_triton=True use_chunked_e97=False e97_chunk_size=32 linear_state=False raw_write=False use_split_edit=True log_decay=True
[e97-runtime] backend=hip path=e88-sequential-split-edit-triton use_triton=True use_chunked_e97=False e97_chunk_size=32 linear_state=False raw_write=False use_split_edit=True log_decay=True
[e97-runtime] backend=hip path=e88-sequential-split-edit-triton use_triton=True use_chunked_e97=False e97_chunk_size=32 linear_state=False raw_write=False use_split_edit=True log_decay=True
[e97-runtime] backend=hip path=e88-sequential-split-edit-triton use_triton=True use_chunked_e97=False e97_chunk_size=32 linear_state=False raw_write=False use_split_edit=True log_decay=True
[e97-runtime] backend=hip path=e88-sequential-split-edit-triton use_triton=True use_chunked_e97=False e97_chunk_size=32 linear_state=False raw_write=False use_split_edit=True log_decay=True
[e97-runtime] backend=hip path=e88-sequential-split-edit-triton use_triton=True use_chunked_e97=False e97_chunk_size=32 linear_state=False raw_write=False use_split_edit=True log_decay=True
[e97-runtime] backend=hip path=e88-sequential-split-edit-triton use_triton=True use_chunked_e97=False e97_chunk_size=32 linear_state=False raw_write=False use_split_edit=True log_decay=True
[e97-runtime] backend=hip path=e88-sequential-split-edit-triton use_triton=True use_chunked_e97=False e97_chunk_size=32 linear_state=False raw_write=False use_split_edit=True log_decay=True
[e97-runtime] backend=hip path=e88-sequential-split-edit-triton use_triton=True use_chunked_e97=False e97_chunk_size=32 linear_state=False raw_write=False use_split_edit=True log_decay=True
[e97-runtime] backend=hip path=e88-sequential-split-edit-triton use_triton=True use_chunked_e97=False e97_chunk_size=32 linear_state=False raw_write=False use_split_edit=True log_decay=True
[e97-runtime] backend=hip path=e88-sequential-split-edit-triton use_triton=True use_chunked_e97=False e97_chunk_size=32 linear_state=False raw_write=False use_split_edit=True log_decay=True
[e97-runtime] backend=hip path=e88-sequential-split-edit-triton use_triton=True use_chunked_e97=False e97_chunk_size=32 linear_state=False raw_write=False use_split_edit=True log_decay=True
[e97-runtime] backend=hip path=e88-sequential-split-edit-triton use_triton=True use_chunked_e97=False e97_chunk_size=32 linear_state=False raw_write=False use_split_edit=True log_decay=True
[e97-runtime] backend=hip path=e88-sequential-split-edit-triton use_triton=True use_chunked_e97=False e97_chunk_size=32 linear_state=False raw_write=False use_split_edit=True log_decay=True
[e97-runtime] backend=hip path=e88-sequential-split-edit-triton use_triton=True use_chunked_e97=False e97_chunk_size=32 linear_state=False raw_write=False use_split_edit=True log_decay=True
[e97-runtime] backend=hip path=e88-sequential-split-edit-triton use_triton=True use_chunked_e97=False e97_chunk_size=32 linear_state=False raw_write=False use_split_edit=True log_decay=True
[e97-runtime] backend=hip path=e88-sequential-split-edit-triton use_triton=True use_chunked_e97=False e97_chunk_size=32 linear_state=False raw_write=False use_split_edit=True log_decay=True
[e97-runtime] backend=hip path=e88-sequential-split-edit-triton use_triton=True use_chunked_e97=False e97_chunk_size=32 linear_state=False raw_write=False use_split_edit=True log_decay=True
[e97-runtime] backend=hip path=e88-sequential-split-edit-triton use_triton=True use_chunked_e97=False e97_chunk_size=32 linear_state=False raw_write=False use_split_edit=True log_decay=True
[e97-runtime] backend=hip path=e88-sequential-split-edit-triton use_triton=True use_chunked_e97=False e97_chunk_size=32 linear_state=False raw_write=False use_split_edit=True log_decay=True
[e97-runtime] backend=hip path=e88-sequential-split-edit-triton use_triton=True use_chunked_e97=False e97_chunk_size=32 linear_state=False raw_write=False use_split_edit=True log_decay=True
[e97-runtime] backend=hip path=e88-sequential-split-edit-triton use_triton=True use_chunked_e97=False e97_chunk_size=32 linear_state=False raw_write=False use_split_edit=True log_decay=True
[e97-runtime] backend=hip path=e88-sequential-split-edit-triton use_triton=True use_chunked_e97=False e97_chunk_size=32 linear_state=False raw_write=False use_split_edit=True log_decay=True
[e97-runtime] backend=hip path=e88-sequential-split-edit-triton use_triton=True use_chunked_e97=False e97_chunk_size=32 linear_state=False raw_write=False use_split_edit=True log_decay=True
[e97-runtime] backend=hip path=e88-sequential-split-edit-triton use_triton=True use_chunked_e97=False e97_chunk_size=32 linear_state=False raw_write=False use_split_edit=True log_decay=True
[e97-runtime] backend=hip path=e88-sequential-split-edit-triton use_triton=True use_chunked_e97=False e97_chunk_size=32 linear_state=False raw_write=False use_split_edit=True log_decay=True
[e97-runtime] backend=hip path=e88-sequential-split-edit-triton use_triton=True use_chunked_e97=False e97_chunk_size=32 linear_state=False raw_write=False use_split_edit=True log_decay=True
[e97-runtime] backend=hip path=e88-sequential-split-edit-triton use_triton=True use_chunked_e97=False e97_chunk_size=32 linear_state=False raw_write=False use_split_edit=True log_decay=True
[e97-runtime] backend=hip path=e88-sequential-split-edit-triton use_triton=True use_chunked_e97=False e97_chunk_size=32 linear_state=False raw_write=False use_split_edit=True log_decay=True
[e97-runtime] backend=hip path=e88-sequential-split-edit-triton use_triton=True use_chunked_e97=False e97_chunk_size=32 linear_state=False raw_write=False use_split_edit=True log_decay=True
[e97-runtime] backend=hip path=e88-sequential-split-edit-triton use_triton=True use_chunked_e97=False e97_chunk_size=32 linear_state=False raw_write=False use_split_edit=True log_decay=True
[e97-runtime] backend=hip path=e88-sequential-split-edit-triton use_triton=True use_chunked_e97=False e97_chunk_size=32 linear_state=False raw_write=False use_split_edit=True log_decay=True
[e97-runtime] backend=hip path=e88-sequential-split-edit-triton use_triton=True use_chunked_e97=False e97_chunk_size=32 linear_state=False raw_write=False use_split_edit=True log_decay=True
[e97-runtime] backend=hip path=e88-sequential-split-edit-triton use_triton=True use_chunked_e97=False e97_chunk_size=32 linear_state=False raw_write=False use_split_edit=True log_decay=True
[e97-runtime] backend=hip path=e88-sequential-split-edit-triton use_triton=True use_chunked_e97=False e97_chunk_size=32 linear_state=False raw_write=False use_split_edit=True log_decay=True
[e97-runtime] backend=hip path=e88-sequential-split-edit-triton use_triton=True use_chunked_e97=False e97_chunk_size=32 linear_state=False raw_write=False use_split_edit=True log_decay=True
[e97-runtime] backend=hip path=e88-sequential-split-edit-triton use_triton=True use_chunked_e97=False e97_chunk_size=32 linear_state=False raw_write=False use_split_edit=True log_decay=True
[e97-runtime] backend=hip path=e88-sequential-split-edit-triton use_triton=True use_chunked_e97=False e97_chunk_size=32 linear_state=False raw_write=False use_split_edit=True log_decay=True
[e97-runtime] backend=hip path=e88-sequential-split-edit-triton use_triton=True use_chunked_e97=False e97_chunk_size=32 linear_state=False raw_write=False use_split_edit=True log_decay=True
[e97-runtime] backend=hip path=e88-sequential-split-edit-triton use_triton=True use_chunked_e97=False e97_chunk_size=32 linear_state=False raw_write=False use_split_edit=True log_decay=True
[e97-runtime] backend=hip path=e88-sequential-split-edit-triton use_triton=True use_chunked_e97=False e97_chunk_size=32 linear_state=False raw_write=False use_split_edit=True log_decay=True
[e97-runtime] backend=hip path=e88-sequential-split-edit-triton use_triton=True use_chunked_e97=False e97_chunk_size=32 linear_state=False raw_write=False use_split_edit=True log_decay=True
[e97-runtime] backend=hip path=e88-sequential-split-edit-triton use_triton=True use_chunked_e97=False e97_chunk_size=32 linear_state=False raw_write=False use_split_edit=True log_decay=True
[e97-runtime] backend=hip path=e88-sequential-split-edit-triton use_triton=True use_chunked_e97=False e97_chunk_size=32 linear_state=False raw_write=False use_split_edit=True log_decay=True
[e97-runtime] backend=hip path=e88-sequential-split-edit-triton use_triton=True use_chunked_e97=False e97_chunk_size=32 linear_state=False raw_write=False use_split_edit=True log_decay=True
[e97-runtime] backend=hip path=e88-sequential-split-edit-triton use_triton=True use_chunked_e97=False e97_chunk_size=32 linear_state=False raw_write=False use_split_edit=True log_decay=True
[e97-runtime] backend=hip path=e88-sequential-split-edit-triton use_triton=True use_chunked_e97=False e97_chunk_size=32 linear_state=False raw_write=False use_split_edit=True log_decay=True
[e97-runtime] backend=hip path=e88-sequential-split-edit-triton use_triton=True use_chunked_e97=False e97_chunk_size=32 linear_state=False raw_write=False use_split_edit=True log_decay=True
[e97-runtime] backend=hip path=e88-sequential-split-edit-triton use_triton=True use_chunked_e97=False e97_chunk_size=32 linear_state=False raw_write=False use_split_edit=True log_decay=True
[e97-runtime] backend=hip path=e88-sequential-split-edit-triton use_triton=True use_chunked_e97=False e97_chunk_size=32 linear_state=False raw_write=False use_split_edit=True log_decay=True
[e97-runtime] backend=hip path=e88-sequential-split-edit-triton use_triton=True use_chunked_e97=False e97_chunk_size=32 linear_state=False raw_write=False use_split_edit=True log_decay=True
[e97-runtime] backend=hip path=e88-sequential-split-edit-triton use_triton=True use_chunked_e97=False e97_chunk_size=32 linear_state=False raw_write=False use_split_edit=True log_decay=True
[e97-runtime] backend=hip path=e88-sequential-split-edit-triton use_triton=True use_chunked_e97=False e97_chunk_size=32 linear_state=False raw_write=False use_split_edit=True log_decay=True
[e97-runtime] backend=hip path=e88-sequential-split-edit-triton use_triton=True use_chunked_e97=False e97_chunk_size=32 linear_state=False raw_write=False use_split_edit=True log_decay=True
[e97-runtime] backend=hip path=e88-sequential-split-edit-triton use_triton=True use_chunked_e97=False e97_chunk_size=32 linear_state=False raw_write=False use_split_edit=True log_decay=True
[e97-runtime] backend=hip path=e88-sequential-split-edit-triton use_triton=True use_chunked_e97=False e97_chunk_size=32 linear_state=False raw_write=False use_split_edit=True log_decay=True
[e97-runtime] backend=hip path=e88-sequential-split-edit-triton use_triton=True use_chunked_e97=False e97_chunk_size=32 linear_state=False raw_write=False use_split_edit=True log_decay=True
[e97-runtime] backend=hip path=e88-sequential-split-edit-triton use_triton=True use_chunked_e97=False e97_chunk_size=32 linear_state=False raw_write=False use_split_edit=True log_decay=True
[e97-runtime] backend=hip path=e88-sequential-split-edit-triton use_triton=True use_chunked_e97=False e97_chunk_size=32 linear_state=False raw_write=False use_split_edit=True log_decay=True
[e97-runtime] backend=hip path=e88-sequential-split-edit-triton use_triton=True use_chunked_e97=False e97_chunk_size=32 linear_state=False raw_write=False use_split_edit=True log_decay=True
[e97-runtime] backend=hip path=e88-sequential-split-edit-triton use_triton=True use_chunked_e97=False e97_chunk_size=32 linear_state=False raw_write=False use_split_edit=True log_decay=True
[e97-runtime] backend=hip path=e88-sequential-split-edit-triton use_triton=True use_chunked_e97=False e97_chunk_size=32 linear_state=False raw_write=False use_split_edit=True log_decay=True
[e97-runtime] backend=hip path=e88-sequential-split-edit-triton use_triton=True use_chunked_e97=False e97_chunk_size=32 linear_state=False raw_write=False use_split_edit=True log_decay=True
[e97-runtime] backend=hip path=e88-sequential-split-edit-triton use_triton=True use_chunked_e97=False e97_chunk_size=32 linear_state=False raw_write=False use_split_edit=True log_decay=True
[e97-runtime] backend=hip path=e88-sequential-split-edit-triton use_triton=True use_chunked_e97=False e97_chunk_size=32 linear_state=False raw_write=False use_split_edit=True log_decay=True
[e97-runtime] backend=hip path=e88-sequential-split-edit-triton use_triton=True use_chunked_e97=False e97_chunk_size=32 linear_state=False raw_write=False use_split_edit=True log_decay=True
[e97-runtime] backend=hip path=e88-sequential-split-edit-triton use_triton=True use_chunked_e97=False e97_chunk_size=32 linear_state=False raw_write=False use_split_edit=True log_decay=True
[e97-runtime] backend=hip path=e88-sequential-split-edit-triton use_triton=True use_chunked_e97=False e97_chunk_size=32 linear_state=False raw_write=False use_split_edit=True log_decay=True
[e97-runtime] backend=hip path=e88-sequential-split-edit-triton use_triton=True use_chunked_e97=False e97_chunk_size=32 linear_state=False raw_write=False use_split_edit=True log_decay=True
[e97-runtime] backend=hip path=e88-sequential-split-edit-triton use_triton=True use_chunked_e97=False e97_chunk_size=32 linear_state=False raw_write=False use_split_edit=True log_decay=True
[e97-runtime] backend=hip path=e88-sequential-split-edit-triton use_triton=True use_chunked_e97=False e97_chunk_size=32 linear_state=False raw_write=False use_split_edit=True log_decay=True
[e97-runtime] backend=hip path=e88-sequential-split-edit-triton use_triton=True use_chunked_e97=False e97_chunk_size=32 linear_state=False raw_write=False use_split_edit=True log_decay=True
[e97-runtime] backend=hip path=e88-sequential-split-edit-triton use_triton=True use_chunked_e97=False e97_chunk_size=32 linear_state=False raw_write=False use_split_edit=True log_decay=True
[e97-runtime] backend=hip path=e88-sequential-split-edit-triton use_triton=True use_chunked_e97=False e97_chunk_size=32 linear_state=False raw_write=False use_split_edit=True log_decay=True
[e97-runtime] backend=hip path=e88-sequential-split-edit-triton use_triton=True use_chunked_e97=False e97_chunk_size=32 linear_state=False raw_write=False use_split_edit=True log_decay=True
[e97-runtime] backend=hip path=e88-sequential-split-edit-triton use_triton=True use_chunked_e97=False e97_chunk_size=32 linear_state=False raw_write=False use_split_edit=True log_decay=True
[e97-runtime] backend=hip path=e88-sequential-split-edit-triton use_triton=True use_chunked_e97=False e97_chunk_size=32 linear_state=False raw_write=False use_split_edit=True log_decay=True
[e97-runtime] backend=hip path=e88-sequential-split-edit-triton use_triton=True use_chunked_e97=False e97_chunk_size=32 linear_state=False raw_write=False use_split_edit=True log_decay=True
[e97-runtime] backend=hip path=e88-sequential-split-edit-triton use_triton=True use_chunked_e97=False e97_chunk_size=32 linear_state=False raw_write=False use_split_edit=True log_decay=True
[e97-runtime] backend=hip path=e88-sequential-split-edit-triton use_triton=True use_chunked_e97=False e97_chunk_size=32 linear_state=False raw_write=False use_split_edit=True log_decay=True
[e97-runtime] backend=hip path=e88-sequential-split-edit-triton use_triton=True use_chunked_e97=False e97_chunk_size=32 linear_state=False raw_write=False use_split_edit=True log_decay=True
[e97-runtime] backend=hip path=e88-sequential-split-edit-triton use_triton=True use_chunked_e97=False e97_chunk_size=32 linear_state=False raw_write=False use_split_edit=True log_decay=True
[e97-runtime] backend=hip path=e88-sequential-split-edit-triton use_triton=True use_chunked_e97=False e97_chunk_size=32 linear_state=False raw_write=False use_split_edit=True log_decay=True
[e97-runtime] backend=hip path=e88-sequential-split-edit-triton use_triton=True use_chunked_e97=False e97_chunk_size=32 linear_state=False raw_write=False use_split_edit=True log_decay=True
[e97-runtime] backend=hip path=e88-sequential-split-edit-triton use_triton=True use_chunked_e97=False e97_chunk_size=32 linear_state=False raw_write=False use_split_edit=True log_decay=True
[e97-runtime] backend=hip path=e88-sequential-split-edit-triton use_triton=True use_chunked_e97=False e97_chunk_size=32 linear_state=False raw_write=False use_split_edit=True log_decay=True
[e97-runtime] backend=hip path=e88-sequential-split-edit-triton use_triton=True use_chunked_e97=False e97_chunk_size=32 linear_state=False raw_write=False use_split_edit=True log_decay=True
[e97-runtime] backend=hip path=e88-sequential-split-edit-triton use_triton=True use_chunked_e97=False e97_chunk_size=32 linear_state=False raw_write=False use_split_edit=True log_decay=True
[e97-runtime] backend=hip path=e88-sequential-split-edit-triton use_triton=True use_chunked_e97=False e97_chunk_size=32 linear_state=False raw_write=False use_split_edit=True log_decay=True
[e97-runtime] backend=hip path=e88-sequential-split-edit-triton use_triton=True use_chunked_e97=False e97_chunk_size=32 linear_state=False raw_write=False use_split_edit=True log_decay=True
[e97-runtime] backend=hip path=e88-sequential-split-edit-triton use_triton=True use_chunked_e97=False e97_chunk_size=32 linear_state=False raw_write=False use_split_edit=True log_decay=True
[e97-runtime] backend=hip path=e88-sequential-split-edit-triton use_triton=True use_chunked_e97=False e97_chunk_size=32 linear_state=False raw_write=False use_split_edit=True log_decay=True
[e97-runtime] backend=hip path=e88-sequential-split-edit-triton use_triton=True use_chunked_e97=False e97_chunk_size=32 linear_state=False raw_write=False use_split_edit=True log_decay=True
[e97-runtime] backend=hip path=e88-sequential-split-edit-triton use_triton=True use_chunked_e97=False e97_chunk_size=32 linear_state=False raw_write=False use_split_edit=True log_decay=True
[e97-runtime] backend=hip path=e88-sequential-split-edit-triton use_triton=True use_chunked_e97=False e97_chunk_size=32 linear_state=False raw_write=False use_split_edit=True log_decay=True
[e97-runtime] backend=hip path=e88-sequential-split-edit-triton use_triton=True use_chunked_e97=False e97_chunk_size=32 linear_state=False raw_write=False use_split_edit=True log_decay=True
[e97-runtime] backend=hip path=e88-sequential-split-edit-triton use_triton=True use_chunked_e97=False e97_chunk_size=32 linear_state=False raw_write=False use_split_edit=True log_decay=True
[e97-runtime] backend=hip path=e88-sequential-split-edit-triton use_triton=True use_chunked_e97=False e97_chunk_size=32 linear_state=False raw_write=False use_split_edit=True log_decay=True
[e97-runtime] backend=hip path=e88-sequential-split-edit-triton use_triton=True use_chunked_e97=False e97_chunk_size=32 linear_state=False raw_write=False use_split_edit=True log_decay=True
[e97-runtime] backend=hip path=e88-sequential-split-edit-triton use_triton=True use_chunked_e97=False e97_chunk_size=32 linear_state=False raw_write=False use_split_edit=True log_decay=True
[e97-runtime] backend=hip path=e88-sequential-split-edit-triton use_triton=True use_chunked_e97=False e97_chunk_size=32 linear_state=False raw_write=False use_split_edit=True log_decay=True
[e97-runtime] backend=hip path=e88-sequential-split-edit-triton use_triton=True use_chunked_e97=False e97_chunk_size=32 linear_state=False raw_write=False use_split_edit=True log_decay=True
[e97-runtime] backend=hip path=e88-sequential-split-edit-triton use_triton=True use_chunked_e97=False e97_chunk_size=32 linear_state=False raw_write=False use_split_edit=True log_decay=True
[e97-runtime] backend=hip path=e88-sequential-split-edit-triton use_triton=True use_chunked_e97=False e97_chunk_size=32 linear_state=False raw_write=False use_split_edit=True log_decay=True
[e97-runtime] backend=hip path=e88-sequential-split-edit-triton use_triton=True use_chunked_e97=False e97_chunk_size=32 linear_state=False raw_write=False use_split_edit=True log_decay=True
[e97-runtime] backend=hip path=e88-sequential-split-edit-triton use_triton=True use_chunked_e97=False e97_chunk_size=32 linear_state=False raw_write=False use_split_edit=True log_decay=True
[e97-runtime] backend=hip path=e88-sequential-split-edit-triton use_triton=True use_chunked_e97=False e97_chunk_size=32 linear_state=False raw_write=False use_split_edit=True log_decay=True
[e97-runtime] backend=hip path=e88-sequential-split-edit-triton use_triton=True use_chunked_e97=False e97_chunk_size=32 linear_state=False raw_write=False use_split_edit=True log_decay=True
[e97-runtime] backend=hip path=e88-sequential-split-edit-triton use_triton=True use_chunked_e97=False e97_chunk_size=32 linear_state=False raw_write=False use_split_edit=True log_decay=True
[e97-runtime] backend=hip path=e88-sequential-split-edit-triton use_triton=True use_chunked_e97=False e97_chunk_size=32 linear_state=False raw_write=False use_split_edit=True log_decay=True
[e97-runtime] backend=hip path=e88-sequential-split-edit-triton use_triton=True use_chunked_e97=False e97_chunk_size=32 linear_state=False raw_write=False use_split_edit=True log_decay=True
[e97-runtime] backend=hip path=e88-sequential-split-edit-triton use_triton=True use_chunked_e97=False e97_chunk_size=32 linear_state=False raw_write=False use_split_edit=True log_decay=True
[e97-runtime] backend=hip path=e88-sequential-split-edit-triton use_triton=True use_chunked_e97=False e97_chunk_size=32 linear_state=False raw_write=False use_split_edit=True log_decay=True
[e97-runtime] backend=hip path=e88-sequential-split-edit-triton use_triton=True use_chunked_e97=False e97_chunk_size=32 linear_state=False raw_write=False use_split_edit=True log_decay=True
[e97-runtime] backend=hip path=e88-sequential-split-edit-triton use_triton=True use_chunked_e97=False e97_chunk_size=32 linear_state=False raw_write=False use_split_edit=True log_decay=True
[e97-runtime] backend=hip path=e88-sequential-split-edit-triton use_triton=True use_chunked_e97=False e97_chunk_size=32 linear_state=False raw_write=False use_split_edit=True log_decay=True
[e97-runtime] backend=hip path=e88-sequential-split-edit-triton use_triton=True use_chunked_e97=False e97_chunk_size=32 linear_state=False raw_write=False use_split_edit=True log_decay=True
[e97-runtime] backend=hip path=e88-sequential-split-edit-triton use_triton=True use_chunked_e97=False e97_chunk_size=32 linear_state=False raw_write=False use_split_edit=True log_decay=True
[e97-runtime] backend=hip path=e88-sequential-split-edit-triton use_triton=True use_chunked_e97=False e97_chunk_size=32 linear_state=False raw_write=False use_split_edit=True log_decay=True
[e97-runtime] backend=hip path=e88-sequential-split-edit-triton use_triton=True use_chunked_e97=False e97_chunk_size=32 linear_state=False raw_write=False use_split_edit=True log_decay=True
[e97-runtime] backend=hip path=e88-sequential-split-edit-triton use_triton=True use_chunked_e97=False e97_chunk_size=32 linear_state=False raw_write=False use_split_edit=True log_decay=True
[e97-runtime] backend=hip path=e88-sequential-split-edit-triton use_triton=True use_chunked_e97=False e97_chunk_size=32 linear_state=False raw_write=False use_split_edit=True log_decay=True
[e97-runtime] backend=hip path=e88-sequential-split-edit-triton use_triton=True use_chunked_e97=False e97_chunk_size=32 linear_state=False raw_write=False use_split_edit=True log_decay=True
[e97-runtime] backend=hip path=e88-sequential-split-edit-triton use_triton=True use_chunked_e97=False e97_chunk_size=32 linear_state=False raw_write=False use_split_edit=True log_decay=True
[e97-runtime] backend=hip path=e88-sequential-split-edit-triton use_triton=True use_chunked_e97=False e97_chunk_size=32 linear_state=False raw_write=False use_split_edit=True log_decay=True
[e97-runtime] backend=hip path=e88-sequential-split-edit-triton use_triton=True use_chunked_e97=False e97_chunk_size=32 linear_state=False raw_write=False use_split_edit=True log_decay=True
[e97-runtime] backend=hip path=e88-sequential-split-edit-triton use_triton=True use_chunked_e97=False e97_chunk_size=32 linear_state=False raw_write=False use_split_edit=True log_decay=True
[e97-runtime] backend=hip path=e88-sequential-split-edit-triton use_triton=True use_chunked_e97=False e97_chunk_size=32 linear_state=False raw_write=False use_split_edit=True log_decay=True
[e97-runtime] backend=hip path=e88-sequential-split-edit-triton use_triton=True use_chunked_e97=False e97_chunk_size=32 linear_state=False raw_write=False use_split_edit=True log_decay=True
[e97-runtime] backend=hip path=e88-sequential-split-edit-triton use_triton=True use_chunked_e97=False e97_chunk_size=32 linear_state=False raw_write=False use_split_edit=True log_decay=True
[e97-runtime] backend=hip path=e88-sequential-split-edit-triton use_triton=True use_chunked_e97=False e97_chunk_size=32 linear_state=False raw_write=False use_split_edit=True log_decay=True
[e97-runtime] backend=hip path=e88-sequential-split-edit-triton use_triton=True use_chunked_e97=False e97_chunk_size=32 linear_state=False raw_write=False use_split_edit=True log_decay=True
[e97-runtime] backend=hip path=e88-sequential-split-edit-triton use_triton=True use_chunked_e97=False e97_chunk_size=32 linear_state=False raw_write=False use_split_edit=True log_decay=True
[e97-runtime] backend=hip path=e88-sequential-split-edit-triton use_triton=True use_chunked_e97=False e97_chunk_size=32 linear_state=False raw_write=False use_split_edit=True log_decay=True
[e97-runtime] backend=hip path=e88-sequential-split-edit-triton use_triton=True use_chunked_e97=False e97_chunk_size=32 linear_state=False raw_write=False use_split_edit=True log_decay=True
[e97-runtime] backend=hip path=e88-sequential-split-edit-triton use_triton=True use_chunked_e97=False e97_chunk_size=32 linear_state=False raw_write=False use_split_edit=True log_decay=True
[e97-runtime] backend=hip path=e88-sequential-split-edit-triton use_triton=True use_chunked_e97=False e97_chunk_size=32 linear_state=False raw_write=False use_split_edit=True log_decay=True
[e97-runtime] backend=hip path=e88-sequential-split-edit-triton use_triton=True use_chunked_e97=False e97_chunk_size=32 linear_state=False raw_write=False use_split_edit=True log_decay=True
[e97-runtime] backend=hip path=e88-sequential-split-edit-triton use_triton=True use_chunked_e97=False e97_chunk_size=32 linear_state=False raw_write=False use_split_edit=True log_decay=True
[e97-runtime] backend=hip path=e88-sequential-split-edit-triton use_triton=True use_chunked_e97=False e97_chunk_size=32 linear_state=False raw_write=False use_split_edit=True log_decay=True
[e97-runtime] backend=hip path=e88-sequential-split-edit-triton use_triton=True use_chunked_e97=False e97_chunk_size=32 linear_state=False raw_write=False use_split_edit=True log_decay=True
[e97-runtime] backend=hip path=e88-sequential-split-edit-triton use_triton=True use_chunked_e97=False e97_chunk_size=32 linear_state=False raw_write=False use_split_edit=True log_decay=True
[e97-runtime] backend=hip path=e88-sequential-split-edit-triton use_triton=True use_chunked_e97=False e97_chunk_size=32 linear_state=False raw_write=False use_split_edit=True log_decay=True
[e97-runtime] backend=hip path=e88-sequential-split-edit-triton use_triton=True use_chunked_e97=False e97_chunk_size=32 linear_state=False raw_write=False use_split_edit=True log_decay=True
[e97-runtime] backend=hip path=e88-sequential-split-edit-triton use_triton=True use_chunked_e97=False e97_chunk_size=32 linear_state=False raw_write=False use_split_edit=True log_decay=True
[e97-runtime] backend=hip path=e88-sequential-split-edit-triton use_triton=True use_chunked_e97=False e97_chunk_size=32 linear_state=False raw_write=False use_split_edit=True log_decay=True
[e97-runtime] backend=hip path=e88-sequential-split-edit-triton use_triton=True use_chunked_e97=False e97_chunk_size=32 linear_state=False raw_write=False use_split_edit=True log_decay=True
[e97-runtime] backend=hip path=e88-sequential-split-edit-triton use_triton=True use_chunked_e97=False e97_chunk_size=32 linear_state=False raw_write=False use_split_edit=True log_decay=True
[e97-runtime] backend=hip path=e88-sequential-split-edit-triton use_triton=True use_chunked_e97=False e97_chunk_size=32 linear_state=False raw_write=False use_split_edit=True log_decay=True
[e97-runtime] backend=hip path=e88-sequential-split-edit-triton use_triton=True use_chunked_e97=False e97_chunk_size=32 linear_state=False raw_write=False use_split_edit=True log_decay=True
[e97-runtime] backend=hip path=e88-sequential-split-edit-triton use_triton=True use_chunked_e97=False e97_chunk_size=32 linear_state=False raw_write=False use_split_edit=True log_decay=True
[e97-runtime] backend=hip path=e88-sequential-split-edit-triton use_triton=True use_chunked_e97=False e97_chunk_size=32 linear_state=False raw_write=False use_split_edit=True log_decay=True
[e97-runtime] backend=hip path=e88-sequential-split-edit-triton use_triton=True use_chunked_e97=False e97_chunk_size=32 linear_state=False raw_write=False use_split_edit=True log_decay=True
[e97-runtime] backend=hip path=e88-sequential-split-edit-triton use_triton=True use_chunked_e97=False e97_chunk_size=32 linear_state=False raw_write=False use_split_edit=True log_decay=True
[e97-runtime] backend=hip path=e88-sequential-split-edit-triton use_triton=True use_chunked_e97=False e97_chunk_size=32 linear_state=False raw_write=False use_split_edit=True log_decay=True
[e97-runtime] backend=hip path=e88-sequential-split-edit-triton use_triton=True use_chunked_e97=False e97_chunk_size=32 linear_state=False raw_write=False use_split_edit=True log_decay=True
[e97-runtime] backend=hip path=e88-sequential-split-edit-triton use_triton=True use_chunked_e97=False e97_chunk_size=32 linear_state=False raw_write=False use_split_edit=True log_decay=True
[e97-runtime] backend=hip path=e88-sequential-split-edit-triton use_triton=True use_chunked_e97=False e97_chunk_size=32 linear_state=False raw_write=False use_split_edit=True log_decay=True
[e97-runtime] backend=hip path=e88-sequential-split-edit-triton use_triton=True use_chunked_e97=False e97_chunk_size=32 linear_state=False raw_write=False use_split_edit=True log_decay=True
[e97-runtime] backend=hip path=e88-sequential-split-edit-triton use_triton=True use_chunked_e97=False e97_chunk_size=32 linear_state=False raw_write=False use_split_edit=True log_decay=True
[e97-runtime] backend=hip path=e88-sequential-split-edit-triton use_triton=True use_chunked_e97=False e97_chunk_size=32 linear_state=False raw_write=False use_split_edit=True log_decay=True
[e97-runtime] backend=hip path=e88-sequential-split-edit-triton use_triton=True use_chunked_e97=False e97_chunk_size=32 linear_state=False raw_write=False use_split_edit=True log_decay=True
[e97-runtime] backend=hip path=e88-sequential-split-edit-triton use_triton=True use_chunked_e97=False e97_chunk_size=32 linear_state=False raw_write=False use_split_edit=True log_decay=True
[e97-runtime] backend=hip path=e88-sequential-split-edit-triton use_triton=True use_chunked_e97=False e97_chunk_size=32 linear_state=False raw_write=False use_split_edit=True log_decay=True
[e97-runtime] backend=hip path=e88-sequential-split-edit-triton use_triton=True use_chunked_e97=False e97_chunk_size=32 linear_state=False raw_write=False use_split_edit=True log_decay=True
[e97-runtime] backend=hip path=e88-sequential-split-edit-triton use_triton=True use_chunked_e97=False e97_chunk_size=32 linear_state=False raw_write=False use_split_edit=True log_decay=True
[e97-runtime] backend=hip path=e88-sequential-split-edit-triton use_triton=True use_chunked_e97=False e97_chunk_size=32 linear_state=False raw_write=False use_split_edit=True log_decay=True
[e97-runtime] backend=hip path=e88-sequential-split-edit-triton use_triton=True use_chunked_e97=False e97_chunk_size=32 linear_state=False raw_write=False use_split_edit=True log_decay=True
[e97-runtime] backend=hip path=e88-sequential-split-edit-triton use_triton=True use_chunked_e97=False e97_chunk_size=32 linear_state=False raw_write=False use_split_edit=True log_decay=True
[e97-runtime] backend=hip path=e88-sequential-split-edit-triton use_triton=True use_chunked_e97=False e97_chunk_size=32 linear_state=False raw_write=False use_split_edit=True log_decay=True
[e97-runtime] backend=hip path=e88-sequential-split-edit-triton use_triton=True use_chunked_e97=False e97_chunk_size=32 linear_state=False raw_write=False use_split_edit=True log_decay=True
[e97-runtime] backend=hip path=e88-sequential-split-edit-triton use_triton=True use_chunked_e97=False e97_chunk_size=32 linear_state=False raw_write=False use_split_edit=True log_decay=True
[e97-runtime] backend=hip path=e88-sequential-split-edit-triton use_triton=True use_chunked_e97=False e97_chunk_size=32 linear_state=False raw_write=False use_split_edit=True log_decay=True
[e97-runtime] backend=hip path=e88-sequential-split-edit-triton use_triton=True use_chunked_e97=False e97_chunk_size=32 linear_state=False raw_write=False use_split_edit=True log_decay=True
[e97-runtime] backend=hip path=e88-sequential-split-edit-triton use_triton=True use_chunked_e97=False e97_chunk_size=32 linear_state=False raw_write=False use_split_edit=True log_decay=True
[e97-runtime] backend=hip path=e88-sequential-split-edit-triton use_triton=True use_chunked_e97=False e97_chunk_size=32 linear_state=False raw_write=False use_split_edit=True log_decay=True
[e97-runtime] backend=hip path=e88-sequential-split-edit-triton use_triton=True use_chunked_e97=False e97_chunk_size=32 linear_state=False raw_write=False use_split_edit=True log_decay=True
[e97-runtime] backend=hip path=e88-sequential-split-edit-triton use_triton=True use_chunked_e97=False e97_chunk_size=32 linear_state=False raw_write=False use_split_edit=True log_decay=True
[e97-runtime] backend=hip path=e88-sequential-split-edit-triton use_triton=True use_chunked_e97=False e97_chunk_size=32 linear_state=False raw_write=False use_split_edit=True log_decay=True
[e97-runtime] backend=hip path=e88-sequential-split-edit-triton use_triton=True use_chunked_e97=False e97_chunk_size=32 linear_state=False raw_write=False use_split_edit=True log_decay=True
[e97-runtime] backend=hip path=e88-sequential-split-edit-triton use_triton=True use_chunked_e97=False e97_chunk_size=32 linear_state=False raw_write=False use_split_edit=True log_decay=True
[e97-runtime] backend=hip path=e88-sequential-split-edit-triton use_triton=True use_chunked_e97=False e97_chunk_size=32 linear_state=False raw_write=False use_split_edit=True log_decay=True
[e97-runtime] backend=hip path=e88-sequential-split-edit-triton use_triton=True use_chunked_e97=False e97_chunk_size=32 linear_state=False raw_write=False use_split_edit=True log_decay=True
[e97-runtime] backend=hip path=e88-sequential-split-edit-triton use_triton=True use_chunked_e97=False e97_chunk_size=32 linear_state=False raw_write=False use_split_edit=True log_decay=True
[e97-runtime] backend=hip path=e88-sequential-split-edit-triton use_triton=True use_chunked_e97=False e97_chunk_size=32 linear_state=False raw_write=False use_split_edit=True log_decay=True
[e97-runtime] backend=hip path=e88-sequential-split-edit-triton use_triton=True use_chunked_e97=False e97_chunk_size=32 linear_state=False raw_write=False use_split_edit=True log_decay=True
[e97-runtime] backend=hip path=e88-sequential-split-edit-triton use_triton=True use_chunked_e97=False e97_chunk_size=32 linear_state=False raw_write=False use_split_edit=True log_decay=True
[e97-runtime] backend=hip path=e88-sequential-split-edit-triton use_triton=True use_chunked_e97=False e97_chunk_size=32 linear_state=False raw_write=False use_split_edit=True log_decay=True
[e97-runtime] backend=hip path=e88-sequential-split-edit-triton use_triton=True use_chunked_e97=False e97_chunk_size=32 linear_state=False raw_write=False use_split_edit=True log_decay=True
[e97-runtime] backend=hip path=e88-sequential-split-edit-triton use_triton=True use_chunked_e97=False e97_chunk_size=32 linear_state=False raw_write=False use_split_edit=True log_decay=True
[e97-runtime] backend=hip path=e88-sequential-split-edit-triton use_triton=True use_chunked_e97=False e97_chunk_size=32 linear_state=False raw_write=False use_split_edit=True log_decay=True
[e97-runtime] backend=hip path=e88-sequential-split-edit-triton use_triton=True use_chunked_e97=False e97_chunk_size=32 linear_state=False raw_write=False use_split_edit=True log_decay=True
[e97-runtime] backend=hip path=e88-sequential-split-edit-triton use_triton=True use_chunked_e97=False e97_chunk_size=32 linear_state=False raw_write=False use_split_edit=True log_decay=True
[e97-runtime] backend=hip path=e88-sequential-split-edit-triton use_triton=True use_chunked_e97=False e97_chunk_size=32 linear_state=False raw_write=False use_split_edit=True log_decay=True
[e97-runtime] backend=hip path=e88-sequential-split-edit-triton use_triton=True use_chunked_e97=False e97_chunk_size=32 linear_state=False raw_write=False use_split_edit=True log_decay=True
[e97-runtime] backend=hip path=e88-sequential-split-edit-triton use_triton=True use_chunked_e97=False e97_chunk_size=32 linear_state=False raw_write=False use_split_edit=True log_decay=True
[e97-runtime] backend=hip path=e88-sequential-split-edit-triton use_triton=True use_chunked_e97=False e97_chunk_size=32 linear_state=False raw_write=False use_split_edit=True log_decay=True
[e97-runtime] backend=hip path=e88-sequential-split-edit-triton use_triton=True use_chunked_e97=False e97_chunk_size=32 linear_state=False raw_write=False use_split_edit=True log_decay=True
[e97-runtime] backend=hip path=e88-sequential-split-edit-triton use_triton=True use_chunked_e97=False e97_chunk_size=32 linear_state=False raw_write=False use_split_edit=True log_decay=True
[e97-runtime] backend=hip path=e88-sequential-split-edit-triton use_triton=True use_chunked_e97=False e97_chunk_size=32 linear_state=False raw_write=False use_split_edit=True log_decay=True
[e97-runtime] backend=hip path=e88-sequential-split-edit-triton use_triton=True use_chunked_e97=False e97_chunk_size=32 linear_state=False raw_write=False use_split_edit=True log_decay=True
[e97-runtime] backend=hip path=e88-sequential-split-edit-triton use_triton=True use_chunked_e97=False e97_chunk_size=32 linear_state=False raw_write=False use_split_edit=True log_decay=True
[e97-runtime] backend=hip path=e88-sequential-split-edit-triton use_triton=True use_chunked_e97=False e97_chunk_size=32 linear_state=False raw_write=False use_split_edit=True log_decay=True
[e97-runtime] backend=hip path=e88-sequential-split-edit-triton use_triton=True use_chunked_e97=False e97_chunk_size=32 linear_state=False raw_write=False use_split_edit=True log_decay=True
[e97-runtime] backend=hip path=e88-sequential-split-edit-triton use_triton=True use_chunked_e97=False e97_chunk_size=32 linear_state=False raw_write=False use_split_edit=True log_decay=True
[e97-runtime] backend=hip path=e88-sequential-split-edit-triton use_triton=True use_chunked_e97=False e97_chunk_size=32 linear_state=False raw_write=False use_split_edit=True log_decay=True
[e97-runtime] backend=hip path=e88-sequential-split-edit-triton use_triton=True use_chunked_e97=False e97_chunk_size=32 linear_state=False raw_write=False use_split_edit=True log_decay=True
[e97-runtime] backend=hip path=e88-sequential-split-edit-triton use_triton=True use_chunked_e97=False e97_chunk_size=32 linear_state=False raw_write=False use_split_edit=True log_decay=True
[e97-runtime] backend=hip path=e88-sequential-split-edit-triton use_triton=True use_chunked_e97=False e97_chunk_size=32 linear_state=False raw_write=False use_split_edit=True log_decay=True
[e97-runtime] backend=hip path=e88-sequential-split-edit-triton use_triton=True use_chunked_e97=False e97_chunk_size=32 linear_state=False raw_write=False use_split_edit=True log_decay=True
[e97-runtime] backend=hip path=e88-sequential-split-edit-triton use_triton=True use_chunked_e97=False e97_chunk_size=32 linear_state=False raw_write=False use_split_edit=True log_decay=True
[e97-runtime] backend=hip path=e88-sequential-split-edit-triton use_triton=True use_chunked_e97=False e97_chunk_size=32 linear_state=False raw_write=False use_split_edit=True log_decay=True
[e97-runtime] backend=hip path=e88-sequential-split-edit-triton use_triton=True use_chunked_e97=False e97_chunk_size=32 linear_state=False raw_write=False use_split_edit=True log_decay=True
[e97-runtime] backend=hip path=e88-sequential-split-edit-triton use_triton=True use_chunked_e97=False e97_chunk_size=32 linear_state=False raw_write=False use_split_edit=True log_decay=True
[e97-runtime] backend=hip path=e88-sequential-split-edit-triton use_triton=True use_chunked_e97=False e97_chunk_size=32 linear_state=False raw_write=False use_split_edit=True log_decay=True
[e97-runtime] backend=hip path=e88-sequential-split-edit-triton use_triton=True use_chunked_e97=False e97_chunk_size=32 linear_state=False raw_write=False use_split_edit=True log_decay=True
[e97-runtime] backend=hip path=e88-sequential-split-edit-triton use_triton=True use_chunked_e97=False e97_chunk_size=32 linear_state=False raw_write=False use_split_edit=True log_decay=True
[e97-runtime] backend=hip path=e88-sequential-split-edit-triton use_triton=True use_chunked_e97=False e97_chunk_size=32 linear_state=False raw_write=False use_split_edit=True log_decay=True
[e97-runtime] backend=hip path=e88-sequential-split-edit-triton use_triton=True use_chunked_e97=False e97_chunk_size=32 linear_state=False raw_write=False use_split_edit=True log_decay=True
[e97-runtime] backend=hip path=e88-sequential-split-edit-triton use_triton=True use_chunked_e97=False e97_chunk_size=32 linear_state=False raw_write=False use_split_edit=True log_decay=True
[e97-runtime] backend=hip path=e88-sequential-split-edit-triton use_triton=True use_chunked_e97=False e97_chunk_size=32 linear_state=False raw_write=False use_split_edit=True log_decay=True
[e97-runtime] backend=hip path=e88-sequential-split-edit-triton use_triton=True use_chunked_e97=False e97_chunk_size=32 linear_state=False raw_write=False use_split_edit=True log_decay=True
[e97-runtime] backend=hip path=e88-sequential-split-edit-triton use_triton=True use_chunked_e97=False e97_chunk_size=32 linear_state=False raw_write=False use_split_edit=True log_decay=True
[e97-runtime] backend=hip path=e88-sequential-split-edit-triton use_triton=True use_chunked_e97=False e97_chunk_size=32 linear_state=False raw_write=False use_split_edit=True log_decay=True
[e97-runtime] backend=hip path=e88-sequential-split-edit-triton use_triton=True use_chunked_e97=False e97_chunk_size=32 linear_state=False raw_write=False use_split_edit=True log_decay=True
[e97-runtime] backend=hip path=e88-sequential-split-edit-triton use_triton=True use_chunked_e97=False e97_chunk_size=32 linear_state=False raw_write=False use_split_edit=True log_decay=True
[e97-runtime] backend=hip path=e88-sequential-split-edit-triton use_triton=True use_chunked_e97=False e97_chunk_size=32 linear_state=False raw_write=False use_split_edit=True log_decay=True
[e97-runtime] backend=hip path=e88-sequential-split-edit-triton use_triton=True use_chunked_e97=False e97_chunk_size=32 linear_state=False raw_write=False use_split_edit=True log_decay=True
[e97-runtime] backend=hip path=e88-sequential-split-edit-triton use_triton=True use_chunked_e97=False e97_chunk_size=32 linear_state=False raw_write=False use_split_edit=True log_decay=True
[e97-runtime] backend=hip path=e88-sequential-split-edit-triton use_triton=True use_chunked_e97=False e97_chunk_size=32 linear_state=False raw_write=False use_split_edit=True log_decay=True
[e97-runtime] backend=hip path=e88-sequential-split-edit-triton use_triton=True use_chunked_e97=False e97_chunk_size=32 linear_state=False raw_write=False use_split_edit=True log_decay=True
[e97-runtime] backend=hip path=e88-sequential-split-edit-triton use_triton=True use_chunked_e97=False e97_chunk_size=32 linear_state=False raw_write=False use_split_edit=True log_decay=True
[e97-runtime] backend=hip path=e88-sequential-split-edit-triton use_triton=True use_chunked_e97=False e97_chunk_size=32 linear_state=False raw_write=False use_split_edit=True log_decay=True
[e97-runtime] backend=hip path=e88-sequential-split-edit-triton use_triton=True use_chunked_e97=False e97_chunk_size=32 linear_state=False raw_write=False use_split_edit=True log_decay=True
[e97-runtime] backend=hip path=e88-sequential-split-edit-triton use_triton=True use_chunked_e97=False e97_chunk_size=32 linear_state=False raw_write=False use_split_edit=True log_decay=True
[e97-runtime] backend=hip path=e88-sequential-split-edit-triton use_triton=True use_chunked_e97=False e97_chunk_size=32 linear_state=False raw_write=False use_split_edit=True log_decay=True
[e97-runtime] backend=hip path=e88-sequential-split-edit-triton use_triton=True use_chunked_e97=False e97_chunk_size=32 linear_state=False raw_write=False use_split_edit=True log_decay=True
[e97-runtime] backend=hip path=e88-sequential-split-edit-triton use_triton=True use_chunked_e97=False e97_chunk_size=32 linear_state=False raw_write=False use_split_edit=True log_decay=True
[e97-runtime] backend=hip path=e88-sequential-split-edit-triton use_triton=True use_chunked_e97=False e97_chunk_size=32 linear_state=False raw_write=False use_split_edit=True log_decay=True
[e97-runtime] backend=hip path=e88-sequential-split-edit-triton use_triton=True use_chunked_e97=False e97_chunk_size=32 linear_state=False raw_write=False use_split_edit=True log_decay=True
[e97-runtime] backend=hip path=e88-sequential-split-edit-triton use_triton=True use_chunked_e97=False e97_chunk_size=32 linear_state=False raw_write=False use_split_edit=True log_decay=True
[e97-runtime] backend=hip path=e88-sequential-split-edit-triton use_triton=True use_chunked_e97=False e97_chunk_size=32 linear_state=False raw_write=False use_split_edit=True log_decay=True
[e97-runtime] backend=hip path=e88-sequential-split-edit-triton use_triton=True use_chunked_e97=False e97_chunk_size=32 linear_state=False raw_write=False use_split_edit=True log_decay=True
[e97-runtime] backend=hip path=e88-sequential-split-edit-triton use_triton=True use_chunked_e97=False e97_chunk_size=32 linear_state=False raw_write=False use_split_edit=True log_decay=True
[e97-runtime] backend=hip path=e88-sequential-split-edit-triton use_triton=True use_chunked_e97=False e97_chunk_size=32 linear_state=False raw_write=False use_split_edit=True log_decay=True
[e97-runtime] backend=hip path=e88-sequential-split-edit-triton use_triton=True use_chunked_e97=False e97_chunk_size=32 linear_state=False raw_write=False use_split_edit=True log_decay=True
[e97-runtime] backend=hip path=e88-sequential-split-edit-triton use_triton=True use_chunked_e97=False e97_chunk_size=32 linear_state=False raw_write=False use_split_edit=True log_decay=True
[e97-runtime] backend=hip path=e88-sequential-split-edit-triton use_triton=True use_chunked_e97=False e97_chunk_size=32 linear_state=False raw_write=False use_split_edit=True log_decay=True
[e97-runtime] backend=hip path=e88-sequential-split-edit-triton use_triton=True use_chunked_e97=False e97_chunk_size=32 linear_state=False raw_write=False use_split_edit=True log_decay=True
[e97-runtime] backend=hip path=e88-sequential-split-edit-triton use_triton=True use_chunked_e97=False e97_chunk_size=32 linear_state=False raw_write=False use_split_edit=True log_decay=True
[e97-runtime] backend=hip path=e88-sequential-split-edit-triton use_triton=True use_chunked_e97=False e97_chunk_size=32 linear_state=False raw_write=False use_split_edit=True log_decay=True
[e97-runtime] backend=hip path=e88-sequential-split-edit-triton use_triton=True use_chunked_e97=False e97_chunk_size=32 linear_state=False raw_write=False use_split_edit=True log_decay=True
[e97-runtime] backend=hip path=e88-sequential-split-edit-triton use_triton=True use_chunked_e97=False e97_chunk_size=32 linear_state=False raw_write=False use_split_edit=True log_decay=True
[e97-runtime] backend=hip path=e88-sequential-split-edit-triton use_triton=True use_chunked_e97=False e97_chunk_size=32 linear_state=False raw_write=False use_split_edit=True log_decay=True
[e97-runtime] backend=hip path=e88-sequential-split-edit-triton use_triton=True use_chunked_e97=False e97_chunk_size=32 linear_state=False raw_write=False use_split_edit=True log_decay=True
[e97-runtime] backend=hip path=e88-sequential-split-edit-triton use_triton=True use_chunked_e97=False e97_chunk_size=32 linear_state=False raw_write=False use_split_edit=True log_decay=True
[e97-runtime] backend=hip path=e88-sequential-split-edit-triton use_triton=True use_chunked_e97=False e97_chunk_size=32 linear_state=False raw_write=False use_split_edit=True log_decay=True
[e97-runtime] backend=hip path=e88-sequential-split-edit-triton use_triton=True use_chunked_e97=False e97_chunk_size=32 linear_state=False raw_write=False use_split_edit=True log_decay=True
[e97-runtime] backend=hip path=e88-sequential-split-edit-triton use_triton=True use_chunked_e97=False e97_chunk_size=32 linear_state=False raw_write=False use_split_edit=True log_decay=True
[e97-runtime] backend=hip path=e88-sequential-split-edit-triton use_triton=True use_chunked_e97=False e97_chunk_size=32 linear_state=False raw_write=False use_split_edit=True log_decay=True
[e97-runtime] backend=hip path=e88-sequential-split-edit-triton use_triton=True use_chunked_e97=False e97_chunk_size=32 linear_state=False raw_write=False use_split_edit=True log_decay=True
[e97-runtime] backend=hip path=e88-sequential-split-edit-triton use_triton=True use_chunked_e97=False e97_chunk_size=32 linear_state=False raw_write=False use_split_edit=True log_decay=True
[e97-runtime] backend=hip path=e88-sequential-split-edit-triton use_triton=True use_chunked_e97=False e97_chunk_size=32 linear_state=False raw_write=False use_split_edit=True log_decay=True
[e97-runtime] backend=hip path=e88-sequential-split-edit-triton use_triton=True use_chunked_e97=False e97_chunk_size=32 linear_state=False raw_write=False use_split_edit=True log_decay=True
[e97-runtime] backend=hip path=e88-sequential-split-edit-triton use_triton=True use_chunked_e97=False e97_chunk_size=32 linear_state=False raw_write=False use_split_edit=True log_decay=True
[e97-runtime] backend=hip path=e88-sequential-split-edit-triton use_triton=True use_chunked_e97=False e97_chunk_size=32 linear_state=False raw_write=False use_split_edit=True log_decay=True
[e97-runtime] backend=hip path=e88-sequential-split-edit-triton use_triton=True use_chunked_e97=False e97_chunk_size=32 linear_state=False raw_write=False use_split_edit=True log_decay=True
[e97-runtime] backend=hip path=e88-sequential-split-edit-triton use_triton=True use_chunked_e97=False e97_chunk_size=32 linear_state=False raw_write=False use_split_edit=True log_decay=True
[e97-runtime] backend=hip path=e88-sequential-split-edit-triton use_triton=True use_chunked_e97=False e97_chunk_size=32 linear_state=False raw_write=False use_split_edit=True log_decay=True
[e97-runtime] backend=hip path=e88-sequential-split-edit-triton use_triton=True use_chunked_e97=False e97_chunk_size=32 linear_state=False raw_write=False use_split_edit=True log_decay=True
[e97-runtime] backend=hip path=e88-sequential-split-edit-triton use_triton=True use_chunked_e97=False e97_chunk_size=32 linear_state=False raw_write=False use_split_edit=True log_decay=True
[e97-runtime] backend=hip path=e88-sequential-split-edit-triton use_triton=True use_chunked_e97=False e97_chunk_size=32 linear_state=False raw_write=False use_split_edit=True log_decay=True
[e97-runtime] backend=hip path=e88-sequential-split-edit-triton use_triton=True use_chunked_e97=False e97_chunk_size=32 linear_state=False raw_write=False use_split_edit=True log_decay=True
[e97-runtime] backend=hip path=e88-sequential-split-edit-triton use_triton=True use_chunked_e97=False e97_chunk_size=32 linear_state=False raw_write=False use_split_edit=True log_decay=True
[e97-runtime] backend=hip path=e88-sequential-split-edit-triton use_triton=True use_chunked_e97=False e97_chunk_size=32 linear_state=False raw_write=False use_split_edit=True log_decay=True
[e97-runtime] backend=hip path=e88-sequential-split-edit-triton use_triton=True use_chunked_e97=False e97_chunk_size=32 linear_state=False raw_write=False use_split_edit=True log_decay=True
[e97-runtime] backend=hip path=e88-sequential-split-edit-triton use_triton=True use_chunked_e97=False e97_chunk_size=32 linear_state=False raw_write=False use_split_edit=True log_decay=True
[e97-runtime] backend=hip path=e88-sequential-split-edit-triton use_triton=True use_chunked_e97=False e97_chunk_size=32 linear_state=False raw_write=False use_split_edit=True log_decay=True
[e97-runtime] backend=hip path=e88-sequential-split-edit-triton use_triton=True use_chunked_e97=False e97_chunk_size=32 linear_state=False raw_write=False use_split_edit=True log_decay=True
[e97-runtime] backend=hip path=e88-sequential-split-edit-triton use_triton=True use_chunked_e97=False e97_chunk_size=32 linear_state=False raw_write=False use_split_edit=True log_decay=True
[e97-runtime] backend=hip path=e88-sequential-split-edit-triton use_triton=True use_chunked_e97=False e97_chunk_size=32 linear_state=False raw_write=False use_split_edit=True log_decay=True
[e97-runtime] backend=hip path=e88-sequential-split-edit-triton use_triton=True use_chunked_e97=False e97_chunk_size=32 linear_state=False raw_write=False use_split_edit=True log_decay=True
[e97-runtime] backend=hip path=e88-sequential-split-edit-triton use_triton=True use_chunked_e97=False e97_chunk_size=32 linear_state=False raw_write=False use_split_edit=True log_decay=True
[e97-runtime] backend=hip path=e88-sequential-split-edit-triton use_triton=True use_chunked_e97=False e97_chunk_size=32 linear_state=False raw_write=False use_split_edit=True log_decay=True
[e97-runtime] backend=hip path=e88-sequential-split-edit-triton use_triton=True use_chunked_e97=False e97_chunk_size=32 linear_state=False raw_write=False use_split_edit=True log_decay=True
[e97-runtime] backend=hip path=e88-sequential-split-edit-triton use_triton=True use_chunked_e97=False e97_chunk_size=32 linear_state=False raw_write=False use_split_edit=True log_decay=True
[e97-runtime] backend=hip path=e88-sequential-split-edit-triton use_triton=True use_chunked_e97=False e97_chunk_size=32 linear_state=False raw_write=False use_split_edit=True log_decay=True
[e97-runtime] backend=hip path=e88-sequential-split-edit-triton use_triton=True use_chunked_e97=False e97_chunk_size=32 linear_state=False raw_write=False use_split_edit=True log_decay=True
[e97-runtime] backend=hip path=e88-sequential-split-edit-triton use_triton=True use_chunked_e97=False e97_chunk_size=32 linear_state=False raw_write=False use_split_edit=True log_decay=True
[e97-runtime] backend=hip path=e88-sequential-split-edit-triton use_triton=True use_chunked_e97=False e97_chunk_size=32 linear_state=False raw_write=False use_split_edit=True log_decay=True
[e97-runtime] backend=hip path=e88-sequential-split-edit-triton use_triton=True use_chunked_e97=False e97_chunk_size=32 linear_state=False raw_write=False use_split_edit=True log_decay=True
[e97-runtime] backend=hip path=e88-sequential-split-edit-triton use_triton=True use_chunked_e97=False e97_chunk_size=32 linear_state=False raw_write=False use_split_edit=True log_decay=True
[e97-runtime] backend=hip path=e88-sequential-split-edit-triton use_triton=True use_chunked_e97=False e97_chunk_size=32 linear_state=False raw_write=False use_split_edit=True log_decay=True
[e97-runtime] backend=hip path=e88-sequential-split-edit-triton use_triton=True use_chunked_e97=False e97_chunk_size=32 linear_state=False raw_write=False use_split_edit=True log_decay=True
[e97-runtime] backend=hip path=e88-sequential-split-edit-triton use_triton=True use_chunked_e97=False e97_chunk_size=32 linear_state=False raw_write=False use_split_edit=True log_decay=True
[e97-runtime] backend=hip path=e88-sequential-split-edit-triton use_triton=True use_chunked_e97=False e97_chunk_size=32 linear_state=False raw_write=False use_split_edit=True log_decay=True
[e97-runtime] backend=hip path=e88-sequential-split-edit-triton use_triton=True use_chunked_e97=False e97_chunk_size=32 linear_state=False raw_write=False use_split_edit=True log_decay=True
[e97-runtime] backend=hip path=e88-sequential-split-edit-triton use_triton=True use_chunked_e97=False e97_chunk_size=32 linear_state=False raw_write=False use_split_edit=True log_decay=True
[e97-runtime] backend=hip path=e88-sequential-split-edit-triton use_triton=True use_chunked_e97=False e97_chunk_size=32 linear_state=False raw_write=False use_split_edit=True log_decay=True
[e97-runtime] backend=hip path=e88-sequential-split-edit-triton use_triton=True use_chunked_e97=False e97_chunk_size=32 linear_state=False raw_write=False use_split_edit=True log_decay=True
[e97-runtime] backend=hip path=e88-sequential-split-edit-triton use_triton=True use_chunked_e97=False e97_chunk_size=32 linear_state=False raw_write=False use_split_edit=True log_decay=True
[e97-runtime] backend=hip path=e88-sequential-split-edit-triton use_triton=True use_chunked_e97=False e97_chunk_size=32 linear_state=False raw_write=False use_split_edit=True log_decay=True
[e97-runtime] backend=hip path=e88-sequential-split-edit-triton use_triton=True use_chunked_e97=False e97_chunk_size=32 linear_state=False raw_write=False use_split_edit=True log_decay=True
[e97-runtime] backend=hip path=e88-sequential-split-edit-triton use_triton=True use_chunked_e97=False e97_chunk_size=32 linear_state=False raw_write=False use_split_edit=True log_decay=True
[e97-runtime] backend=hip path=e88-sequential-split-edit-triton use_triton=True use_chunked_e97=False e97_chunk_size=32 linear_state=False raw_write=False use_split_edit=True log_decay=True
[e97-runtime] backend=hip path=e88-sequential-split-edit-triton use_triton=True use_chunked_e97=False e97_chunk_size=32 linear_state=False raw_write=False use_split_edit=True log_decay=True
[e97-runtime] backend=hip path=e88-sequential-split-edit-triton use_triton=True use_chunked_e97=False e97_chunk_size=32 linear_state=False raw_write=False use_split_edit=True log_decay=True
[e97-runtime] backend=hip path=e88-sequential-split-edit-triton use_triton=True use_chunked_e97=False e97_chunk_size=32 linear_state=False raw_write=False use_split_edit=True log_decay=True
[e97-runtime] backend=hip path=e88-sequential-split-edit-triton use_triton=True use_chunked_e97=False e97_chunk_size=32 linear_state=False raw_write=False use_split_edit=True log_decay=True
[e97-runtime] backend=hip path=e88-sequential-split-edit-triton use_triton=True use_chunked_e97=False e97_chunk_size=32 linear_state=False raw_write=False use_split_edit=True log_decay=True
[e97-runtime] backend=hip path=e88-sequential-split-edit-triton use_triton=True use_chunked_e97=False e97_chunk_size=32 linear_state=False raw_write=False use_split_edit=True log_decay=True
[e97-runtime] backend=hip path=e88-sequential-split-edit-triton use_triton=True use_chunked_e97=False e97_chunk_size=32 linear_state=False raw_write=False use_split_edit=True log_decay=True
[e97-runtime] backend=hip path=e88-sequential-split-edit-triton use_triton=True use_chunked_e97=False e97_chunk_size=32 linear_state=False raw_write=False use_split_edit=True log_decay=True
[e97-runtime] backend=hip path=e88-sequential-split-edit-triton use_triton=True use_chunked_e97=False e97_chunk_size=32 linear_state=False raw_write=False use_split_edit=True log_decay=True
[e97-runtime] backend=hip path=e88-sequential-split-edit-triton use_triton=True use_chunked_e97=False e97_chunk_size=32 linear_state=False raw_write=False use_split_edit=True log_decay=True
[e97-runtime] backend=hip path=e88-sequential-split-edit-triton use_triton=True use_chunked_e97=False e97_chunk_size=32 linear_state=False raw_write=False use_split_edit=True log_decay=True
[e97-runtime] backend=hip path=e88-sequential-split-edit-triton use_triton=True use_chunked_e97=False e97_chunk_size=32 linear_state=False raw_write=False use_split_edit=True log_decay=True
[e97-runtime] backend=hip path=e88-sequential-split-edit-triton use_triton=True use_chunked_e97=False e97_chunk_size=32 linear_state=False raw_write=False use_split_edit=True log_decay=True
[e97-runtime] backend=hip path=e88-sequential-split-edit-triton use_triton=True use_chunked_e97=False e97_chunk_size=32 linear_state=False raw_write=False use_split_edit=True log_decay=True
[e97-runtime] backend=hip path=e88-sequential-split-edit-triton use_triton=True use_chunked_e97=False e97_chunk_size=32 linear_state=False raw_write=False use_split_edit=True log_decay=True
[e97-runtime] backend=hip path=e88-sequential-split-edit-triton use_triton=True use_chunked_e97=False e97_chunk_size=32 linear_state=False raw_write=False use_split_edit=True log_decay=True
[e97-runtime] backend=hip path=e88-sequential-split-edit-triton use_triton=True use_chunked_e97=False e97_chunk_size=32 linear_state=False raw_write=False use_split_edit=True log_decay=True
[e97-runtime] backend=hip path=e88-sequential-split-edit-triton use_triton=True use_chunked_e97=False e97_chunk_size=32 linear_state=False raw_write=False use_split_edit=True log_decay=True
[e97-runtime] backend=hip path=e88-sequential-split-edit-triton use_triton=True use_chunked_e97=False e97_chunk_size=32 linear_state=False raw_write=False use_split_edit=True log_decay=True
[e97-runtime] backend=hip path=e88-sequential-split-edit-triton use_triton=True use_chunked_e97=False e97_chunk_size=32 linear_state=False raw_write=False use_split_edit=True log_decay=True
[e97-runtime] backend=hip path=e88-sequential-split-edit-triton use_triton=True use_chunked_e97=False e97_chunk_size=32 linear_state=False raw_write=False use_split_edit=True log_decay=True
[e97-runtime] backend=hip path=e88-sequential-split-edit-triton use_triton=True use_chunked_e97=False e97_chunk_size=32 linear_state=False raw_write=False use_split_edit=True log_decay=True
[e97-runtime] backend=hip path=e88-sequential-split-edit-triton use_triton=True use_chunked_e97=False e97_chunk_size=32 linear_state=False raw_write=False use_split_edit=True log_decay=True
[e97-runtime] backend=hip path=e88-sequential-split-edit-triton use_triton=True use_chunked_e97=False e97_chunk_size=32 linear_state=False raw_write=False use_split_edit=True log_decay=True
[e97-runtime] backend=hip path=e88-sequential-split-edit-triton use_triton=True use_chunked_e97=False e97_chunk_size=32 linear_state=False raw_write=False use_split_edit=True log_decay=True
[e97-runtime] backend=hip path=e88-sequential-split-edit-triton use_triton=True use_chunked_e97=False e97_chunk_size=32 linear_state=False raw_write=False use_split_edit=True log_decay=True
[e97-runtime] backend=hip path=e88-sequential-split-edit-triton use_triton=True use_chunked_e97=False e97_chunk_size=32 linear_state=False raw_write=False use_split_edit=True log_decay=True
[e97-runtime] backend=hip path=e88-sequential-split-edit-triton use_triton=True use_chunked_e97=False e97_chunk_size=32 linear_state=False raw_write=False use_split_edit=True log_decay=True
[e97-runtime] backend=hip path=e88-sequential-split-edit-triton use_triton=True use_chunked_e97=False e97_chunk_size=32 linear_state=False raw_write=False use_split_edit=True log_decay=True
[e97-runtime] backend=hip path=e88-sequential-split-edit-triton use_triton=True use_chunked_e97=False e97_chunk_size=32 linear_state=False raw_write=False use_split_edit=True log_decay=True
[e97-runtime] backend=hip path=e88-sequential-split-edit-triton use_triton=True use_chunked_e97=False e97_chunk_size=32 linear_state=False raw_write=False use_split_edit=True log_decay=True
[e97-runtime] backend=hip path=e88-sequential-split-edit-triton use_triton=True use_chunked_e97=False e97_chunk_size=32 linear_state=False raw_write=False use_split_edit=True log_decay=True
[e97-runtime] backend=hip path=e88-sequential-split-edit-triton use_triton=True use_chunked_e97=False e97_chunk_size=32 linear_state=False raw_write=False use_split_edit=True log_decay=True
[e97-runtime] backend=hip path=e88-sequential-split-edit-triton use_triton=True use_chunked_e97=False e97_chunk_size=32 linear_state=False raw_write=False use_split_edit=True log_decay=True
[e97-runtime] backend=hip path=e88-sequential-split-edit-triton use_triton=True use_chunked_e97=False e97_chunk_size=32 linear_state=False raw_write=False use_split_edit=True log_decay=True
[e97-runtime] backend=hip path=e88-sequential-split-edit-triton use_triton=True use_chunked_e97=False e97_chunk_size=32 linear_state=False raw_write=False use_split_edit=True log_decay=True
[e97-runtime] backend=hip path=e88-sequential-split-edit-triton use_triton=True use_chunked_e97=False e97_chunk_size=32 linear_state=False raw_write=False use_split_edit=True log_decay=True
[e97-runtime] backend=hip path=e88-sequential-split-edit-triton use_triton=True use_chunked_e97=False e97_chunk_size=32 linear_state=False raw_write=False use_split_edit=True log_decay=True
[e97-runtime] backend=hip path=e88-sequential-split-edit-triton use_triton=True use_chunked_e97=False e97_chunk_size=32 linear_state=False raw_write=False use_split_edit=True log_decay=True
[e97-runtime] backend=hip path=e88-sequential-split-edit-triton use_triton=True use_chunked_e97=False e97_chunk_size=32 linear_state=False raw_write=False use_split_edit=True log_decay=True
[e97-runtime] backend=hip path=e88-sequential-split-edit-triton use_triton=True use_chunked_e97=False e97_chunk_size=32 linear_state=False raw_write=False use_split_edit=True log_decay=True
[e97-runtime] backend=hip path=e88-sequential-split-edit-triton use_triton=True use_chunked_e97=False e97_chunk_size=32 linear_state=False raw_write=False use_split_edit=True log_decay=True
[e97-runtime] backend=hip path=e88-sequential-split-edit-triton use_triton=True use_chunked_e97=False e97_chunk_size=32 linear_state=False raw_write=False use_split_edit=True log_decay=True
[e97-runtime] backend=hip path=e88-sequential-split-edit-triton use_triton=True use_chunked_e97=False e97_chunk_size=32 linear_state=False raw_write=False use_split_edit=True log_decay=True
[e97-runtime] backend=hip path=e88-sequential-split-edit-triton use_triton=True use_chunked_e97=False e97_chunk_size=32 linear_state=False raw_write=False use_split_edit=True log_decay=True
[e97-runtime] backend=hip path=e88-sequential-split-edit-triton use_triton=True use_chunked_e97=False e97_chunk_size=32 linear_state=False raw_write=False use_split_edit=True log_decay=True
[e97-runtime] backend=hip path=e88-sequential-split-edit-triton use_triton=True use_chunked_e97=False e97_chunk_size=32 linear_state=False raw_write=False use_split_edit=True log_decay=True
[e97-runtime] backend=hip path=e88-sequential-split-edit-triton use_triton=True use_chunked_e97=False e97_chunk_size=32 linear_state=False raw_write=False use_split_edit=True log_decay=True
[e97-runtime] backend=hip path=e88-sequential-split-edit-triton use_triton=True use_chunked_e97=False e97_chunk_size=32 linear_state=False raw_write=False use_split_edit=True log_decay=True
[e97-runtime] backend=hip path=e88-sequential-split-edit-triton use_triton=True use_chunked_e97=False e97_chunk_size=32 linear_state=False raw_write=False use_split_edit=True log_decay=True
[e97-runtime] backend=hip path=e88-sequential-split-edit-triton use_triton=True use_chunked_e97=False e97_chunk_size=32 linear_state=False raw_write=False use_split_edit=True log_decay=True
[e97-runtime] backend=hip path=e88-sequential-split-edit-triton use_triton=True use_chunked_e97=False e97_chunk_size=32 linear_state=False raw_write=False use_split_edit=True log_decay=True
[e97-runtime] backend=hip path=e88-sequential-split-edit-triton use_triton=True use_chunked_e97=False e97_chunk_size=32 linear_state=False raw_write=False use_split_edit=True log_decay=True
[e97-runtime] backend=hip path=e88-sequential-split-edit-triton use_triton=True use_chunked_e97=False e97_chunk_size=32 linear_state=False raw_write=False use_split_edit=True log_decay=True
[e97-runtime] backend=hip path=e88-sequential-split-edit-triton use_triton=True use_chunked_e97=False e97_chunk_size=32 linear_state=False raw_write=False use_split_edit=True log_decay=True
[e97-runtime] backend=hip path=e88-sequential-split-edit-triton use_triton=True use_chunked_e97=False e97_chunk_size=32 linear_state=False raw_write=False use_split_edit=True log_decay=True
[e97-runtime] backend=hip path=e88-sequential-split-edit-triton use_triton=True use_chunked_e97=False e97_chunk_size=32 linear_state=False raw_write=False use_split_edit=True log_decay=True
[e97-runtime] backend=hip path=e88-sequential-split-edit-triton use_triton=True use_chunked_e97=False e97_chunk_size=32 linear_state=False raw_write=False use_split_edit=True log_decay=True
[e97-runtime] backend=hip path=e88-sequential-split-edit-triton use_triton=True use_chunked_e97=False e97_chunk_size=32 linear_state=False raw_write=False use_split_edit=True log_decay=True
[e97-runtime] backend=hip path=e88-sequential-split-edit-triton use_triton=True use_chunked_e97=False e97_chunk_size=32 linear_state=False raw_write=False use_split_edit=True log_decay=True
[e97-runtime] backend=hip path=e88-sequential-split-edit-triton use_triton=True use_chunked_e97=False e97_chunk_size=32 linear_state=False raw_write=False use_split_edit=True log_decay=True
[e97-runtime] backend=hip path=e88-sequential-split-edit-triton use_triton=True use_chunked_e97=False e97_chunk_size=32 linear_state=False raw_write=False use_split_edit=True log_decay=True
[e97-runtime] backend=hip path=e88-sequential-split-edit-triton use_triton=True use_chunked_e97=False e97_chunk_size=32 linear_state=False raw_write=False use_split_edit=True log_decay=True
[e97-runtime] backend=hip path=e88-sequential-split-edit-triton use_triton=True use_chunked_e97=False e97_chunk_size=32 linear_state=False raw_write=False use_split_edit=True log_decay=True
[e97-runtime] backend=hip path=e88-sequential-split-edit-triton use_triton=True use_chunked_e97=False e97_chunk_size=32 linear_state=False raw_write=False use_split_edit=True log_decay=True
[e97-runtime] backend=hip path=e88-sequential-split-edit-triton use_triton=True use_chunked_e97=False e97_chunk_size=32 linear_state=False raw_write=False use_split_edit=True log_decay=True
[e97-runtime] backend=hip path=e88-sequential-split-edit-triton use_triton=True use_chunked_e97=False e97_chunk_size=32 linear_state=False raw_write=False use_split_edit=True log_decay=True
[e97-runtime] backend=hip path=e88-sequential-split-edit-triton use_triton=True use_chunked_e97=False e97_chunk_size=32 linear_state=False raw_write=False use_split_edit=True log_decay=True
[e97-runtime] backend=hip path=e88-sequential-split-edit-triton use_triton=True use_chunked_e97=False e97_chunk_size=32 linear_state=False raw_write=False use_split_edit=True log_decay=True
[e97-runtime] backend=hip path=e88-sequential-split-edit-triton use_triton=True use_chunked_e97=False e97_chunk_size=32 linear_state=False raw_write=False use_split_edit=True log_decay=True
[e97-runtime] backend=hip path=e88-sequential-split-edit-triton use_triton=True use_chunked_e97=False e97_chunk_size=32 linear_state=False raw_write=False use_split_edit=True log_decay=True
[e97-runtime] backend=hip path=e88-sequential-split-edit-triton use_triton=True use_chunked_e97=False e97_chunk_size=32 linear_state=False raw_write=False use_split_edit=True log_decay=True
[e97-runtime] backend=hip path=e88-sequential-split-edit-triton use_triton=True use_chunked_e97=False e97_chunk_size=32 linear_state=False raw_write=False use_split_edit=True log_decay=True
[e97-runtime] backend=hip path=e88-sequential-split-edit-triton use_triton=True use_chunked_e97=False e97_chunk_size=32 linear_state=False raw_write=False use_split_edit=True log_decay=True
[e97-runtime] backend=hip path=e88-sequential-split-edit-triton use_triton=True use_chunked_e97=False e97_chunk_size=32 linear_state=False raw_write=False use_split_edit=True log_decay=True
[e97-runtime] backend=hip path=e88-sequential-split-edit-triton use_triton=True use_chunked_e97=False e97_chunk_size=32 linear_state=False raw_write=False use_split_edit=True log_decay=True
[e97-runtime] backend=hip path=e88-sequential-split-edit-triton use_triton=True use_chunked_e97=False e97_chunk_size=32 linear_state=False raw_write=False use_split_edit=True log_decay=True
[e97-runtime] backend=hip path=e88-sequential-split-edit-triton use_triton=True use_chunked_e97=False e97_chunk_size=32 linear_state=False raw_write=False use_split_edit=True log_decay=True
[e97-runtime] backend=hip path=e88-sequential-split-edit-triton use_triton=True use_chunked_e97=False e97_chunk_size=32 linear_state=False raw_write=False use_split_edit=True log_decay=True
[e97-runtime] backend=hip path=e88-sequential-split-edit-triton use_triton=True use_chunked_e97=False e97_chunk_size=32 linear_state=False raw_write=False use_split_edit=True log_decay=True
[e97-runtime] backend=hip path=e88-sequential-split-edit-triton use_triton=True use_chunked_e97=False e97_chunk_size=32 linear_state=False raw_write=False use_split_edit=True log_decay=True
[e97-runtime] backend=hip path=e88-sequential-split-edit-triton use_triton=True use_chunked_e97=False e97_chunk_size=32 linear_state=False raw_write=False use_split_edit=True log_decay=True
[e97-runtime] backend=hip path=e88-sequential-split-edit-triton use_triton=True use_chunked_e97=False e97_chunk_size=32 linear_state=False raw_write=False use_split_edit=True log_decay=True
[e97-runtime] backend=hip path=e88-sequential-split-edit-triton use_triton=True use_chunked_e97=False e97_chunk_size=32 linear_state=False raw_write=False use_split_edit=True log_decay=True
[e97-runtime] backend=hip path=e88-sequential-split-edit-triton use_triton=True use_chunked_e97=False e97_chunk_size=32 linear_state=False raw_write=False use_split_edit=True log_decay=True
[e97-runtime] backend=hip path=e88-sequential-split-edit-triton use_triton=True use_chunked_e97=False e97_chunk_size=32 linear_state=False raw_write=False use_split_edit=True log_decay=True
[e97-runtime] backend=hip path=e88-sequential-split-edit-triton use_triton=True use_chunked_e97=False e97_chunk_size=32 linear_state=False raw_write=False use_split_edit=True log_decay=True
[e97-runtime] backend=hip path=e88-sequential-split-edit-triton use_triton=True use_chunked_e97=False e97_chunk_size=32 linear_state=False raw_write=False use_split_edit=True log_decay=True
[e97-runtime] backend=hip path=e88-sequential-split-edit-triton use_triton=True use_chunked_e97=False e97_chunk_size=32 linear_state=False raw_write=False use_split_edit=True log_decay=True
[e97-runtime] backend=hip path=e88-sequential-split-edit-triton use_triton=True use_chunked_e97=False e97_chunk_size=32 linear_state=False raw_write=False use_split_edit=True log_decay=True
[e97-runtime] backend=hip path=e88-sequential-split-edit-triton use_triton=True use_chunked_e97=False e97_chunk_size=32 linear_state=False raw_write=False use_split_edit=True log_decay=True
[e97-runtime] backend=hip path=e88-sequential-split-edit-triton use_triton=True use_chunked_e97=False e97_chunk_size=32 linear_state=False raw_write=False use_split_edit=True log_decay=True
[e97-runtime] backend=hip path=e88-sequential-split-edit-triton use_triton=True use_chunked_e97=False e97_chunk_size=32 linear_state=False raw_write=False use_split_edit=True log_decay=True
[e97-runtime] backend=hip path=e88-sequential-split-edit-triton use_triton=True use_chunked_e97=False e97_chunk_size=32 linear_state=False raw_write=False use_split_edit=True log_decay=True
[e97-runtime] backend=hip path=e88-sequential-split-edit-triton use_triton=True use_chunked_e97=False e97_chunk_size=32 linear_state=False raw_write=False use_split_edit=True log_decay=True
[e97-runtime] backend=hip path=e88-sequential-split-edit-triton use_triton=True use_chunked_e97=False e97_chunk_size=32 linear_state=False raw_write=False use_split_edit=True log_decay=True
[e97-runtime] backend=hip path=e88-sequential-split-edit-triton use_triton=True use_chunked_e97=False e97_chunk_size=32 linear_state=False raw_write=False use_split_edit=True log_decay=True
[e97-runtime] backend=hip path=e88-sequential-split-edit-triton use_triton=True use_chunked_e97=False e97_chunk_size=32 linear_state=False raw_write=False use_split_edit=True log_decay=True
[e97-runtime] backend=hip path=e88-sequential-split-edit-triton use_triton=True use_chunked_e97=False e97_chunk_size=32 linear_state=False raw_write=False use_split_edit=True log_decay=True
[e97-runtime] backend=hip path=e88-sequential-split-edit-triton use_triton=True use_chunked_e97=False e97_chunk_size=32 linear_state=False raw_write=False use_split_edit=True log_decay=True
[e97-runtime] backend=hip path=e88-sequential-split-edit-triton use_triton=True use_chunked_e97=False e97_chunk_size=32 linear_state=False raw_write=False use_split_edit=True log_decay=True
[e97-runtime] backend=hip path=e88-sequential-split-edit-triton use_triton=True use_chunked_e97=False e97_chunk_size=32 linear_state=False raw_write=False use_split_edit=True log_decay=True
[e97-runtime] backend=hip path=e88-sequential-split-edit-triton use_triton=True use_chunked_e97=False e97_chunk_size=32 linear_state=False raw_write=False use_split_edit=True log_decay=True
[e97-runtime] backend=hip path=e88-sequential-split-edit-triton use_triton=True use_chunked_e97=False e97_chunk_size=32 linear_state=False raw_write=False use_split_edit=True log_decay=True
[e97-runtime] backend=hip path=e88-sequential-split-edit-triton use_triton=True use_chunked_e97=False e97_chunk_size=32 linear_state=False raw_write=False use_split_edit=True log_decay=True
[e97-runtime] backend=hip path=e88-sequential-split-edit-triton use_triton=True use_chunked_e97=False e97_chunk_size=32 linear_state=False raw_write=False use_split_edit=True log_decay=True
[e97-runtime] backend=hip path=e88-sequential-split-edit-triton use_triton=True use_chunked_e97=False e97_chunk_size=32 linear_state=False raw_write=False use_split_edit=True log_decay=True
[e97-runtime] backend=hip path=e88-sequential-split-edit-triton use_triton=True use_chunked_e97=False e97_chunk_size=32 linear_state=False raw_write=False use_split_edit=True log_decay=True
[e97-runtime] backend=hip path=e88-sequential-split-edit-triton use_triton=True use_chunked_e97=False e97_chunk_size=32 linear_state=False raw_write=False use_split_edit=True log_decay=True
[e97-runtime] backend=hip path=e88-sequential-split-edit-triton use_triton=True use_chunked_e97=False e97_chunk_size=32 linear_state=False raw_write=False use_split_edit=True log_decay=True
[e97-runtime] backend=hip path=e88-sequential-split-edit-triton use_triton=True use_chunked_e97=False e97_chunk_size=32 linear_state=False raw_write=False use_split_edit=True log_decay=True
[e97-runtime] backend=hip path=e88-sequential-split-edit-triton use_triton=True use_chunked_e97=False e97_chunk_size=32 linear_state=False raw_write=False use_split_edit=True log_decay=True
[e97-runtime] backend=hip path=e88-sequential-split-edit-triton use_triton=True use_chunked_e97=False e97_chunk_size=32 linear_state=False raw_write=False use_split_edit=True log_decay=True
[e97-runtime] backend=hip path=e88-sequential-split-edit-triton use_triton=True use_chunked_e97=False e97_chunk_size=32 linear_state=False raw_write=False use_split_edit=True log_decay=True
[e97-runtime] backend=hip path=e88-sequential-split-edit-triton use_triton=True use_chunked_e97=False e97_chunk_size=32 linear_state=False raw_write=False use_split_edit=True log_decay=True
[e97-runtime] backend=hip path=e88-sequential-split-edit-triton use_triton=True use_chunked_e97=False e97_chunk_size=32 linear_state=False raw_write=False use_split_edit=True log_decay=True
[e97-runtime] backend=hip path=e88-sequential-split-edit-triton use_triton=True use_chunked_e97=False e97_chunk_size=32 linear_state=False raw_write=False use_split_edit=True log_decay=True
[e97-runtime] backend=hip path=e88-sequential-split-edit-triton use_triton=True use_chunked_e97=False e97_chunk_size=32 linear_state=False raw_write=False use_split_edit=True log_decay=True
[e97-runtime] backend=hip path=e88-sequential-split-edit-triton use_triton=True use_chunked_e97=False e97_chunk_size=32 linear_state=False raw_write=False use_split_edit=True log_decay=True
[e97-runtime] backend=hip path=e88-sequential-split-edit-triton use_triton=True use_chunked_e97=False e97_chunk_size=32 linear_state=False raw_write=False use_split_edit=True log_decay=True
[e97-runtime] backend=hip path=e88-sequential-split-edit-triton use_triton=True use_chunked_e97=False e97_chunk_size=32 linear_state=False raw_write=False use_split_edit=True log_decay=True
[e97-runtime] backend=hip path=e88-sequential-split-edit-triton use_triton=True use_chunked_e97=False e97_chunk_size=32 linear_state=False raw_write=False use_split_edit=True log_decay=True
[e97-runtime] backend=hip path=e88-sequential-split-edit-triton use_triton=True use_chunked_e97=False e97_chunk_size=32 linear_state=False raw_write=False use_split_edit=True log_decay=True
[e97-runtime] backend=hip path=e88-sequential-split-edit-triton use_triton=True use_chunked_e97=False e97_chunk_size=32 linear_state=False raw_write=False use_split_edit=True log_decay=True
[e97-runtime] backend=hip path=e88-sequential-split-edit-triton use_triton=True use_chunked_e97=False e97_chunk_size=32 linear_state=False raw_write=False use_split_edit=True log_decay=True
[e97-runtime] backend=hip path=e88-sequential-split-edit-triton use_triton=True use_chunked_e97=False e97_chunk_size=32 linear_state=False raw_write=False use_split_edit=True log_decay=True
[e97-runtime] backend=hip path=e88-sequential-split-edit-triton use_triton=True use_chunked_e97=False e97_chunk_size=32 linear_state=False raw_write=False use_split_edit=True log_decay=True
[e97-runtime] backend=hip path=e88-sequential-split-edit-triton use_triton=True use_chunked_e97=False e97_chunk_size=32 linear_state=False raw_write=False use_split_edit=True log_decay=True
[e97-runtime] backend=hip path=e88-sequential-split-edit-triton use_triton=True use_chunked_e97=False e97_chunk_size=32 linear_state=False raw_write=False use_split_edit=True log_decay=True
[e97-runtime] backend=hip path=e88-sequential-split-edit-triton use_triton=True use_chunked_e97=False e97_chunk_size=32 linear_state=False raw_write=False use_split_edit=True log_decay=True
[e97-runtime] backend=hip path=e88-sequential-split-edit-triton use_triton=True use_chunked_e97=False e97_chunk_size=32 linear_state=False raw_write=False use_split_edit=True log_decay=True
[e97-runtime] backend=hip path=e88-sequential-split-edit-triton use_triton=True use_chunked_e97=False e97_chunk_size=32 linear_state=False raw_write=False use_split_edit=True log_decay=True
[e97-runtime] backend=hip path=e88-sequential-split-edit-triton use_triton=True use_chunked_e97=False e97_chunk_size=32 linear_state=False raw_write=False use_split_edit=True log_decay=True
[e97-runtime] backend=hip path=e88-sequential-split-edit-triton use_triton=True use_chunked_e97=False e97_chunk_size=32 linear_state=False raw_write=False use_split_edit=True log_decay=True
[e97-runtime] backend=hip path=e88-sequential-split-edit-triton use_triton=True use_chunked_e97=False e97_chunk_size=32 linear_state=False raw_write=False use_split_edit=True log_decay=True
[e97-runtime] backend=hip path=e88-sequential-split-edit-triton use_triton=True use_chunked_e97=False e97_chunk_size=32 linear_state=False raw_write=False use_split_edit=True log_decay=True
[e97-runtime] backend=hip path=e88-sequential-split-edit-triton use_triton=True use_chunked_e97=False e97_chunk_size=32 linear_state=False raw_write=False use_split_edit=True log_decay=True
[e97-runtime] backend=hip path=e88-sequential-split-edit-triton use_triton=True use_chunked_e97=False e97_chunk_size=32 linear_state=False raw_write=False use_split_edit=True log_decay=True
[e97-runtime] backend=hip path=e88-sequential-split-edit-triton use_triton=True use_chunked_e97=False e97_chunk_size=32 linear_state=False raw_write=False use_split_edit=True log_decay=True
[e97-runtime] backend=hip path=e88-sequential-split-edit-triton use_triton=True use_chunked_e97=False e97_chunk_size=32 linear_state=False raw_write=False use_split_edit=True log_decay=True
[e97-runtime] backend=hip path=e88-sequential-split-edit-triton use_triton=True use_chunked_e97=False e97_chunk_size=32 linear_state=False raw_write=False use_split_edit=True log_decay=True
[e97-runtime] backend=hip path=e88-sequential-split-edit-triton use_triton=True use_chunked_e97=False e97_chunk_size=32 linear_state=False raw_write=False use_split_edit=True log_decay=True
[e97-runtime] backend=hip path=e88-sequential-split-edit-triton use_triton=True use_chunked_e97=False e97_chunk_size=32 linear_state=False raw_write=False use_split_edit=True log_decay=True
[e97-runtime] backend=hip path=e88-sequential-split-edit-triton use_triton=True use_chunked_e97=False e97_chunk_size=32 linear_state=False raw_write=False use_split_edit=True log_decay=True
[e97-runtime] backend=hip path=e88-sequential-split-edit-triton use_triton=True use_chunked_e97=False e97_chunk_size=32 linear_state=False raw_write=False use_split_edit=True log_decay=True
[e97-runtime] backend=hip path=e88-sequential-split-edit-triton use_triton=True use_chunked_e97=False e97_chunk_size=32 linear_state=False raw_write=False use_split_edit=True log_decay=True
[e97-runtime] backend=hip path=e88-sequential-split-edit-triton use_triton=True use_chunked_e97=False e97_chunk_size=32 linear_state=False raw_write=False use_split_edit=True log_decay=True
[e97-runtime] backend=hip path=e88-sequential-split-edit-triton use_triton=True use_chunked_e97=False e97_chunk_size=32 linear_state=False raw_write=False use_split_edit=True log_decay=True
[e97-runtime] backend=hip path=e88-sequential-split-edit-triton use_triton=True use_chunked_e97=False e97_chunk_size=32 linear_state=False raw_write=False use_split_edit=True log_decay=True
[e97-runtime] backend=hip path=e88-sequential-split-edit-triton use_triton=True use_chunked_e97=False e97_chunk_size=32 linear_state=False raw_write=False use_split_edit=True log_decay=True
[e97-runtime] backend=hip path=e88-sequential-split-edit-triton use_triton=True use_chunked_e97=False e97_chunk_size=32 linear_state=False raw_write=False use_split_edit=True log_decay=True
[e97-runtime] backend=hip path=e88-sequential-split-edit-triton use_triton=True use_chunked_e97=False e97_chunk_size=32 linear_state=False raw_write=False use_split_edit=True log_decay=True
[e97-runtime] backend=hip path=e88-sequential-split-edit-triton use_triton=True use_chunked_e97=False e97_chunk_size=32 linear_state=False raw_write=False use_split_edit=True log_decay=True
[e97-runtime] backend=hip path=e88-sequential-split-edit-triton use_triton=True use_chunked_e97=False e97_chunk_size=32 linear_state=False raw_write=False use_split_edit=True log_decay=True
[e97-runtime] backend=hip path=e88-sequential-split-edit-triton use_triton=True use_chunked_e97=False e97_chunk_size=32 linear_state=False raw_write=False use_split_edit=True log_decay=True
[e97-runtime] backend=hip path=e88-sequential-split-edit-triton use_triton=True use_chunked_e97=False e97_chunk_size=32 linear_state=False raw_write=False use_split_edit=True log_decay=True
[e97-runtime] backend=hip path=e88-sequential-split-edit-triton use_triton=True use_chunked_e97=False e97_chunk_size=32 linear_state=False raw_write=False use_split_edit=True log_decay=True
[e97-runtime] backend=hip path=e88-sequential-split-edit-triton use_triton=True use_chunked_e97=False e97_chunk_size=32 linear_state=False raw_write=False use_split_edit=True log_decay=True
[e97-runtime] backend=hip path=e88-sequential-split-edit-triton use_triton=True use_chunked_e97=False e97_chunk_size=32 linear_state=False raw_write=False use_split_edit=True log_decay=True
[e97-runtime] backend=hip path=e88-sequential-split-edit-triton use_triton=True use_chunked_e97=False e97_chunk_size=32 linear_state=False raw_write=False use_split_edit=True log_decay=True
[e97-runtime] backend=hip path=e88-sequential-split-edit-triton use_triton=True use_chunked_e97=False e97_chunk_size=32 linear_state=False raw_write=False use_split_edit=True log_decay=True
[e97-runtime] backend=hip path=e88-sequential-split-edit-triton use_triton=True use_chunked_e97=False e97_chunk_size=32 linear_state=False raw_write=False use_split_edit=True log_decay=True
[e97-runtime] backend=hip path=e88-sequential-split-edit-triton use_triton=True use_chunked_e97=False e97_chunk_size=32 linear_state=False raw_write=False use_split_edit=True log_decay=True
[e97-runtime] backend=hip path=e88-sequential-split-edit-triton use_triton=True use_chunked_e97=False e97_chunk_size=32 linear_state=False raw_write=False use_split_edit=True log_decay=True
[e97-runtime] backend=hip path=e88-sequential-split-edit-triton use_triton=True use_chunked_e97=False e97_chunk_size=32 linear_state=False raw_write=False use_split_edit=True log_decay=True
[e97-runtime] backend=hip path=e88-sequential-split-edit-triton use_triton=True use_chunked_e97=False e97_chunk_size=32 linear_state=False raw_write=False use_split_edit=True log_decay=True
[e97-runtime] backend=hip path=e88-sequential-split-edit-triton use_triton=True use_chunked_e97=False e97_chunk_size=32 linear_state=False raw_write=False use_split_edit=True log_decay=True
[e97-runtime] backend=hip path=e88-sequential-split-edit-triton use_triton=True use_chunked_e97=False e97_chunk_size=32 linear_state=False raw_write=False use_split_edit=True log_decay=True
[e97-runtime] backend=hip path=e88-sequential-split-edit-triton use_triton=True use_chunked_e97=False e97_chunk_size=32 linear_state=False raw_write=False use_split_edit=True log_decay=True
[e97-runtime] backend=hip path=e88-sequential-split-edit-triton use_triton=True use_chunked_e97=False e97_chunk_size=32 linear_state=False raw_write=False use_split_edit=True log_decay=True
[e97-runtime] backend=hip path=e88-sequential-split-edit-triton use_triton=True use_chunked_e97=False e97_chunk_size=32 linear_state=False raw_write=False use_split_edit=True log_decay=True
[e97-runtime] backend=hip path=e88-sequential-split-edit-triton use_triton=True use_chunked_e97=False e97_chunk_size=32 linear_state=False raw_write=False use_split_edit=True log_decay=True
[e97-runtime] backend=hip path=e88-sequential-split-edit-triton use_triton=True use_chunked_e97=False e97_chunk_size=32 linear_state=False raw_write=False use_split_edit=True log_decay=True
[e97-runtime] backend=hip path=e88-sequential-split-edit-triton use_triton=True use_chunked_e97=False e97_chunk_size=32 linear_state=False raw_write=False use_split_edit=True log_decay=True
[e97-runtime] backend=hip path=e88-sequential-split-edit-triton use_triton=True use_chunked_e97=False e97_chunk_size=32 linear_state=False raw_write=False use_split_edit=True log_decay=True
[e97-runtime] backend=hip path=e88-sequential-split-edit-triton use_triton=True use_chunked_e97=False e97_chunk_size=32 linear_state=False raw_write=False use_split_edit=True log_decay=True
[e97-runtime] backend=hip path=e88-sequential-split-edit-triton use_triton=True use_chunked_e97=False e97_chunk_size=32 linear_state=False raw_write=False use_split_edit=True log_decay=True
[e97-runtime] backend=hip path=e88-sequential-split-edit-triton use_triton=True use_chunked_e97=False e97_chunk_size=32 linear_state=False raw_write=False use_split_edit=True log_decay=True
[e97-runtime] backend=hip path=e88-sequential-split-edit-triton use_triton=True use_chunked_e97=False e97_chunk_size=32 linear_state=False raw_write=False use_split_edit=True log_decay=True
[e97-runtime] backend=hip path=e88-sequential-split-edit-triton use_triton=True use_chunked_e97=False e97_chunk_size=32 linear_state=False raw_write=False use_split_edit=True log_decay=True
[e97-runtime] backend=hip path=e88-sequential-split-edit-triton use_triton=True use_chunked_e97=False e97_chunk_size=32 linear_state=False raw_write=False use_split_edit=True log_decay=True
[e97-runtime] backend=hip path=e88-sequential-split-edit-triton use_triton=True use_chunked_e97=False e97_chunk_size=32 linear_state=False raw_write=False use_split_edit=True log_decay=True
[e97-runtime] backend=hip path=e88-sequential-split-edit-triton use_triton=True use_chunked_e97=False e97_chunk_size=32 linear_state=False raw_write=False use_split_edit=True log_decay=True
[e97-runtime] backend=hip path=e88-sequential-split-edit-triton use_triton=True use_chunked_e97=False e97_chunk_size=32 linear_state=False raw_write=False use_split_edit=True log_decay=True
[e97-runtime] backend=hip path=e88-sequential-split-edit-triton use_triton=True use_chunked_e97=False e97_chunk_size=32 linear_state=False raw_write=False use_split_edit=True log_decay=True
[e97-runtime] backend=hip path=e88-sequential-split-edit-triton use_triton=True use_chunked_e97=False e97_chunk_size=32 linear_state=False raw_write=False use_split_edit=True log_decay=True
[e97-runtime] backend=hip path=e88-sequential-split-edit-triton use_triton=True use_chunked_e97=False e97_chunk_size=32 linear_state=False raw_write=False use_split_edit=True log_decay=True
[e97-runtime] backend=hip path=e88-sequential-split-edit-triton use_triton=True use_chunked_e97=False e97_chunk_size=32 linear_state=False raw_write=False use_split_edit=True log_decay=True
[e97-runtime] backend=hip path=e88-sequential-split-edit-triton use_triton=True use_chunked_e97=False e97_chunk_size=32 linear_state=False raw_write=False use_split_edit=True log_decay=True
[e97-runtime] backend=hip path=e88-sequential-split-edit-triton use_triton=True use_chunked_e97=False e97_chunk_size=32 linear_state=False raw_write=False use_split_edit=True log_decay=True
[e97-runtime] backend=hip path=e88-sequential-split-edit-triton use_triton=True use_chunked_e97=False e97_chunk_size=32 linear_state=False raw_write=False use_split_edit=True log_decay=True
[e97-runtime] backend=hip path=e88-sequential-split-edit-triton use_triton=True use_chunked_e97=False e97_chunk_size=32 linear_state=False raw_write=False use_split_edit=True log_decay=True
[e97-runtime] backend=hip path=e88-sequential-split-edit-triton use_triton=True use_chunked_e97=False e97_chunk_size=32 linear_state=False raw_write=False use_split_edit=True log_decay=True
[e97-runtime] backend=hip path=e88-sequential-split-edit-triton use_triton=True use_chunked_e97=False e97_chunk_size=32 linear_state=False raw_write=False use_split_edit=True log_decay=True
[e97-runtime] backend=hip path=e88-sequential-split-edit-triton use_triton=True use_chunked_e97=False e97_chunk_size=32 linear_state=False raw_write=False use_split_edit=True log_decay=True
[e97-runtime] backend=hip path=e88-sequential-split-edit-triton use_triton=True use_chunked_e97=False e97_chunk_size=32 linear_state=False raw_write=False use_split_edit=True log_decay=True
[e97-runtime] backend=hip path=e88-sequential-split-edit-triton use_triton=True use_chunked_e97=False e97_chunk_size=32 linear_state=False raw_write=False use_split_edit=True log_decay=True
[e97-runtime] backend=hip path=e88-sequential-split-edit-triton use_triton=True use_chunked_e97=False e97_chunk_size=32 linear_state=False raw_write=False use_split_edit=True log_decay=True
[e97-runtime] backend=hip path=e88-sequential-split-edit-triton use_triton=True use_chunked_e97=False e97_chunk_size=32 linear_state=False raw_write=False use_split_edit=True log_decay=True
[e97-runtime] backend=hip path=e88-sequential-split-edit-triton use_triton=True use_chunked_e97=False e97_chunk_size=32 linear_state=False raw_write=False use_split_edit=True log_decay=True
[e97-runtime] backend=hip path=e88-sequential-split-edit-triton use_triton=True use_chunked_e97=False e97_chunk_size=32 linear_state=False raw_write=False use_split_edit=True log_decay=True
[e97-runtime] backend=hip path=e88-sequential-split-edit-triton use_triton=True use_chunked_e97=False e97_chunk_size=32 linear_state=False raw_write=False use_split_edit=True log_decay=True
[e97-runtime] backend=hip path=e88-sequential-split-edit-triton use_triton=True use_chunked_e97=False e97_chunk_size=32 linear_state=False raw_write=False use_split_edit=True log_decay=True
[e97-runtime] backend=hip path=e88-sequential-split-edit-triton use_triton=True use_chunked_e97=False e97_chunk_size=32 linear_state=False raw_write=False use_split_edit=True log_decay=True
[e97-runtime] backend=hip path=e88-sequential-split-edit-triton use_triton=True use_chunked_e97=False e97_chunk_size=32 linear_state=False raw_write=False use_split_edit=True log_decay=True
[e97-runtime] backend=hip path=e88-sequential-split-edit-triton use_triton=True use_chunked_e97=False e97_chunk_size=32 linear_state=False raw_write=False use_split_edit=True log_decay=True
[e97-runtime] backend=hip path=e88-sequential-split-edit-triton use_triton=True use_chunked_e97=False e97_chunk_size=32 linear_state=False raw_write=False use_split_edit=True log_decay=True
[e97-runtime] backend=hip path=e88-sequential-split-edit-triton use_triton=True use_chunked_e97=False e97_chunk_size=32 linear_state=False raw_write=False use_split_edit=True log_decay=True
[e97-runtime] backend=hip path=e88-sequential-split-edit-triton use_triton=True use_chunked_e97=False e97_chunk_size=32 linear_state=False raw_write=False use_split_edit=True log_decay=True
[e97-runtime] backend=hip path=e88-sequential-split-edit-triton use_triton=True use_chunked_e97=False e97_chunk_size=32 linear_state=False raw_write=False use_split_edit=True log_decay=True
[e97-runtime] backend=hip path=e88-sequential-split-edit-triton use_triton=True use_chunked_e97=False e97_chunk_size=32 linear_state=False raw_write=False use_split_edit=True log_decay=True
[e97-runtime] backend=hip path=e88-sequential-split-edit-triton use_triton=True use_chunked_e97=False e97_chunk_size=32 linear_state=False raw_write=False use_split_edit=True log_decay=True
[e97-runtime] backend=hip path=e88-sequential-split-edit-triton use_triton=True use_chunked_e97=False e97_chunk_size=32 linear_state=False raw_write=False use_split_edit=True log_decay=True
[e97-runtime] backend=hip path=e88-sequential-split-edit-triton use_triton=True use_chunked_e97=False e97_chunk_size=32 linear_state=False raw_write=False use_split_edit=True log_decay=True
[e97-runtime] backend=hip path=e88-sequential-split-edit-triton use_triton=True use_chunked_e97=False e97_chunk_size=32 linear_state=False raw_write=False use_split_edit=True log_decay=True
[e97-runtime] backend=hip path=e88-sequential-split-edit-triton use_triton=True use_chunked_e97=False e97_chunk_size=32 linear_state=False raw_write=False use_split_edit=True log_decay=True
[e97-runtime] backend=hip path=e88-sequential-split-edit-triton use_triton=True use_chunked_e97=False e97_chunk_size=32 linear_state=False raw_write=False use_split_edit=True log_decay=True
[e97-runtime] backend=hip path=e88-sequential-split-edit-triton use_triton=True use_chunked_e97=False e97_chunk_size=32 linear_state=False raw_write=False use_split_edit=True log_decay=True
[e97-runtime] backend=hip path=e88-sequential-split-edit-triton use_triton=True use_chunked_e97=False e97_chunk_size=32 linear_state=False raw_write=False use_split_edit=True log_decay=True
[e97-runtime] backend=hip path=e88-sequential-split-edit-triton use_triton=True use_chunked_e97=False e97_chunk_size=32 linear_state=False raw_write=False use_split_edit=True log_decay=True
[e97-runtime] backend=hip path=e88-sequential-split-edit-triton use_triton=True use_chunked_e97=False e97_chunk_size=32 linear_state=False raw_write=False use_split_edit=True log_decay=True
[e97-runtime] backend=hip path=e88-sequential-split-edit-triton use_triton=True use_chunked_e97=False e97_chunk_size=32 linear_state=False raw_write=False use_split_edit=True log_decay=True
[e97-runtime] backend=hip path=e88-sequential-split-edit-triton use_triton=True use_chunked_e97=False e97_chunk_size=32 linear_state=False raw_write=False use_split_edit=True log_decay=True
[e97-runtime] backend=hip path=e88-sequential-split-edit-triton use_triton=True use_chunked_e97=False e97_chunk_size=32 linear_state=False raw_write=False use_split_edit=True log_decay=True
[e97-runtime] backend=hip path=e88-sequential-split-edit-triton use_triton=True use_chunked_e97=False e97_chunk_size=32 linear_state=False raw_write=False use_split_edit=True log_decay=True
[e97-runtime] backend=hip path=e88-sequential-split-edit-triton use_triton=True use_chunked_e97=False e97_chunk_size=32 linear_state=False raw_write=False use_split_edit=True log_decay=True
[e97-runtime] backend=hip path=e88-sequential-split-edit-triton use_triton=True use_chunked_e97=False e97_chunk_size=32 linear_state=False raw_write=False use_split_edit=True log_decay=True
[e97-runtime] backend=hip path=e88-sequential-split-edit-triton use_triton=True use_chunked_e97=False e97_chunk_size=32 linear_state=False raw_write=False use_split_edit=True log_decay=True
[e97-runtime] backend=hip path=e88-sequential-split-edit-triton use_triton=True use_chunked_e97=False e97_chunk_size=32 linear_state=False raw_write=False use_split_edit=True log_decay=True
[e97-runtime] backend=hip path=e88-sequential-split-edit-triton use_triton=True use_chunked_e97=False e97_chunk_size=32 linear_state=False raw_write=False use_split_edit=True log_decay=True
[e97-runtime] backend=hip path=e88-sequential-split-edit-triton use_triton=True use_chunked_e97=False e97_chunk_size=32 linear_state=False raw_write=False use_split_edit=True log_decay=True
[e97-runtime] backend=hip path=e88-sequential-split-edit-triton use_triton=True use_chunked_e97=False e97_chunk_size=32 linear_state=False raw_write=False use_split_edit=True log_decay=True
[e97-runtime] backend=hip path=e88-sequential-split-edit-triton use_triton=True use_chunked_e97=False e97_chunk_size=32 linear_state=False raw_write=False use_split_edit=True log_decay=True
[e97-runtime] backend=hip path=e88-sequential-split-edit-triton use_triton=True use_chunked_e97=False e97_chunk_size=32 linear_state=False raw_write=False use_split_edit=True log_decay=True
[e97-runtime] backend=hip path=e88-sequential-split-edit-triton use_triton=True use_chunked_e97=False e97_chunk_size=32 linear_state=False raw_write=False use_split_edit=True log_decay=True
[e97-runtime] backend=hip path=e88-sequential-split-edit-triton use_triton=True use_chunked_e97=False e97_chunk_size=32 linear_state=False raw_write=False use_split_edit=True log_decay=True
[e97-runtime] backend=hip path=e88-sequential-split-edit-triton use_triton=True use_chunked_e97=False e97_chunk_size=32 linear_state=False raw_write=False use_split_edit=True log_decay=True
[e97-runtime] backend=hip path=e88-sequential-split-edit-triton use_triton=True use_chunked_e97=False e97_chunk_size=32 linear_state=False raw_write=False use_split_edit=True log_decay=True
[e97-runtime] backend=hip path=e88-sequential-split-edit-triton use_triton=True use_chunked_e97=False e97_chunk_size=32 linear_state=False raw_write=False use_split_edit=True log_decay=True
[e97-runtime] backend=hip path=e88-sequential-split-edit-triton use_triton=True use_chunked_e97=False e97_chunk_size=32 linear_state=False raw_write=False use_split_edit=True log_decay=True
[e97-runtime] backend=hip path=e88-sequential-split-edit-triton use_triton=True use_chunked_e97=False e97_chunk_size=32 linear_state=False raw_write=False use_split_edit=True log_decay=True
[e97-runtime] backend=hip path=e88-sequential-split-edit-triton use_triton=True use_chunked_e97=False e97_chunk_size=32 linear_state=False raw_write=False use_split_edit=True log_decay=True
[e97-runtime] backend=hip path=e88-sequential-split-edit-triton use_triton=True use_chunked_e97=False e97_chunk_size=32 linear_state=False raw_write=False use_split_edit=True log_decay=True
[e97-runtime] backend=hip path=e88-sequential-split-edit-triton use_triton=True use_chunked_e97=False e97_chunk_size=32 linear_state=False raw_write=False use_split_edit=True log_decay=True
[e97-runtime] backend=hip path=e88-sequential-split-edit-triton use_triton=True use_chunked_e97=False e97_chunk_size=32 linear_state=False raw_write=False use_split_edit=True log_decay=True
[e97-runtime] backend=hip path=e88-sequential-split-edit-triton use_triton=True use_chunked_e97=False e97_chunk_size=32 linear_state=False raw_write=False use_split_edit=True log_decay=True
[e97-runtime] backend=hip path=e88-sequential-split-edit-triton use_triton=True use_chunked_e97=False e97_chunk_size=32 linear_state=False raw_write=False use_split_edit=True log_decay=True
[e97-runtime] backend=hip path=e88-sequential-split-edit-triton use_triton=True use_chunked_e97=False e97_chunk_size=32 linear_state=False raw_write=False use_split_edit=True log_decay=True
[e97-runtime] backend=hip path=e88-sequential-split-edit-triton use_triton=True use_chunked_e97=False e97_chunk_size=32 linear_state=False raw_write=False use_split_edit=True log_decay=True
[e97-runtime] backend=hip path=e88-sequential-split-edit-triton use_triton=True use_chunked_e97=False e97_chunk_size=32 linear_state=False raw_write=False use_split_edit=True log_decay=True
[e97-runtime] backend=hip path=e88-sequential-split-edit-triton use_triton=True use_chunked_e97=False e97_chunk_size=32 linear_state=False raw_write=False use_split_edit=True log_decay=True
[e97-runtime] backend=hip path=e88-sequential-split-edit-triton use_triton=True use_chunked_e97=False e97_chunk_size=32 linear_state=False raw_write=False use_split_edit=True log_decay=True
[e97-runtime] backend=hip path=e88-sequential-split-edit-triton use_triton=True use_chunked_e97=False e97_chunk_size=32 linear_state=False raw_write=False use_split_edit=True log_decay=True
[e97-runtime] backend=hip path=e88-sequential-split-edit-triton use_triton=True use_chunked_e97=False e97_chunk_size=32 linear_state=False raw_write=False use_split_edit=True log_decay=True
[e97-runtime] backend=hip path=e88-sequential-split-edit-triton use_triton=True use_chunked_e97=False e97_chunk_size=32 linear_state=False raw_write=False use_split_edit=True log_decay=True
[e97-runtime] backend=hip path=e88-sequential-split-edit-triton use_triton=True use_chunked_e97=False e97_chunk_size=32 linear_state=False raw_write=False use_split_edit=True log_decay=True
[e97-runtime] backend=hip path=e88-sequential-split-edit-triton use_triton=True use_chunked_e97=False e97_chunk_size=32 linear_state=False raw_write=False use_split_edit=True log_decay=True
[e97-runtime] backend=hip path=e88-sequential-split-edit-triton use_triton=True use_chunked_e97=False e97_chunk_size=32 linear_state=False raw_write=False use_split_edit=True log_decay=True
[e97-runtime] backend=hip path=e88-sequential-split-edit-triton use_triton=True use_chunked_e97=False e97_chunk_size=32 linear_state=False raw_write=False use_split_edit=True log_decay=True
[e97-runtime] backend=hip path=e88-sequential-split-edit-triton use_triton=True use_chunked_e97=False e97_chunk_size=32 linear_state=False raw_write=False use_split_edit=True log_decay=True
[e97-runtime] backend=hip path=e88-sequential-split-edit-triton use_triton=True use_chunked_e97=False e97_chunk_size=32 linear_state=False raw_write=False use_split_edit=True log_decay=True
[e97-runtime] backend=hip path=e88-sequential-split-edit-triton use_triton=True use_chunked_e97=False e97_chunk_size=32 linear_state=False raw_write=False use_split_edit=True log_decay=True
[e97-runtime] backend=hip path=e88-sequential-split-edit-triton use_triton=True use_chunked_e97=False e97_chunk_size=32 linear_state=False raw_write=False use_split_edit=True log_decay=True
[e97-runtime] backend=hip path=e88-sequential-split-edit-triton use_triton=True use_chunked_e97=False e97_chunk_size=32 linear_state=False raw_write=False use_split_edit=True log_decay=True
[e97-runtime] backend=hip path=e88-sequential-split-edit-triton use_triton=True use_chunked_e97=False e97_chunk_size=32 linear_state=False raw_write=False use_split_edit=True log_decay=True
[e97-runtime] backend=hip path=e88-sequential-split-edit-triton use_triton=True use_chunked_e97=False e97_chunk_size=32 linear_state=False raw_write=False use_split_edit=True log_decay=True
[e97-runtime] backend=hip path=e88-sequential-split-edit-triton use_triton=True use_chunked_e97=False e97_chunk_size=32 linear_state=False raw_write=False use_split_edit=True log_decay=True
[e97-runtime] backend=hip path=e88-sequential-split-edit-triton use_triton=True use_chunked_e97=False e97_chunk_size=32 linear_state=False raw_write=False use_split_edit=True log_decay=True
[e97-runtime] backend=hip path=e88-sequential-split-edit-triton use_triton=True use_chunked_e97=False e97_chunk_size=32 linear_state=False raw_write=False use_split_edit=True log_decay=True
[e97-runtime] backend=hip path=e88-sequential-split-edit-triton use_triton=True use_chunked_e97=False e97_chunk_size=32 linear_state=False raw_write=False use_split_edit=True log_decay=True
[e97-runtime] backend=hip path=e88-sequential-split-edit-triton use_triton=True use_chunked_e97=False e97_chunk_size=32 linear_state=False raw_write=False use_split_edit=True log_decay=True
[e97-runtime] backend=hip path=e88-sequential-split-edit-triton use_triton=True use_chunked_e97=False e97_chunk_size=32 linear_state=False raw_write=False use_split_edit=True log_decay=True
[e97-runtime] backend=hip path=e88-sequential-split-edit-triton use_triton=True use_chunked_e97=False e97_chunk_size=32 linear_state=False raw_write=False use_split_edit=True log_decay=True
[e97-runtime] backend=hip path=e88-sequential-split-edit-triton use_triton=True use_chunked_e97=False e97_chunk_size=32 linear_state=False raw_write=False use_split_edit=True log_decay=True
[e97-runtime] backend=hip path=e88-sequential-split-edit-triton use_triton=True use_chunked_e97=False e97_chunk_size=32 linear_state=False raw_write=False use_split_edit=True log_decay=True
[e97-runtime] backend=hip path=e88-sequential-split-edit-triton use_triton=True use_chunked_e97=False e97_chunk_size=32 linear_state=False raw_write=False use_split_edit=True log_decay=True
[e97-runtime] backend=hip path=e88-sequential-split-edit-triton use_triton=True use_chunked_e97=False e97_chunk_size=32 linear_state=False raw_write=False use_split_edit=True log_decay=True
[e97-runtime] backend=hip path=e88-sequential-split-edit-triton use_triton=True use_chunked_e97=False e97_chunk_size=32 linear_state=False raw_write=False use_split_edit=True log_decay=True
[e97-runtime] backend=hip path=e88-sequential-split-edit-triton use_triton=True use_chunked_e97=False e97_chunk_size=32 linear_state=False raw_write=False use_split_edit=True log_decay=True
[e97-runtime] backend=hip path=e88-sequential-split-edit-triton use_triton=True use_chunked_e97=False e97_chunk_size=32 linear_state=False raw_write=False use_split_edit=True log_decay=True
[e97-runtime] backend=hip path=e88-sequential-split-edit-triton use_triton=True use_chunked_e97=False e97_chunk_size=32 linear_state=False raw_write=False use_split_edit=True log_decay=True
[e97-runtime] backend=hip path=e88-sequential-split-edit-triton use_triton=True use_chunked_e97=False e97_chunk_size=32 linear_state=False raw_write=False use_split_edit=True log_decay=True
[e97-runtime] backend=hip path=e88-sequential-split-edit-triton use_triton=True use_chunked_e97=False e97_chunk_size=32 linear_state=False raw_write=False use_split_edit=True log_decay=True
[e97-runtime] backend=hip path=e88-sequential-split-edit-triton use_triton=True use_chunked_e97=False e97_chunk_size=32 linear_state=False raw_write=False use_split_edit=True log_decay=True
[e97-runtime] backend=hip path=e88-sequential-split-edit-triton use_triton=True use_chunked_e97=False e97_chunk_size=32 linear_state=False raw_write=False use_split_edit=True log_decay=True
[e97-runtime] backend=hip path=e88-sequential-split-edit-triton use_triton=True use_chunked_e97=False e97_chunk_size=32 linear_state=False raw_write=False use_split_edit=True log_decay=True
[e97-runtime] backend=hip path=e88-sequential-split-edit-triton use_triton=True use_chunked_e97=False e97_chunk_size=32 linear_state=False raw_write=False use_split_edit=True log_decay=True
[e97-runtime] backend=hip path=e88-sequential-split-edit-triton use_triton=True use_chunked_e97=False e97_chunk_size=32 linear_state=False raw_write=False use_split_edit=True log_decay=True
[e97-runtime] backend=hip path=e88-sequential-split-edit-triton use_triton=True use_chunked_e97=False e97_chunk_size=32 linear_state=False raw_write=False use_split_edit=True log_decay=True
[e97-runtime] backend=hip path=e88-sequential-split-edit-triton use_triton=True use_chunked_e97=False e97_chunk_size=32 linear_state=False raw_write=False use_split_edit=True log_decay=True
[e97-runtime] backend=hip path=e88-sequential-split-edit-triton use_triton=True use_chunked_e97=False e97_chunk_size=32 linear_state=False raw_write=False use_split_edit=True log_decay=True
[e97-runtime] backend=hip path=e88-sequential-split-edit-triton use_triton=True use_chunked_e97=False e97_chunk_size=32 linear_state=False raw_write=False use_split_edit=True log_decay=True
[e97-runtime] backend=hip path=e88-sequential-split-edit-triton use_triton=True use_chunked_e97=False e97_chunk_size=32 linear_state=False raw_write=False use_split_edit=True log_decay=True
[e97-runtime] backend=hip path=e88-sequential-split-edit-triton use_triton=True use_chunked_e97=False e97_chunk_size=32 linear_state=False raw_write=False use_split_edit=True log_decay=True
[e97-runtime] backend=hip path=e88-sequential-split-edit-triton use_triton=True use_chunked_e97=False e97_chunk_size=32 linear_state=False raw_write=False use_split_edit=True log_decay=True
[e97-runtime] backend=hip path=e88-sequential-split-edit-triton use_triton=True use_chunked_e97=False e97_chunk_size=32 linear_state=False raw_write=False use_split_edit=True log_decay=True
[e97-runtime] backend=hip path=e88-sequential-split-edit-triton use_triton=True use_chunked_e97=False e97_chunk_size=32 linear_state=False raw_write=False use_split_edit=True log_decay=True
[e97-runtime] backend=hip path=e88-sequential-split-edit-triton use_triton=True use_chunked_e97=False e97_chunk_size=32 linear_state=False raw_write=False use_split_edit=True log_decay=True
[e97-runtime] backend=hip path=e88-sequential-split-edit-triton use_triton=True use_chunked_e97=False e97_chunk_size=32 linear_state=False raw_write=False use_split_edit=True log_decay=True
[e97-runtime] backend=hip path=e88-sequential-split-edit-triton use_triton=True use_chunked_e97=False e97_chunk_size=32 linear_state=False raw_write=False use_split_edit=True log_decay=True
[e97-runtime] backend=hip path=e88-sequential-split-edit-triton use_triton=True use_chunked_e97=False e97_chunk_size=32 linear_state=False raw_write=False use_split_edit=True log_decay=True
[e97-runtime] backend=hip path=e88-sequential-split-edit-triton use_triton=True use_chunked_e97=False e97_chunk_size=32 linear_state=False raw_write=False use_split_edit=True log_decay=True
[e97-runtime] backend=hip path=e88-sequential-split-edit-triton use_triton=True use_chunked_e97=False e97_chunk_size=32 linear_state=False raw_write=False use_split_edit=True log_decay=True
[e97-runtime] backend=hip path=e88-sequential-split-edit-triton use_triton=True use_chunked_e97=False e97_chunk_size=32 linear_state=False raw_write=False use_split_edit=True log_decay=True
[e97-runtime] backend=hip path=e88-sequential-split-edit-triton use_triton=True use_chunked_e97=False e97_chunk_size=32 linear_state=False raw_write=False use_split_edit=True log_decay=True
[e97-runtime] backend=hip path=e88-sequential-split-edit-triton use_triton=True use_chunked_e97=False e97_chunk_size=32 linear_state=False raw_write=False use_split_edit=True log_decay=True
[e97-runtime] backend=hip path=e88-sequential-split-edit-triton use_triton=True use_chunked_e97=False e97_chunk_size=32 linear_state=False raw_write=False use_split_edit=True log_decay=True
[e97-runtime] backend=hip path=e88-sequential-split-edit-triton use_triton=True use_chunked_e97=False e97_chunk_size=32 linear_state=False raw_write=False use_split_edit=True log_decay=True
[e97-runtime] backend=hip path=e88-sequential-split-edit-triton use_triton=True use_chunked_e97=False e97_chunk_size=32 linear_state=False raw_write=False use_split_edit=True log_decay=True
[e97-runtime] backend=hip path=e88-sequential-split-edit-triton use_triton=True use_chunked_e97=False e97_chunk_size=32 linear_state=False raw_write=False use_split_edit=True log_decay=True
[e97-runtime] backend=hip path=e88-sequential-split-edit-triton use_triton=True use_chunked_e97=False e97_chunk_size=32 linear_state=False raw_write=False use_split_edit=True log_decay=True
[e97-runtime] backend=hip path=e88-sequential-split-edit-triton use_triton=True use_chunked_e97=False e97_chunk_size=32 linear_state=False raw_write=False use_split_edit=True log_decay=True
[e97-runtime] backend=hip path=e88-sequential-split-edit-triton use_triton=True use_chunked_e97=False e97_chunk_size=32 linear_state=False raw_write=False use_split_edit=True log_decay=True
[e97-runtime] backend=hip path=e88-sequential-split-edit-triton use_triton=True use_chunked_e97=False e97_chunk_size=32 linear_state=False raw_write=False use_split_edit=True log_decay=True
[e97-runtime] backend=hip path=e88-sequential-split-edit-triton use_triton=True use_chunked_e97=False e97_chunk_size=32 linear_state=False raw_write=False use_split_edit=True log_decay=True
[e97-runtime] backend=hip path=e88-sequential-split-edit-triton use_triton=True use_chunked_e97=False e97_chunk_size=32 linear_state=False raw_write=False use_split_edit=True log_decay=True
[e97-runtime] backend=hip path=e88-sequential-split-edit-triton use_triton=True use_chunked_e97=False e97_chunk_size=32 linear_state=False raw_write=False use_split_edit=True log_decay=True
[e97-runtime] backend=hip path=e88-sequential-split-edit-triton use_triton=True use_chunked_e97=False e97_chunk_size=32 linear_state=False raw_write=False use_split_edit=True log_decay=True
[e97-runtime] backend=hip path=e88-sequential-split-edit-triton use_triton=True use_chunked_e97=False e97_chunk_size=32 linear_state=False raw_write=False use_split_edit=True log_decay=True
[e97-runtime] backend=hip path=e88-sequential-split-edit-triton use_triton=True use_chunked_e97=False e97_chunk_size=32 linear_state=False raw_write=False use_split_edit=True log_decay=True
[e97-runtime] backend=hip path=e88-sequential-split-edit-triton use_triton=True use_chunked_e97=False e97_chunk_size=32 linear_state=False raw_write=False use_split_edit=True log_decay=True
[e97-runtime] backend=hip path=e88-sequential-split-edit-triton use_triton=True use_chunked_e97=False e97_chunk_size=32 linear_state=False raw_write=False use_split_edit=True log_decay=True
[e97-runtime] backend=hip path=e88-sequential-split-edit-triton use_triton=True use_chunked_e97=False e97_chunk_size=32 linear_state=False raw_write=False use_split_edit=True log_decay=True
[e97-runtime] backend=hip path=e88-sequential-split-edit-triton use_triton=True use_chunked_e97=False e97_chunk_size=32 linear_state=False raw_write=False use_split_edit=True log_decay=True
[e97-runtime] backend=hip path=e88-sequential-split-edit-triton use_triton=True use_chunked_e97=False e97_chunk_size=32 linear_state=False raw_write=False use_split_edit=True log_decay=True
[e97-runtime] backend=hip path=e88-sequential-split-edit-triton use_triton=True use_chunked_e97=False e97_chunk_size=32 linear_state=False raw_write=False use_split_edit=True log_decay=True
[e97-runtime] backend=hip path=e88-sequential-split-edit-triton use_triton=True use_chunked_e97=False e97_chunk_size=32 linear_state=False raw_write=False use_split_edit=True log_decay=True
[e97-runtime] backend=hip path=e88-sequential-split-edit-triton use_triton=True use_chunked_e97=False e97_chunk_size=32 linear_state=False raw_write=False use_split_edit=True log_decay=True
[e97-runtime] backend=hip path=e88-sequential-split-edit-triton use_triton=True use_chunked_e97=False e97_chunk_size=32 linear_state=False raw_write=False use_split_edit=True log_decay=True
[e97-runtime] backend=hip path=e88-sequential-split-edit-triton use_triton=True use_chunked_e97=False e97_chunk_size=32 linear_state=False raw_write=False use_split_edit=True log_decay=True
[e97-runtime] backend=hip path=e88-sequential-split-edit-triton use_triton=True use_chunked_e97=False e97_chunk_size=32 linear_state=False raw_write=False use_split_edit=True log_decay=True
[e97-runtime] backend=hip path=e88-sequential-split-edit-triton use_triton=True use_chunked_e97=False e97_chunk_size=32 linear_state=False raw_write=False use_split_edit=True log_decay=True
[e97-runtime] backend=hip path=e88-sequential-split-edit-triton use_triton=True use_chunked_e97=False e97_chunk_size=32 linear_state=False raw_write=False use_split_edit=True log_decay=True
[e97-runtime] backend=hip path=e88-sequential-split-edit-triton use_triton=True use_chunked_e97=False e97_chunk_size=32 linear_state=False raw_write=False use_split_edit=True log_decay=True
[e97-runtime] backend=hip path=e88-sequential-split-edit-triton use_triton=True use_chunked_e97=False e97_chunk_size=32 linear_state=False raw_write=False use_split_edit=True log_decay=True
[e97-runtime] backend=hip path=e88-sequential-split-edit-triton use_triton=True use_chunked_e97=False e97_chunk_size=32 linear_state=False raw_write=False use_split_edit=True log_decay=True
[e97-runtime] backend=hip path=e88-sequential-split-edit-triton use_triton=True use_chunked_e97=False e97_chunk_size=32 linear_state=False raw_write=False use_split_edit=True log_decay=True
[e97-runtime] backend=hip path=e88-sequential-split-edit-triton use_triton=True use_chunked_e97=False e97_chunk_size=32 linear_state=False raw_write=False use_split_edit=True log_decay=True
[e97-runtime] backend=hip path=e88-sequential-split-edit-triton use_triton=True use_chunked_e97=False e97_chunk_size=32 linear_state=False raw_write=False use_split_edit=True log_decay=True
[e97-runtime] backend=hip path=e88-sequential-split-edit-triton use_triton=True use_chunked_e97=False e97_chunk_size=32 linear_state=False raw_write=False use_split_edit=True log_decay=True
[e97-runtime] backend=hip path=e88-sequential-split-edit-triton use_triton=True use_chunked_e97=False e97_chunk_size=32 linear_state=False raw_write=False use_split_edit=True log_decay=True
[e97-runtime] backend=hip path=e88-sequential-split-edit-triton use_triton=True use_chunked_e97=False e97_chunk_size=32 linear_state=False raw_write=False use_split_edit=True log_decay=True
[e97-runtime] backend=hip path=e88-sequential-split-edit-triton use_triton=True use_chunked_e97=False e97_chunk_size=32 linear_state=False raw_write=False use_split_edit=True log_decay=True
[e97-runtime] backend=hip path=e88-sequential-split-edit-triton use_triton=True use_chunked_e97=False e97_chunk_size=32 linear_state=False raw_write=False use_split_edit=True log_decay=True
[e97-runtime] backend=hip path=e88-sequential-split-edit-triton use_triton=True use_chunked_e97=False e97_chunk_size=32 linear_state=False raw_write=False use_split_edit=True log_decay=True
[e97-runtime] backend=hip path=e88-sequential-split-edit-triton use_triton=True use_chunked_e97=False e97_chunk_size=32 linear_state=False raw_write=False use_split_edit=True log_decay=True
[e97-runtime] backend=hip path=e88-sequential-split-edit-triton use_triton=True use_chunked_e97=False e97_chunk_size=32 linear_state=False raw_write=False use_split_edit=True log_decay=True
[e97-runtime] backend=hip path=e88-sequential-split-edit-triton use_triton=True use_chunked_e97=False e97_chunk_size=32 linear_state=False raw_write=False use_split_edit=True log_decay=True
[e97-runtime] backend=hip path=e88-sequential-split-edit-triton use_triton=True use_chunked_e97=False e97_chunk_size=32 linear_state=False raw_write=False use_split_edit=True log_decay=True
[e97-runtime] backend=hip path=e88-sequential-split-edit-triton use_triton=True use_chunked_e97=False e97_chunk_size=32 linear_state=False raw_write=False use_split_edit=True log_decay=True
[e97-runtime] backend=hip path=e88-sequential-split-edit-triton use_triton=True use_chunked_e97=False e97_chunk_size=32 linear_state=False raw_write=False use_split_edit=True log_decay=True
[e97-runtime] backend=hip path=e88-sequential-split-edit-triton use_triton=True use_chunked_e97=False e97_chunk_size=32 linear_state=False raw_write=False use_split_edit=True log_decay=True
[e97-runtime] backend=hip path=e88-sequential-split-edit-triton use_triton=True use_chunked_e97=False e97_chunk_size=32 linear_state=False raw_write=False use_split_edit=True log_decay=True
[e97-runtime] backend=hip path=e88-sequential-split-edit-triton use_triton=True use_chunked_e97=False e97_chunk_size=32 linear_state=False raw_write=False use_split_edit=True log_decay=True
[e97-runtime] backend=hip path=e88-sequential-split-edit-triton use_triton=True use_chunked_e97=False e97_chunk_size=32 linear_state=False raw_write=False use_split_edit=True log_decay=True
[e97-runtime] backend=hip path=e88-sequential-split-edit-triton use_triton=True use_chunked_e97=False e97_chunk_size=32 linear_state=False raw_write=False use_split_edit=True log_decay=True
[e97-runtime] backend=hip path=e88-sequential-split-edit-triton use_triton=True use_chunked_e97=False e97_chunk_size=32 linear_state=False raw_write=False use_split_edit=True log_decay=True
[e97-runtime] backend=hip path=e88-sequential-split-edit-triton use_triton=True use_chunked_e97=False e97_chunk_size=32 linear_state=False raw_write=False use_split_edit=True log_decay=True
[e97-runtime] backend=hip path=e88-sequential-split-edit-triton use_triton=True use_chunked_e97=False e97_chunk_size=32 linear_state=False raw_write=False use_split_edit=True log_decay=True
[e97-runtime] backend=hip path=e88-sequential-split-edit-triton use_triton=True use_chunked_e97=False e97_chunk_size=32 linear_state=False raw_write=False use_split_edit=True log_decay=True
[e97-runtime] backend=hip path=e88-sequential-split-edit-triton use_triton=True use_chunked_e97=False e97_chunk_size=32 linear_state=False raw_write=False use_split_edit=True log_decay=True
[e97-runtime] backend=hip path=e88-sequential-split-edit-triton use_triton=True use_chunked_e97=False e97_chunk_size=32 linear_state=False raw_write=False use_split_edit=True log_decay=True
[e97-runtime] backend=hip path=e88-sequential-split-edit-triton use_triton=True use_chunked_e97=False e97_chunk_size=32 linear_state=False raw_write=False use_split_edit=True log_decay=True
  warmup 1/1 | loss 2.2458
Compile/autotune warmup took 7.3s

Starting training from step 1065000...
Batch size: 4, Chunk size: 2048
Gradient accumulation: 1, Effective batch: 4

/lustre/orion/bif148/scratch/erikgarrison/emender/.wg-worktrees/agent-754/train.py:2979: UserWarning: Converting a tensor with requires_grad=True to a scalar may lead to unexpected behavior.
Consider using tensor.detach() first. (Triggered internally at /pytorch/aten/src/ATen/native/Scalar.cpp:22.)
  print(f"  warmup {warmup_step + 1}/{args.compile_warmup_steps} | loss {loss.item():.4f}")
Time-based training: 10.0 min budget (after compile warmup). Init took 64.6s, 600.0s remaining for training.
  warmup 1/1 | loss 2.2114
Compile/autotune warmup took 7.2s

Starting training from step 1065000...
Batch size: 4, Chunk size: 2048
Gradient accumulation: 1, Effective batch: 4

/lustre/orion/bif148/scratch/erikgarrison/emender/.wg-worktrees/agent-754/train.py:2979: UserWarning: Converting a tensor with requires_grad=True to a scalar may lead to unexpected behavior.
Consider using tensor.detach() first. (Triggered internally at /pytorch/aten/src/ATen/native/Scalar.cpp:22.)
  print(f"  warmup {warmup_step + 1}/{args.compile_warmup_steps} | loss {loss.item():.4f}")
Time-based training: 10.0 min budget (after compile warmup). Init took 64.7s, 600.0s remaining for training.
  warmup 1/1 | loss 2.4729
Compile/autotune warmup took 7.3s

Starting training from step 1065000...
Batch size: 4, Chunk size: 2048
Gradient accumulation: 1, Effective batch: 4

/lustre/orion/bif148/scratch/erikgarrison/emender/.wg-worktrees/agent-754/train.py:2979: UserWarning: Converting a tensor with requires_grad=True to a scalar may lead to unexpected behavior.
Consider using tensor.detach() first. (Triggered internally at /pytorch/aten/src/ATen/native/Scalar.cpp:22.)
  print(f"  warmup {warmup_step + 1}/{args.compile_warmup_steps} | loss {loss.item():.4f}")
Time-based training: 10.0 min budget (after compile warmup). Init took 64.7s, 600.0s remaining for training.
  warmup 1/1 | loss 2.5908
Compile/autotune warmup took 7.2s

Starting training from step 1065000...
Batch size: 4, Chunk size: 2048
Gradient accumulation: 1, Effective batch: 4

/lustre/orion/bif148/scratch/erikgarrison/emender/.wg-worktrees/agent-754/train.py:2979: UserWarning: Converting a tensor with requires_grad=True to a scalar may lead to unexpected behavior.
Consider using tensor.detach() first. (Triggered internally at /pytorch/aten/src/ATen/native/Scalar.cpp:22.)
  print(f"  warmup {warmup_step + 1}/{args.compile_warmup_steps} | loss {loss.item():.4f}")
Time-based training: 10.0 min budget (after compile warmup). Init took 64.8s, 600.0s remaining for training.
  warmup 1/1 | loss 1.8762
Compile/autotune warmup took 7.2s

Starting training from step 1065000...
Batch size: 4, Chunk size: 2048
Gradient accumulation: 1, Effective batch: 4

/lustre/orion/bif148/scratch/erikgarrison/emender/.wg-worktrees/agent-754/train.py:2979: UserWarning: Converting a tensor with requires_grad=True to a scalar may lead to unexpected behavior.
Consider using tensor.detach() first. (Triggered internally at /pytorch/aten/src/ATen/native/Scalar.cpp:22.)
  print(f"  warmup {warmup_step + 1}/{args.compile_warmup_steps} | loss {loss.item():.4f}")
Time-based training: 10.0 min budget (after compile warmup). Init took 64.8s, 600.0s remaining for training.
  warmup 1/1 | loss 2.9933
Compile/autotune warmup took 7.3s

Starting training from step 1065000...
Batch size: 4, Chunk size: 2048
Gradient accumulation: 1, Effective batch: 4

/lustre/orion/bif148/scratch/erikgarrison/emender/.wg-worktrees/agent-754/train.py:2979: UserWarning: Converting a tensor with requires_grad=True to a scalar may lead to unexpected behavior.
Consider using tensor.detach() first. (Triggered internally at /pytorch/aten/src/ATen/native/Scalar.cpp:22.)
  print(f"  warmup {warmup_step + 1}/{args.compile_warmup_steps} | loss {loss.item():.4f}")
Time-based training: 10.0 min budget (after compile warmup). Init took 64.8s, 600.0s remaining for training.
  warmup 1/1 | loss 2.1030
Compile/autotune warmup took 7.3s

Starting training from step 1065000...
Batch size: 4, Chunk size: 2048
Gradient accumulation: 1, Effective batch: 4

/lustre/orion/bif148/scratch/erikgarrison/emender/.wg-worktrees/agent-754/train.py:2979: UserWarning: Converting a tensor with requires_grad=True to a scalar may lead to unexpected behavior.
Consider using tensor.detach() first. (Triggered internally at /pytorch/aten/src/ATen/native/Scalar.cpp:22.)
  print(f"  warmup {warmup_step + 1}/{args.compile_warmup_steps} | loss {loss.item():.4f}")
Time-based training: 10.0 min budget (after compile warmup). Init took 64.8s, 600.0s remaining for training.
  warmup 1/1 | loss 2.5842
Compile/autotune warmup took 7.5s

Starting training from step 1065000...
Batch size: 4, Chunk size: 2048
Gradient accumulation: 1, Effective batch: 4

/lustre/orion/bif148/scratch/erikgarrison/emender/.wg-worktrees/agent-754/train.py:2979: UserWarning: Converting a tensor with requires_grad=True to a scalar may lead to unexpected behavior.
Consider using tensor.detach() first. (Triggered internally at /pytorch/aten/src/ATen/native/Scalar.cpp:22.)
  print(f"  warmup {warmup_step + 1}/{args.compile_warmup_steps} | loss {loss.item():.4f}")
Time-based training: 10.0 min budget (after compile warmup). Init took 63.8s, 600.0s remaining for training.
  warmup 1/1 | loss 2.6780
Compile/autotune warmup took 7.2s

Starting training from step 1065000...
Batch size: 4, Chunk size: 2048
Gradient accumulation: 1, Effective batch: 4

/lustre/orion/bif148/scratch/erikgarrison/emender/.wg-worktrees/agent-754/train.py:2979: UserWarning: Converting a tensor with requires_grad=True to a scalar may lead to unexpected behavior.
Consider using tensor.detach() first. (Triggered internally at /pytorch/aten/src/ATen/native/Scalar.cpp:22.)
  print(f"  warmup {warmup_step + 1}/{args.compile_warmup_steps} | loss {loss.item():.4f}")
Time-based training: 10.0 min budget (after compile warmup). Init took 64.8s, 600.0s remaining for training.
  warmup 1/1 | loss 2.3129
Compile/autotune warmup took 7.5s

Starting training from step 1065000...
Batch size: 4, Chunk size: 2048
Gradient accumulation: 1, Effective batch: 4

/lustre/orion/bif148/scratch/erikgarrison/emender/.wg-worktrees/agent-754/train.py:2979: UserWarning: Converting a tensor with requires_grad=True to a scalar may lead to unexpected behavior.
Consider using tensor.detach() first. (Triggered internally at /pytorch/aten/src/ATen/native/Scalar.cpp:22.)
  print(f"  warmup {warmup_step + 1}/{args.compile_warmup_steps} | loss {loss.item():.4f}")
Time-based training: 10.0 min budget (after compile warmup). Init took 63.8s, 600.0s remaining for training.
  warmup 1/1 | loss 2.8823
Compile/autotune warmup took 7.4s

Starting training from step 1065000...
Batch size: 4, Chunk size: 2048
Gradient accumulation: 1, Effective batch: 4

Time-based training: 10.0 min budget (after compile warmup). Init took 63.7s, 600.0s remaining for training.
/lustre/orion/bif148/scratch/erikgarrison/emender/.wg-worktrees/agent-754/train.py:2979: UserWarning: Converting a tensor with requires_grad=True to a scalar may lead to unexpected behavior.
Consider using tensor.detach() first. (Triggered internally at /pytorch/aten/src/ATen/native/Scalar.cpp:22.)
  print(f"  warmup {warmup_step + 1}/{args.compile_warmup_steps} | loss {loss.item():.4f}")
  warmup 1/1 | loss 2.6062
Compile/autotune warmup took 7.4s

Starting training from step 1065000...
Batch size: 4, Chunk size: 2048
Gradient accumulation: 1, Effective batch: 4

/lustre/orion/bif148/scratch/erikgarrison/emender/.wg-worktrees/agent-754/train.py:2979: UserWarning: Converting a tensor with requires_grad=True to a scalar may lead to unexpected behavior.
Consider using tensor.detach() first. (Triggered internally at /pytorch/aten/src/ATen/native/Scalar.cpp:22.)
  print(f"  warmup {warmup_step + 1}/{args.compile_warmup_steps} | loss {loss.item():.4f}")
Time-based training: 10.0 min budget (after compile warmup). Init took 63.7s, 600.0s remaining for training.
  warmup 1/1 | loss 2.2843
Compile/autotune warmup took 7.3s

Starting training from step 1065000...
Batch size: 4, Chunk size: 2048
Gradient accumulation: 1, Effective batch: 4

Time-based training: 10.0 min budget (after compile warmup). Init took 63.9s, 600.0s remaining for training.
/lustre/orion/bif148/scratch/erikgarrison/emender/.wg-worktrees/agent-754/train.py:2979: UserWarning: Converting a tensor with requires_grad=True to a scalar may lead to unexpected behavior.
Consider using tensor.detach() first. (Triggered internally at /pytorch/aten/src/ATen/native/Scalar.cpp:22.)
  print(f"  warmup {warmup_step + 1}/{args.compile_warmup_steps} | loss {loss.item():.4f}")
  warmup 1/1 | loss 2.3710
Compile/autotune warmup took 7.4s

Starting training from step 1065000...
Batch size: 4, Chunk size: 2048
Gradient accumulation: 1, Effective batch: 4

Time-based training: 10.0 min budget (after compile warmup). Init took 63.8s, 600.0s remaining for training.
/lustre/orion/bif148/scratch/erikgarrison/emender/.wg-worktrees/agent-754/train.py:2979: UserWarning: Converting a tensor with requires_grad=True to a scalar may lead to unexpected behavior.
Consider using tensor.detach() first. (Triggered internally at /pytorch/aten/src/ATen/native/Scalar.cpp:22.)
  print(f"  warmup {warmup_step + 1}/{args.compile_warmup_steps} | loss {loss.item():.4f}")
  warmup 1/1 | loss 2.3866
Compile/autotune warmup took 7.5s

Starting training from step 1065000...
Batch size: 4, Chunk size: 2048
Gradient accumulation: 1, Effective batch: 4

/lustre/orion/bif148/scratch/erikgarrison/emender/.wg-worktrees/agent-754/train.py:2979: UserWarning: Converting a tensor with requires_grad=True to a scalar may lead to unexpected behavior.
Consider using tensor.detach() first. (Triggered internally at /pytorch/aten/src/ATen/native/Scalar.cpp:22.)
  print(f"  warmup {warmup_step + 1}/{args.compile_warmup_steps} | loss {loss.item():.4f}")
Time-based training: 10.0 min budget (after compile warmup). Init took 63.8s, 600.0s remaining for training.
  warmup 1/1 | loss 2.0517
Compile/autotune warmup took 7.4s

Starting training from step 1065000...
Batch size: 4, Chunk size: 2048
Gradient accumulation: 1, Effective batch: 4

/lustre/orion/bif148/scratch/erikgarrison/emender/.wg-worktrees/agent-754/train.py:2979: UserWarning: Converting a tensor with requires_grad=True to a scalar may lead to unexpected behavior.
Consider using tensor.detach() first. (Triggered internally at /pytorch/aten/src/ATen/native/Scalar.cpp:22.)
  print(f"  warmup {warmup_step + 1}/{args.compile_warmup_steps} | loss {loss.item():.4f}")
Time-based training: 10.0 min budget (after compile warmup). Init took 63.9s, 600.0s remaining for training.
  warmup 1/1 | loss 3.0908
Compile/autotune warmup took 7.5s

Starting training from step 1065000...
Batch size: 4, Chunk size: 2048
Gradient accumulation: 1, Effective batch: 4

/lustre/orion/bif148/scratch/erikgarrison/emender/.wg-worktrees/agent-754/train.py:2979: UserWarning: Converting a tensor with requires_grad=True to a scalar may lead to unexpected behavior.
Consider using tensor.detach() first. (Triggered internally at /pytorch/aten/src/ATen/native/Scalar.cpp:22.)
  print(f"  warmup {warmup_step + 1}/{args.compile_warmup_steps} | loss {loss.item():.4f}")
Time-based training: 10.0 min budget (after compile warmup). Init took 63.9s, 600.0s remaining for training.
  warmup 1/1 | loss 2.8688
Compile/autotune warmup took 7.5s

Starting training from step 1065000...
Batch size: 4, Chunk size: 2048
Gradient accumulation: 1, Effective batch: 4

Time-based training: 10.0 min budget (after compile warmup). Init took 63.9s, 600.0s remaining for training.
/lustre/orion/bif148/scratch/erikgarrison/emender/.wg-worktrees/agent-754/train.py:2979: UserWarning: Converting a tensor with requires_grad=True to a scalar may lead to unexpected behavior.
Consider using tensor.detach() first. (Triggered internally at /pytorch/aten/src/ATen/native/Scalar.cpp:22.)
  print(f"  warmup {warmup_step + 1}/{args.compile_warmup_steps} | loss {loss.item():.4f}")
  warmup 1/1 | loss 3.3018
Compile/autotune warmup took 7.5s

Starting training from step 1065000...
Batch size: 4, Chunk size: 2048
Gradient accumulation: 1, Effective batch: 4

Time-based training: 10.0 min budget (after compile warmup). Init took 63.7s, 600.0s remaining for training.
/lustre/orion/bif148/scratch/erikgarrison/emender/.wg-worktrees/agent-754/train.py:2979: UserWarning: Converting a tensor with requires_grad=True to a scalar may lead to unexpected behavior.
Consider using tensor.detach() first. (Triggered internally at /pytorch/aten/src/ATen/native/Scalar.cpp:22.)
  print(f"  warmup {warmup_step + 1}/{args.compile_warmup_steps} | loss {loss.item():.4f}")
  warmup 1/1 | loss 2.5001
Compile/autotune warmup took 7.5s

Starting training from step 1065000...
Batch size: 4, Chunk size: 2048
Gradient accumulation: 1, Effective batch: 4

/lustre/orion/bif148/scratch/erikgarrison/emender/.wg-worktrees/agent-754/train.py:2979: UserWarning: Converting a tensor with requires_grad=True to a scalar may lead to unexpected behavior.
Consider using tensor.detach() first. (Triggered internally at /pytorch/aten/src/ATen/native/Scalar.cpp:22.)
  print(f"  warmup {warmup_step + 1}/{args.compile_warmup_steps} | loss {loss.item():.4f}")
Time-based training: 10.0 min budget (after compile warmup). Init took 63.9s, 600.0s remaining for training.
  warmup 1/1 | loss 3.0067
Compile/autotune warmup took 7.5s

Starting training from step 1065000...
Batch size: 4, Chunk size: 2048
Gradient accumulation: 1, Effective batch: 4

/lustre/orion/bif148/scratch/erikgarrison/emender/.wg-worktrees/agent-754/train.py:2979: UserWarning: Converting a tensor with requires_grad=True to a scalar may lead to unexpected behavior.
Consider using tensor.detach() first. (Triggered internally at /pytorch/aten/src/ATen/native/Scalar.cpp:22.)
  print(f"  warmup {warmup_step + 1}/{args.compile_warmup_steps} | loss {loss.item():.4f}")
Time-based training: 10.0 min budget (after compile warmup). Init took 63.9s, 600.0s remaining for training.
  warmup 1/1 | loss 2.6833
Compile/autotune warmup took 7.3s

Starting training from step 1065000...
Batch size: 4, Chunk size: 2048
Gradient accumulation: 1, Effective batch: 4

/lustre/orion/bif148/scratch/erikgarrison/emender/.wg-worktrees/agent-754/train.py:2979: UserWarning: Converting a tensor with requires_grad=True to a scalar may lead to unexpected behavior.
Consider using tensor.detach() first. (Triggered internally at /pytorch/aten/src/ATen/native/Scalar.cpp:22.)
  print(f"  warmup {warmup_step + 1}/{args.compile_warmup_steps} | loss {loss.item():.4f}")
Time-based training: 10.0 min budget (after compile warmup). Init took 63.7s, 600.0s remaining for training.
  warmup 1/1 | loss 2.6352
Compile/autotune warmup took 7.5s

Starting training from step 1065000...
Batch size: 4, Chunk size: 2048
Gradient accumulation: 1, Effective batch: 4

/lustre/orion/bif148/scratch/erikgarrison/emender/.wg-worktrees/agent-754/train.py:2979: UserWarning: Converting a tensor with requires_grad=True to a scalar may lead to unexpected behavior.
Consider using tensor.detach() first. (Triggered internally at /pytorch/aten/src/ATen/native/Scalar.cpp:22.)
  print(f"  warmup {warmup_step + 1}/{args.compile_warmup_steps} | loss {loss.item():.4f}")
Time-based training: 10.0 min budget (after compile warmup). Init took 63.7s, 600.0s remaining for training.
  warmup 1/1 | loss 2.6078
Compile/autotune warmup took 7.5s

Starting training from step 1065000...
Batch size: 4, Chunk size: 2048
Gradient accumulation: 1, Effective batch: 4

/lustre/orion/bif148/scratch/erikgarrison/emender/.wg-worktrees/agent-754/train.py:2979: UserWarning: Converting a tensor with requires_grad=True to a scalar may lead to unexpected behavior.
Consider using tensor.detach() first. (Triggered internally at /pytorch/aten/src/ATen/native/Scalar.cpp:22.)
  print(f"  warmup {warmup_step + 1}/{args.compile_warmup_steps} | loss {loss.item():.4f}")
Time-based training: 10.0 min budget (after compile warmup). Init took 63.8s, 600.0s remaining for training.
  warmup 1/1 | loss 2.4680
Compile/autotune warmup took 7.3s

Starting training from step 1065000...
Batch size: 4, Chunk size: 2048
Gradient accumulation: 1, Effective batch: 4

Time-based training: 10.0 min budget (after compile warmup). Init took 63.8s, 600.0s remaining for training.
/lustre/orion/bif148/scratch/erikgarrison/emender/.wg-worktrees/agent-754/train.py:2979: UserWarning: Converting a tensor with requires_grad=True to a scalar may lead to unexpected behavior.
Consider using tensor.detach() first. (Triggered internally at /pytorch/aten/src/ATen/native/Scalar.cpp:22.)
  print(f"  warmup {warmup_step + 1}/{args.compile_warmup_steps} | loss {loss.item():.4f}")
  warmup 1/1 | loss 2.3009
Compile/autotune warmup took 7.4s

Starting training from step 1065000...
Batch size: 4, Chunk size: 2048
Gradient accumulation: 1, Effective batch: 4

/lustre/orion/bif148/scratch/erikgarrison/emender/.wg-worktrees/agent-754/train.py:2979: UserWarning: Converting a tensor with requires_grad=True to a scalar may lead to unexpected behavior.
Consider using tensor.detach() first. (Triggered internally at /pytorch/aten/src/ATen/native/Scalar.cpp:22.)
  print(f"  warmup {warmup_step + 1}/{args.compile_warmup_steps} | loss {loss.item():.4f}")
Time-based training: 10.0 min budget (after compile warmup). Init took 63.7s, 600.0s remaining for training.
  warmup 1/1 | loss 2.6264
Compile/autotune warmup took 7.4s

Starting training from step 1065000...
Batch size: 4, Chunk size: 2048
Gradient accumulation: 1, Effective batch: 4

Time-based training: 10.0 min budget (after compile warmup). Init took 63.8s, 600.0s remaining for training.
/lustre/orion/bif148/scratch/erikgarrison/emender/.wg-worktrees/agent-754/train.py:2979: UserWarning: Converting a tensor with requires_grad=True to a scalar may lead to unexpected behavior.
Consider using tensor.detach() first. (Triggered internally at /pytorch/aten/src/ATen/native/Scalar.cpp:22.)
  print(f"  warmup {warmup_step + 1}/{args.compile_warmup_steps} | loss {loss.item():.4f}")
  warmup 1/1 | loss 2.4489
Compile/autotune warmup took 7.5s

Starting training from step 1065000...
Batch size: 4, Chunk size: 2048
Gradient accumulation: 1, Effective batch: 4

Time-based training: 10.0 min budget (after compile warmup). Init took 63.8s, 600.0s remaining for training.
/lustre/orion/bif148/scratch/erikgarrison/emender/.wg-worktrees/agent-754/train.py:2979: UserWarning: Converting a tensor with requires_grad=True to a scalar may lead to unexpected behavior.
Consider using tensor.detach() first. (Triggered internally at /pytorch/aten/src/ATen/native/Scalar.cpp:22.)
  print(f"  warmup {warmup_step + 1}/{args.compile_warmup_steps} | loss {loss.item():.4f}")
  warmup 1/1 | loss 2.5055
Compile/autotune warmup took 7.4s

Starting training from step 1065000...
Batch size: 4, Chunk size: 2048
Gradient accumulation: 1, Effective batch: 4

/lustre/orion/bif148/scratch/erikgarrison/emender/.wg-worktrees/agent-754/train.py:2979: UserWarning: Converting a tensor with requires_grad=True to a scalar may lead to unexpected behavior.
Consider using tensor.detach() first. (Triggered internally at /pytorch/aten/src/ATen/native/Scalar.cpp:22.)
  print(f"  warmup {warmup_step + 1}/{args.compile_warmup_steps} | loss {loss.item():.4f}")
Time-based training: 10.0 min budget (after compile warmup). Init took 63.8s, 600.0s remaining for training.
  warmup 1/1 | loss 1.9846
Compile/autotune warmup took 7.6s

Starting training from step 1065000...
Batch size: 4, Chunk size: 2048
Gradient accumulation: 1, Effective batch: 4

/lustre/orion/bif148/scratch/erikgarrison/emender/.wg-worktrees/agent-754/train.py:2979: UserWarning: Converting a tensor with requires_grad=True to a scalar may lead to unexpected behavior.
Consider using tensor.detach() first. (Triggered internally at /pytorch/aten/src/ATen/native/Scalar.cpp:22.)
  print(f"  warmup {warmup_step + 1}/{args.compile_warmup_steps} | loss {loss.item():.4f}")
Time-based training: 10.0 min budget (after compile warmup). Init took 63.9s, 600.0s remaining for training.
  warmup 1/1 | loss 2.8264
Compile/autotune warmup took 7.4s

Starting training from step 1065000...
Batch size: 4, Chunk size: 2048
Gradient accumulation: 1, Effective batch: 4

Time-based training: 10.0 min budget (after compile warmup). Init took 63.8s, 600.0s remaining for training.
/lustre/orion/bif148/scratch/erikgarrison/emender/.wg-worktrees/agent-754/train.py:2979: UserWarning: Converting a tensor with requires_grad=True to a scalar may lead to unexpected behavior.
Consider using tensor.detach() first. (Triggered internally at /pytorch/aten/src/ATen/native/Scalar.cpp:22.)
  print(f"  warmup {warmup_step + 1}/{args.compile_warmup_steps} | loss {loss.item():.4f}")
  warmup 1/1 | loss 2.4803
Compile/autotune warmup took 7.4s

Starting training from step 1065000...
Batch size: 4, Chunk size: 2048
Gradient accumulation: 1, Effective batch: 4

/lustre/orion/bif148/scratch/erikgarrison/emender/.wg-worktrees/agent-754/train.py:2979: UserWarning: Converting a tensor with requires_grad=True to a scalar may lead to unexpected behavior.
Consider using tensor.detach() first. (Triggered internally at /pytorch/aten/src/ATen/native/Scalar.cpp:22.)
  print(f"  warmup {warmup_step + 1}/{args.compile_warmup_steps} | loss {loss.item():.4f}")
Time-based training: 10.0 min budget (after compile warmup). Init took 63.9s, 600.0s remaining for training.
  warmup 1/1 | loss 2.4728
Compile/autotune warmup took 7.5s

Starting training from step 1065000...
Batch size: 4, Chunk size: 2048
Gradient accumulation: 1, Effective batch: 4

Time-based training: 10.0 min budget (after compile warmup). Init took 63.7s, 600.0s remaining for training.
/lustre/orion/bif148/scratch/erikgarrison/emender/.wg-worktrees/agent-754/train.py:2979: UserWarning: Converting a tensor with requires_grad=True to a scalar may lead to unexpected behavior.
Consider using tensor.detach() first. (Triggered internally at /pytorch/aten/src/ATen/native/Scalar.cpp:22.)
  print(f"  warmup {warmup_step + 1}/{args.compile_warmup_steps} | loss {loss.item():.4f}")
  warmup 1/1 | loss 2.4527
Compile/autotune warmup took 7.4s

Starting training from step 1065000...
Batch size: 4, Chunk size: 2048
Gradient accumulation: 1, Effective batch: 4

Time-based training: 10.0 min budget (after compile warmup). Init took 63.8s, 600.0s remaining for training.
/lustre/orion/bif148/scratch/erikgarrison/emender/.wg-worktrees/agent-754/train.py:2979: UserWarning: Converting a tensor with requires_grad=True to a scalar may lead to unexpected behavior.
Consider using tensor.detach() first. (Triggered internally at /pytorch/aten/src/ATen/native/Scalar.cpp:22.)
  print(f"  warmup {warmup_step + 1}/{args.compile_warmup_steps} | loss {loss.item():.4f}")
  warmup 1/1 | loss 2.9709
Compile/autotune warmup took 7.4s

Starting training from step 1065000...
Batch size: 4, Chunk size: 2048
Gradient accumulation: 1, Effective batch: 4

/lustre/orion/bif148/scratch/erikgarrison/emender/.wg-worktrees/agent-754/train.py:2979: UserWarning: Converting a tensor with requires_grad=True to a scalar may lead to unexpected behavior.
Consider using tensor.detach() first. (Triggered internally at /pytorch/aten/src/ATen/native/Scalar.cpp:22.)
  print(f"  warmup {warmup_step + 1}/{args.compile_warmup_steps} | loss {loss.item():.4f}")
Time-based training: 10.0 min budget (after compile warmup). Init took 63.8s, 600.0s remaining for training.
  warmup 1/1 | loss 2.6214
Compile/autotune warmup took 7.4s

Starting training from step 1065000...
Batch size: 4, Chunk size: 2048
Gradient accumulation: 1, Effective batch: 4

/lustre/orion/bif148/scratch/erikgarrison/emender/.wg-worktrees/agent-754/train.py:2979: UserWarning: Converting a tensor with requires_grad=True to a scalar may lead to unexpected behavior.
Consider using tensor.detach() first. (Triggered internally at /pytorch/aten/src/ATen/native/Scalar.cpp:22.)
  print(f"  warmup {warmup_step + 1}/{args.compile_warmup_steps} | loss {loss.item():.4f}")
Time-based training: 10.0 min budget (after compile warmup). Init took 63.9s, 600.0s remaining for training.
  warmup 1/1 | loss 2.5112
Compile/autotune warmup took 7.6s

Starting training from step 1065000...
Batch size: 4, Chunk size: 2048
Gradient accumulation: 1, Effective batch: 4

/lustre/orion/bif148/scratch/erikgarrison/emender/.wg-worktrees/agent-754/train.py:2979: UserWarning: Converting a tensor with requires_grad=True to a scalar may lead to unexpected behavior.
Consider using tensor.detach() first. (Triggered internally at /pytorch/aten/src/ATen/native/Scalar.cpp:22.)
  print(f"  warmup {warmup_step + 1}/{args.compile_warmup_steps} | loss {loss.item():.4f}")
Time-based training: 10.0 min budget (after compile warmup). Init took 64.0s, 600.0s remaining for training.
  warmup 1/1 | loss 2.3586
Compile/autotune warmup took 7.5s

Starting training from step 1065000...
Batch size: 4, Chunk size: 2048
Gradient accumulation: 1, Effective batch: 4

/lustre/orion/bif148/scratch/erikgarrison/emender/.wg-worktrees/agent-754/train.py:2979: UserWarning: Converting a tensor with requires_grad=True to a scalar may lead to unexpected behavior.
Consider using tensor.detach() first. (Triggered internally at /pytorch/aten/src/ATen/native/Scalar.cpp:22.)
  print(f"  warmup {warmup_step + 1}/{args.compile_warmup_steps} | loss {loss.item():.4f}")
Time-based training: 10.0 min budget (after compile warmup). Init took 63.8s, 600.0s remaining for training.
  warmup 1/1 | loss 2.1324
Compile/autotune warmup took 7.5s

Starting training from step 1065000...
Batch size: 4, Chunk size: 2048
Gradient accumulation: 1, Effective batch: 4

/lustre/orion/bif148/scratch/erikgarrison/emender/.wg-worktrees/agent-754/train.py:2979: UserWarning: Converting a tensor with requires_grad=True to a scalar may lead to unexpected behavior.
Consider using tensor.detach() first. (Triggered internally at /pytorch/aten/src/ATen/native/Scalar.cpp:22.)
  print(f"  warmup {warmup_step + 1}/{args.compile_warmup_steps} | loss {loss.item():.4f}")
Time-based training: 10.0 min budget (after compile warmup). Init took 64.0s, 600.0s remaining for training.
  warmup 1/1 | loss 2.4506
Compile/autotune warmup took 7.5s

Starting training from step 1065000...
Batch size: 4, Chunk size: 2048
Gradient accumulation: 1, Effective batch: 4

/lustre/orion/bif148/scratch/erikgarrison/emender/.wg-worktrees/agent-754/train.py:2979: UserWarning: Converting a tensor with requires_grad=True to a scalar may lead to unexpected behavior.
Consider using tensor.detach() first. (Triggered internally at /pytorch/aten/src/ATen/native/Scalar.cpp:22.)
  print(f"  warmup {warmup_step + 1}/{args.compile_warmup_steps} | loss {loss.item():.4f}")
Time-based training: 10.0 min budget (after compile warmup). Init took 63.8s, 600.0s remaining for training.
  warmup 1/1 | loss 2.2709
Compile/autotune warmup took 7.5s

Starting training from step 1065000...
Batch size: 4, Chunk size: 2048
Gradient accumulation: 1, Effective batch: 4

/lustre/orion/bif148/scratch/erikgarrison/emender/.wg-worktrees/agent-754/train.py:2979: UserWarning: Converting a tensor with requires_grad=True to a scalar may lead to unexpected behavior.
Consider using tensor.detach() first. (Triggered internally at /pytorch/aten/src/ATen/native/Scalar.cpp:22.)
  print(f"  warmup {warmup_step + 1}/{args.compile_warmup_steps} | loss {loss.item():.4f}")
Time-based training: 10.0 min budget (after compile warmup). Init took 63.8s, 600.0s remaining for training.
  warmup 1/1 | loss 2.1787
Compile/autotune warmup took 7.5s

Starting training from step 1065000...
/lustre/orion/bif148/scratch/erikgarrison/emender/.wg-worktrees/agent-754/train.py:2979: UserWarning: Converting a tensor with requires_grad=True to a scalar may lead to unexpected behavior.
Consider using tensor.detach() first. (Triggered internally at /pytorch/aten/src/ATen/native/Scalar.cpp:22.)
  print(f"  warmup {warmup_step + 1}/{args.compile_warmup_steps} | loss {loss.item():.4f}")
  warmup 1/1 | loss 2.6802
Compile/autotune warmup took 7.5s

Starting training from step 1065000...
Batch size: 4, Chunk size: 2048
Gradient accumulation: 1, Effective batch: 4

Time-based training: 10.0 min budget (after compile warmup). Init took 63.8s, 600.0s remaining for training.
Batch size: 4, Chunk size: 2048
Gradient accumulation: 1, Effective batch: 4

Time-based training: 10.0 min budget (after compile warmup). Init took 64.0s, 600.0s remaining for training.
/lustre/orion/bif148/scratch/erikgarrison/emender/.wg-worktrees/agent-754/train.py:2979: UserWarning: Converting a tensor with requires_grad=True to a scalar may lead to unexpected behavior.
Consider using tensor.detach() first. (Triggered internally at /pytorch/aten/src/ATen/native/Scalar.cpp:22.)
  print(f"  warmup {warmup_step + 1}/{args.compile_warmup_steps} | loss {loss.item():.4f}")
  warmup 1/1 | loss 2.7003
Compile/autotune warmup took 7.4s

Starting training from step 1065000...
Batch size: 4, Chunk size: 2048
Gradient accumulation: 1, Effective batch: 4

/lustre/orion/bif148/scratch/erikgarrison/emender/.wg-worktrees/agent-754/train.py:2979: UserWarning: Converting a tensor with requires_grad=True to a scalar may lead to unexpected behavior.
Consider using tensor.detach() first. (Triggered internally at /pytorch/aten/src/ATen/native/Scalar.cpp:22.)
  print(f"  warmup {warmup_step + 1}/{args.compile_warmup_steps} | loss {loss.item():.4f}")
Time-based training: 10.0 min budget (after compile warmup). Init took 63.9s, 600.0s remaining for training.
  warmup 1/1 | loss 2.9806
Compile/autotune warmup took 7.4s

Starting training from step 1065000...
Batch size: 4, Chunk size: 2048
Gradient accumulation: 1, Effective batch: 4

/lustre/orion/bif148/scratch/erikgarrison/emender/.wg-worktrees/agent-754/train.py:2979: UserWarning: Converting a tensor with requires_grad=True to a scalar may lead to unexpected behavior.
Consider using tensor.detach() first. (Triggered internally at /pytorch/aten/src/ATen/native/Scalar.cpp:22.)
  print(f"  warmup {warmup_step + 1}/{args.compile_warmup_steps} | loss {loss.item():.4f}")
Time-based training: 10.0 min budget (after compile warmup). Init took 63.9s, 600.0s remaining for training.
  warmup 1/1 | loss 2.5494
Compile/autotune warmup took 7.5s

Starting training from step 1065000...
Batch size: 4, Chunk size: 2048
Gradient accumulation: 1, Effective batch: 4

Time-based training: 10.0 min budget (after compile warmup). Init took 63.8s, 600.0s remaining for training.
/lustre/orion/bif148/scratch/erikgarrison/emender/.wg-worktrees/agent-754/train.py:2979: UserWarning: Converting a tensor with requires_grad=True to a scalar may lead to unexpected behavior.
Consider using tensor.detach() first. (Triggered internally at /pytorch/aten/src/ATen/native/Scalar.cpp:22.)
  print(f"  warmup {warmup_step + 1}/{args.compile_warmup_steps} | loss {loss.item():.4f}")
  warmup 1/1 | loss 1.5800
Compile/autotune warmup took 7.3s

Starting training from step 1065000...
Batch size: 4, Chunk size: 2048
Gradient accumulation: 1, Effective batch: 4

Time-based training: 10.0 min budget (after compile warmup). Init took 63.9s, 600.0s remaining for training.
/lustre/orion/bif148/scratch/erikgarrison/emender/.wg-worktrees/agent-754/train.py:2979: UserWarning: Converting a tensor with requires_grad=True to a scalar may lead to unexpected behavior.
Consider using tensor.detach() first. (Triggered internally at /pytorch/aten/src/ATen/native/Scalar.cpp:22.)
  print(f"  warmup {warmup_step + 1}/{args.compile_warmup_steps} | loss {loss.item():.4f}")
  warmup 1/1 | loss 3.0452
Compile/autotune warmup took 7.5s

Starting training from step 1065000...
Batch size: 4, Chunk size: 2048
Gradient accumulation: 1, Effective batch: 4

  warmup 1/1 | loss 2.3467
Compile/autotune warmup took 7.5s

Starting training from step 1065000...
Batch size: 4, Chunk size: 2048
Gradient accumulation: 1, Effective batch: 4

Time-based training: 10.0 min budget (after compile warmup). Init took 63.8s, 600.0s remaining for training.
/lustre/orion/bif148/scratch/erikgarrison/emender/.wg-worktrees/agent-754/train.py:2979: UserWarning: Converting a tensor with requires_grad=True to a scalar may lead to unexpected behavior.
Consider using tensor.detach() first. (Triggered internally at /pytorch/aten/src/ATen/native/Scalar.cpp:22.)
  print(f"  warmup {warmup_step + 1}/{args.compile_warmup_steps} | loss {loss.item():.4f}")
Time-based training: 10.0 min budget (after compile warmup). Init took 63.8s, 600.0s remaining for training.
/lustre/orion/bif148/scratch/erikgarrison/emender/.wg-worktrees/agent-754/train.py:2979: UserWarning: Converting a tensor with requires_grad=True to a scalar may lead to unexpected behavior.
Consider using tensor.detach() first. (Triggered internally at /pytorch/aten/src/ATen/native/Scalar.cpp:22.)
  print(f"  warmup {warmup_step + 1}/{args.compile_warmup_steps} | loss {loss.item():.4f}")
  warmup 1/1 | loss 2.9860
Compile/autotune warmup took 7.4s

Starting training from step 1065000...
Batch size: 4, Chunk size: 2048
Gradient accumulation: 1, Effective batch: 4

/lustre/orion/bif148/scratch/erikgarrison/emender/.wg-worktrees/agent-754/train.py:2979: UserWarning: Converting a tensor with requires_grad=True to a scalar may lead to unexpected behavior.
Consider using tensor.detach() first. (Triggered internally at /pytorch/aten/src/ATen/native/Scalar.cpp:22.)
  print(f"  warmup {warmup_step + 1}/{args.compile_warmup_steps} | loss {loss.item():.4f}")
Time-based training: 10.0 min budget (after compile warmup). Init took 63.8s, 600.0s remaining for training.
  warmup 1/1 | loss 2.1006
Compile/autotune warmup took 7.5s

Starting training from step 1065000...
Batch size: 4, Chunk size: 2048
Gradient accumulation: 1, Effective batch: 4

/lustre/orion/bif148/scratch/erikgarrison/emender/.wg-worktrees/agent-754/train.py:2979: UserWarning: Converting a tensor with requires_grad=True to a scalar may lead to unexpected behavior.
Consider using tensor.detach() first. (Triggered internally at /pytorch/aten/src/ATen/native/Scalar.cpp:22.)
  print(f"  warmup {warmup_step + 1}/{args.compile_warmup_steps} | loss {loss.item():.4f}")
Time-based training: 10.0 min budget (after compile warmup). Init took 63.8s, 600.0s remaining for training.
  warmup 1/1 | loss 2.1015
Compile/autotune warmup took 7.5s

Starting training from step 1065000...
Batch size: 4, Chunk size: 2048
Gradient accumulation: 1, Effective batch: 4

/lustre/orion/bif148/scratch/erikgarrison/emender/.wg-worktrees/agent-754/train.py:2979: UserWarning: Converting a tensor with requires_grad=True to a scalar may lead to unexpected behavior.
Consider using tensor.detach() first. (Triggered internally at /pytorch/aten/src/ATen/native/Scalar.cpp:22.)
  print(f"  warmup {warmup_step + 1}/{args.compile_warmup_steps} | loss {loss.item():.4f}")
Time-based training: 10.0 min budget (after compile warmup). Init took 63.8s, 600.0s remaining for training.
  warmup 1/1 | loss 2.2560
Compile/autotune warmup took 7.6s

Starting training from step 1065000...
Batch size: 4, Chunk size: 2048
Gradient accumulation: 1, Effective batch: 4

/lustre/orion/bif148/scratch/erikgarrison/emender/.wg-worktrees/agent-754/train.py:2979: UserWarning: Converting a tensor with requires_grad=True to a scalar may lead to unexpected behavior.
Consider using tensor.detach() first. (Triggered internally at /pytorch/aten/src/ATen/native/Scalar.cpp:22.)
  print(f"  warmup {warmup_step + 1}/{args.compile_warmup_steps} | loss {loss.item():.4f}")
Time-based training: 10.0 min budget (after compile warmup). Init took 64.0s, 600.0s remaining for training.
  warmup 1/1 | loss 2.0940
Compile/autotune warmup took 7.5s

Starting training from step 1065000...
Batch size: 4, Chunk size: 2048
Gradient accumulation: 1, Effective batch: 4

/lustre/orion/bif148/scratch/erikgarrison/emender/.wg-worktrees/agent-754/train.py:2979: UserWarning: Converting a tensor with requires_grad=True to a scalar may lead to unexpected behavior.
Consider using tensor.detach() first. (Triggered internally at /pytorch/aten/src/ATen/native/Scalar.cpp:22.)
  print(f"  warmup {warmup_step + 1}/{args.compile_warmup_steps} | loss {loss.item():.4f}")
Time-based training: 10.0 min budget (after compile warmup). Init took 63.8s, 600.0s remaining for training.
  warmup 1/1 | loss 2.9494
Compile/autotune warmup took 7.6s

Starting training from step 1065000...
Batch size: 4, Chunk size: 2048
Gradient accumulation: 1, Effective batch: 4

Time-based training: 10.0 min budget (after compile warmup). Init took 63.8s, 600.0s remaining for training.
/lustre/orion/bif148/scratch/erikgarrison/emender/.wg-worktrees/agent-754/train.py:2979: UserWarning: Converting a tensor with requires_grad=True to a scalar may lead to unexpected behavior.
Consider using tensor.detach() first. (Triggered internally at /pytorch/aten/src/ATen/native/Scalar.cpp:22.)
  print(f"  warmup {warmup_step + 1}/{args.compile_warmup_steps} | loss {loss.item():.4f}")
  warmup 1/1 | loss 2.4656
Compile/autotune warmup took 7.4s

Starting training from step 1065000...
Batch size: 4, Chunk size: 2048
Gradient accumulation: 1, Effective batch: 4

/lustre/orion/bif148/scratch/erikgarrison/emender/.wg-worktrees/agent-754/train.py:2979: UserWarning: Converting a tensor with requires_grad=True to a scalar may lead to unexpected behavior.
Consider using tensor.detach() first. (Triggered internally at /pytorch/aten/src/ATen/native/Scalar.cpp:22.)
  print(f"  warmup {warmup_step + 1}/{args.compile_warmup_steps} | loss {loss.item():.4f}")
Time-based training: 10.0 min budget (after compile warmup). Init took 63.9s, 600.0s remaining for training.
  warmup 1/1 | loss 2.3418
Compile/autotune warmup took 7.5s

Starting training from step 1065000...
Batch size: 4, Chunk size: 2048
Gradient accumulation: 1, Effective batch: 4

/lustre/orion/bif148/scratch/erikgarrison/emender/.wg-worktrees/agent-754/train.py:2979: UserWarning: Converting a tensor with requires_grad=True to a scalar may lead to unexpected behavior.
Consider using tensor.detach() first. (Triggered internally at /pytorch/aten/src/ATen/native/Scalar.cpp:22.)
  print(f"  warmup {warmup_step + 1}/{args.compile_warmup_steps} | loss {loss.item():.4f}")
Time-based training: 10.0 min budget (after compile warmup). Init took 63.9s, 600.0s remaining for training.
  warmup 1/1 | loss 2.8964
Compile/autotune warmup took 7.5s

Starting training from step 1065000...
Batch size: 4, Chunk size: 2048
Gradient accumulation: 1, Effective batch: 4

/lustre/orion/bif148/scratch/erikgarrison/emender/.wg-worktrees/agent-754/train.py:2979: UserWarning: Converting a tensor with requires_grad=True to a scalar may lead to unexpected behavior.
Consider using tensor.detach() first. (Triggered internally at /pytorch/aten/src/ATen/native/Scalar.cpp:22.)
  print(f"  warmup {warmup_step + 1}/{args.compile_warmup_steps} | loss {loss.item():.4f}")
Time-based training: 10.0 min budget (after compile warmup). Init took 64.0s, 600.0s remaining for training.
  warmup 1/1 | loss 2.7280
Compile/autotune warmup took 7.4s

Starting training from step 1065000...
Batch size: 4, Chunk size: 2048
Gradient accumulation: 1, Effective batch: 4

/lustre/orion/bif148/scratch/erikgarrison/emender/.wg-worktrees/agent-754/train.py:2979: UserWarning: Converting a tensor with requires_grad=True to a scalar may lead to unexpected behavior.
Consider using tensor.detach() first. (Triggered internally at /pytorch/aten/src/ATen/native/Scalar.cpp:22.)
  print(f"  warmup {warmup_step + 1}/{args.compile_warmup_steps} | loss {loss.item():.4f}")
Time-based training: 10.0 min budget (after compile warmup). Init took 63.9s, 600.0s remaining for training.
  warmup 1/1 | loss 2.9491
Compile/autotune warmup took 7.5s

Starting training from step 1065000...
Batch size: 4, Chunk size: 2048
Gradient accumulation: 1, Effective batch: 4

/lustre/orion/bif148/scratch/erikgarrison/emender/.wg-worktrees/agent-754/train.py:2979: UserWarning: Converting a tensor with requires_grad=True to a scalar may lead to unexpected behavior.
Consider using tensor.detach() first. (Triggered internally at /pytorch/aten/src/ATen/native/Scalar.cpp:22.)
  print(f"  warmup {warmup_step + 1}/{args.compile_warmup_steps} | loss {loss.item():.4f}")
Time-based training: 10.0 min budget (after compile warmup). Init took 63.9s, 600.0s remaining for training.
  warmup 1/1 | loss 2.5931
Compile/autotune warmup took 7.5s

Starting training from step 1065000...
Batch size: 4, Chunk size: 2048
Gradient accumulation: 1, Effective batch: 4

Time-based training: 10.0 min budget (after compile warmup). Init took 63.8s, 600.0s remaining for training.
/lustre/orion/bif148/scratch/erikgarrison/emender/.wg-worktrees/agent-754/train.py:2979: UserWarning: Converting a tensor with requires_grad=True to a scalar may lead to unexpected behavior.
Consider using tensor.detach() first. (Triggered internally at /pytorch/aten/src/ATen/native/Scalar.cpp:22.)
  print(f"  warmup {warmup_step + 1}/{args.compile_warmup_steps} | loss {loss.item():.4f}")
  warmup 1/1 | loss 2.7923
Compile/autotune warmup took 7.6s

Starting training from step 1065000...
Batch size: 4, Chunk size: 2048
Gradient accumulation: 1, Effective batch: 4

/lustre/orion/bif148/scratch/erikgarrison/emender/.wg-worktrees/agent-754/train.py:2979: UserWarning: Converting a tensor with requires_grad=True to a scalar may lead to unexpected behavior.
Consider using tensor.detach() first. (Triggered internally at /pytorch/aten/src/ATen/native/Scalar.cpp:22.)
  print(f"  warmup {warmup_step + 1}/{args.compile_warmup_steps} | loss {loss.item():.4f}")
Time-based training: 10.0 min budget (after compile warmup). Init took 64.0s, 600.0s remaining for training.
  warmup 1/1 | loss 2.7793
Compile/autotune warmup took 7.6s

Starting training from step 1065000...
Batch size: 4, Chunk size: 2048
Gradient accumulation: 1, Effective batch: 4

Time-based training: 10.0 min budget (after compile warmup). Init took 64.0s, 600.0s remaining for training.
/lustre/orion/bif148/scratch/erikgarrison/emender/.wg-worktrees/agent-754/train.py:2979: UserWarning: Converting a tensor with requires_grad=True to a scalar may lead to unexpected behavior.
Consider using tensor.detach() first. (Triggered internally at /pytorch/aten/src/ATen/native/Scalar.cpp:22.)
  print(f"  warmup {warmup_step + 1}/{args.compile_warmup_steps} | loss {loss.item():.4f}")
  warmup 1/1 | loss 2.7558
Compile/autotune warmup took 7.7s

Starting training from step 1065000...
Batch size: 4, Chunk size: 2048
Gradient accumulation: 1, Effective batch: 4

/lustre/orion/bif148/scratch/erikgarrison/emender/.wg-worktrees/agent-754/train.py:2979: UserWarning: Converting a tensor with requires_grad=True to a scalar may lead to unexpected behavior.
Consider using tensor.detach() first. (Triggered internally at /pytorch/aten/src/ATen/native/Scalar.cpp:22.)
  print(f"  warmup {warmup_step + 1}/{args.compile_warmup_steps} | loss {loss.item():.4f}")
Time-based training: 10.0 min budget (after compile warmup). Init took 64.1s, 600.0s remaining for training.
step 1065001 | loss 1.7868 | lr 1.01e-03 | grad 1.23 | tok/s 2909 | global_tok/s 186164 | elapsed_h 0.001 | time 2026-07-07T10:42:53+00:00
step 1065002 | loss 2.8771 | lr 1.01e-03 | grad 0.85 | tok/s 5501 | global_tok/s 352092 | elapsed_h 0.001 | time 2026-07-07T10:42:54+00:00
step 1065003 | loss 1.9304 | lr 1.01e-03 | grad 0.65 | tok/s 5569 | global_tok/s 356393 | elapsed_h 0.002 | time 2026-07-07T10:42:56+00:00
step 1065004 | loss 2.5458 | lr 1.01e-03 | grad 0.88 | tok/s 5530 | global_tok/s 353916 | elapsed_h 0.002 | time 2026-07-07T10:42:57+00:00
step 1065005 | loss 2.3864 | lr 1.01e-03 | grad 0.80 | tok/s 5658 | global_tok/s 362082 | elapsed_h 0.002 | time 2026-07-07T10:42:59+00:00
step 1065006 | loss 2.5783 | lr 1.01e-03 | grad 0.81 | tok/s 5551 | global_tok/s 355266 | elapsed_h 0.003 | time 2026-07-07T10:43:00+00:00
step 1065007 | loss 2.6108 | lr 1.01e-03 | grad 0.84 | tok/s 5588 | global_tok/s 357636 | elapsed_h 0.003 | time 2026-07-07T10:43:02+00:00
step 1065008 | loss 2.5466 | lr 1.01e-03 | grad 0.89 | tok/s 5580 | global_tok/s 357131 | elapsed_h 0.004 | time 2026-07-07T10:43:03+00:00
step 1065009 | loss 2.4798 | lr 1.01e-03 | grad 0.71 | tok/s 5585 | global_tok/s 357415 | elapsed_h 0.004 | time 2026-07-07T10:43:05+00:00
step 1065010 | loss 2.3885 | lr 1.01e-03 | grad 0.91 | tok/s 5500 | global_tok/s 352005 | elapsed_h 0.005 | time 2026-07-07T10:43:06+00:00
step 1065011 | loss 2.4182 | lr 1.01e-03 | grad 0.89 | tok/s 1859 | global_tok/s 118972 | elapsed_h 0.006 | time 2026-07-07T10:43:11+00:00
step 1065012 | loss 2.3384 | lr 1.01e-03 | grad 0.98 | tok/s 5599 | global_tok/s 358357 | elapsed_h 0.006 | time 2026-07-07T10:43:12+00:00
step 1065013 | loss 2.8407 | lr 1.01e-03 | grad 0.82 | tok/s 5565 | global_tok/s 356130 | elapsed_h 0.007 | time 2026-07-07T10:43:14+00:00
step 1065014 | loss 2.2399 | lr 1.01e-03 | grad 0.79 | tok/s 5431 | global_tok/s 347584 | elapsed_h 0.007 | time 2026-07-07T10:43:16+00:00
step 1065015 | loss 2.7313 | lr 1.01e-03 | grad 0.76 | tok/s 5561 | global_tok/s 355876 | elapsed_h 0.008 | time 2026-07-07T10:43:17+00:00
step 1065016 | loss 2.6168 | lr 1.01e-03 | grad 0.92 | tok/s 5529 | global_tok/s 353862 | elapsed_h 0.008 | time 2026-07-07T10:43:19+00:00
step 1065017 | loss 2.6547 | lr 1.01e-03 | grad 0.88 | tok/s 5556 | global_tok/s 355562 | elapsed_h 0.008 | time 2026-07-07T10:43:20+00:00
step 1065018 | loss 2.2409 | lr 1.01e-03 | grad 0.75 | tok/s 5592 | global_tok/s 357861 | elapsed_h 0.009 | time 2026-07-07T10:43:22+00:00
step 1065019 | loss 2.6104 | lr 1.01e-03 | grad 0.89 | tok/s 5566 | global_tok/s 356218 | elapsed_h 0.009 | time 2026-07-07T10:43:23+00:00
step 1065020 | loss 3.0465 | lr 1.01e-03 | grad 0.80 | tok/s 5550 | global_tok/s 355174 | elapsed_h 0.010 | time 2026-07-07T10:43:25+00:00
step 1065021 | loss 2.7258 | lr 1.01e-03 | grad 0.80 | tok/s 2003 | global_tok/s 128200 | elapsed_h 0.011 | time 2026-07-07T10:43:29+00:00
step 1065022 | loss 2.9571 | lr 1.01e-03 | grad 0.78 | tok/s 5606 | global_tok/s 358774 | elapsed_h 0.011 | time 2026-07-07T10:43:30+00:00
step 1065023 | loss 2.8496 | lr 1.01e-03 | grad 0.74 | tok/s 5607 | global_tok/s 358875 | elapsed_h 0.012 | time 2026-07-07T10:43:32+00:00
step 1065024 | loss 1.6174 | lr 1.01e-03 | grad 0.63 | tok/s 5575 | global_tok/s 356822 | elapsed_h 0.012 | time 2026-07-07T10:43:33+00:00
step 1065025 | loss 2.7844 | lr 1.01e-03 | grad 0.83 | tok/s 5589 | global_tok/s 357706 | elapsed_h 0.013 | time 2026-07-07T10:43:35+00:00
step 1065026 | loss 2.1004 | lr 1.01e-03 | grad 0.98 | tok/s 5571 | global_tok/s 356525 | elapsed_h 0.013 | time 2026-07-07T10:43:37+00:00
step 1065027 | loss 2.9430 | lr 1.01e-03 | grad 0.88 | tok/s 5582 | global_tok/s 357222 | elapsed_h 0.013 | time 2026-07-07T10:43:38+00:00
step 1065028 | loss 3.2309 | lr 1.01e-03 | grad 0.79 | tok/s 5512 | global_tok/s 352757 | elapsed_h 0.014 | time 2026-07-07T10:43:40+00:00
step 1065029 | loss 2.1600 | lr 1.01e-03 | grad 0.85 | tok/s 5574 | global_tok/s 356720 | elapsed_h 0.014 | time 2026-07-07T10:43:41+00:00
step 1065030 | loss 2.8084 | lr 1.01e-03 | grad 0.83 | tok/s 5592 | global_tok/s 357877 | elapsed_h 0.015 | time 2026-07-07T10:43:43+00:00
step 1065031 | loss 2.1972 | lr 1.01e-03 | grad 0.75 | tok/s 2130 | global_tok/s 136332 | elapsed_h 0.016 | time 2026-07-07T10:43:47+00:00
step 1065032 | loss 2.4506 | lr 1.01e-03 | grad 0.84 | tok/s 5524 | global_tok/s 353550 | elapsed_h 0.016 | time 2026-07-07T10:43:48+00:00
step 1065033 | loss 3.0114 | lr 1.01e-03 | grad 0.73 | tok/s 5022 | global_tok/s 321406 | elapsed_h 0.017 | time 2026-07-07T10:43:50+00:00
step 1065034 | loss 2.3478 | lr 1.01e-03 | grad 0.78 | tok/s 5571 | global_tok/s 356563 | elapsed_h 0.017 | time 2026-07-07T10:43:51+00:00
step 1065035 | loss 2.1125 | lr 1.01e-03 | grad 0.94 | tok/s 5630 | global_tok/s 360313 | elapsed_h 0.017 | time 2026-07-07T10:43:53+00:00
step 1065036 | loss 2.3290 | lr 1.01e-03 | grad 0.79 | tok/s 5590 | global_tok/s 357787 | elapsed_h 0.018 | time 2026-07-07T10:43:54+00:00
step 1065037 | loss 2.6772 | lr 1.01e-03 | grad 0.79 | tok/s 5609 | global_tok/s 358951 | elapsed_h 0.018 | time 2026-07-07T10:43:56+00:00
step 1065038 | loss 2.5170 | lr 1.01e-03 | grad 0.78 | tok/s 5527 | global_tok/s 353723 | elapsed_h 0.019 | time 2026-07-07T10:43:57+00:00
step 1065039 | loss 2.9355 | lr 1.01e-03 | grad 0.96 | tok/s 5532 | global_tok/s 354053 | elapsed_h 0.019 | time 2026-07-07T10:43:59+00:00
[DiLoCoMergeDebug] rank=0 step=1065040 merge=1 label=sf_x bucket=0 numel=1286589072 dtype=torch.bfloat16 phase=enter
[DiLoCoMergeDebug] rank=0 step=1065040 merge=1 label=sf_x bucket=0 numel=1286589072 dtype=torch.bfloat16 phase=exit elapsed_s=0.000214
[DiLoCoMergeDebug] rank=0 step=1065040 merge=1 label=sf_z bucket=0 numel=1286586696 dtype=torch.bfloat16 phase=enter
[DiLoCoMergeDebug] rank=0 step=1065040 merge=1 label=sf_z bucket=0 numel=1286586696 dtype=torch.bfloat16 phase=exit elapsed_s=0.000115
  >>> [DiLoCo] merge #1 at step 1065040: averaged model weights across 64 ranks in 3663 ms (amortized over 40 steps)
step 1065040 | loss 3.0165 | lr 1.01e-03 | grad 0.79 | tok/s 1593 | global_tok/s 101981 | elapsed_h 0.021 | time 2026-07-07T10:44:04+00:00
  >>> saved checkpoint: checkpoint_step_1065040_loss_3.0165.pt
step 1065041 | loss 2.3338 | lr 1.01e-03 | grad 0.80 | tok/s 892 | global_tok/s 57105 | elapsed_h 0.023 | time 2026-07-07T10:44:13+00:00
step 1065042 | loss 2.3723 | lr 1.01e-03 | grad 0.90 | tok/s 5583 | global_tok/s 357329 | elapsed_h 0.024 | time 2026-07-07T10:44:15+00:00
step 1065043 | loss 2.1417 | lr 1.01e-03 | grad 0.84 | tok/s 5610 | global_tok/s 359047 | elapsed_h 0.024 | time 2026-07-07T10:44:16+00:00
step 1065044 | loss 2.7518 | lr 1.01e-03 | grad 0.80 | tok/s 5559 | global_tok/s 355752 | elapsed_h 0.024 | time 2026-07-07T10:44:18+00:00
step 1065045 | loss 2.3281 | lr 1.01e-03 | grad 0.80 | tok/s 5519 | global_tok/s 353200 | elapsed_h 0.025 | time 2026-07-07T10:44:20+00:00
step 1065046 | loss 2.2428 | lr 1.01e-03 | grad 0.75 | tok/s 5574 | global_tok/s 356739 | elapsed_h 0.025 | time 2026-07-07T10:44:21+00:00
step 1065047 | loss 2.1270 | lr 1.01e-03 | grad 0.72 | tok/s 5425 | global_tok/s 347196 | elapsed_h 0.026 | time 2026-07-07T10:44:23+00:00
step 1065048 | loss 2.2331 | lr 1.01e-03 | grad 0.73 | tok/s 5547 | global_tok/s 355038 | elapsed_h 0.026 | time 2026-07-07T10:44:24+00:00
step 1065049 | loss 2.4131 | lr 1.01e-03 | grad 0.74 | tok/s 5628 | global_tok/s 360203 | elapsed_h 0.027 | time 2026-07-07T10:44:26+00:00
step 1065050 | loss 1.4111 | lr 1.01e-03 | grad 0.80 | tok/s 5444 | global_tok/s 348445 | elapsed_h 0.027 | time 2026-07-07T10:44:27+00:00
step 1065051 | loss 2.4940 | lr 1.01e-03 | grad 0.86 | tok/s 1910 | global_tok/s 122256 | elapsed_h 0.028 | time 2026-07-07T10:44:32+00:00
step 1065052 | loss 2.2486 | lr 1.01e-03 | grad 0.75 | tok/s 5476 | global_tok/s 350433 | elapsed_h 0.029 | time 2026-07-07T10:44:33+00:00
step 1065053 | loss 2.4135 | lr 1.01e-03 | grad 1.81 | tok/s 5580 | global_tok/s 357117 | elapsed_h 0.029 | time 2026-07-07T10:44:35+00:00
step 1065054 | loss 2.6255 | lr 1.01e-03 | grad 0.93 | tok/s 5598 | global_tok/s 358280 | elapsed_h 0.030 | time 2026-07-07T10:44:36+00:00
step 1065055 | loss 2.5218 | lr 1.01e-03 | grad 0.81 | tok/s 5586 | global_tok/s 357494 | elapsed_h 0.030 | time 2026-07-07T10:44:38+00:00
step 1065056 | loss 2.0979 | lr 1.01e-03 | grad 0.85 | tok/s 5568 | global_tok/s 356355 | elapsed_h 0.030 | time 2026-07-07T10:44:39+00:00
step 1065057 | loss 2.8099 | lr 1.01e-03 | grad 0.75 | tok/s 5577 | global_tok/s 356948 | elapsed_h 0.031 | time 2026-07-07T10:44:41+00:00
step 1065058 | loss 2.7400 | lr 1.01e-03 | grad 0.89 | tok/s 5501 | global_tok/s 352069 | elapsed_h 0.031 | time 2026-07-07T10:44:42+00:00
step 1065059 | loss 2.6058 | lr 1.01e-03 | grad 0.84 | tok/s 5598 | global_tok/s 358298 | elapsed_h 0.032 | time 2026-07-07T10:44:44+00:00
step 1065060 | loss 2.3987 | lr 1.01e-03 | grad 0.83 | tok/s 5589 | global_tok/s 357700 | elapsed_h 0.032 | time 2026-07-07T10:44:45+00:00
step 1065061 | loss 2.0202 | lr 1.01e-03 | grad 0.80 | tok/s 2103 | global_tok/s 134614 | elapsed_h 0.033 | time 2026-07-07T10:44:49+00:00
step 1065062 | loss 2.8451 | lr 1.01e-03 | grad 0.79 | tok/s 5579 | global_tok/s 357050 | elapsed_h 0.034 | time 2026-07-07T10:44:51+00:00
step 1065063 | loss 2.8442 | lr 1.01e-03 | grad 0.77 | tok/s 5559 | global_tok/s 355747 | elapsed_h 0.034 | time 2026-07-07T10:44:52+00:00
step 1065064 | loss 2.6174 | lr 1.01e-03 | grad 0.84 | tok/s 5577 | global_tok/s 356915 | elapsed_h 0.034 | time 2026-07-07T10:44:54+00:00
step 1065065 | loss 3.1672 | lr 1.01e-03 | grad 0.85 | tok/s 5458 | global_tok/s 349328 | elapsed_h 0.035 | time 2026-07-07T10:44:55+00:00
step 1065066 | loss 2.3386 | lr 1.01e-03 | grad 0.79 | tok/s 5502 | global_tok/s 352158 | elapsed_h 0.035 | time 2026-07-07T10:44:57+00:00
step 1065067 | loss 2.6753 | lr 1.01e-03 | grad 0.79 | tok/s 5516 | global_tok/s 353017 | elapsed_h 0.036 | time 2026-07-07T10:44:59+00:00
step 1065068 | loss 2.4280 | lr 1.01e-03 | grad 0.71 | tok/s 5543 | global_tok/s 354783 | elapsed_h 0.036 | time 2026-07-07T10:45:00+00:00
step 1065069 | loss 2.5568 | lr 1.01e-03 | grad 0.82 | tok/s 5507 | global_tok/s 352444 | elapsed_h 0.037 | time 2026-07-07T10:45:02+00:00
step 1065070 | loss 2.2651 | lr 1.01e-03 | grad 0.71 | tok/s 5540 | global_tok/s 354589 | elapsed_h 0.037 | time 2026-07-07T10:45:03+00:00
step 1065071 | loss 2.8452 | lr 1.01e-03 | grad 0.75 | tok/s 1022 | global_tok/s 65407 | elapsed_h 0.039 | time 2026-07-07T10:45:11+00:00
step 1065072 | loss 1.6114 | lr 1.01e-03 | grad 0.70 | tok/s 5578 | global_tok/s 357008 | elapsed_h 0.040 | time 2026-07-07T10:45:13+00:00
step 1065073 | loss 2.3952 | lr 1.01e-03 | grad 0.75 | tok/s 5579 | global_tok/s 357059 | elapsed_h 0.040 | time 2026-07-07T10:45:14+00:00
step 1065074 | loss 2.5533 | lr 1.01e-03 | grad 0.77 | tok/s 5554 | global_tok/s 355426 | elapsed_h 0.041 | time 2026-07-07T10:45:16+00:00
step 1065075 | loss 2.5982 | lr 1.01e-03 | grad 0.80 | tok/s 5513 | global_tok/s 352842 | elapsed_h 0.041 | time 2026-07-07T10:45:17+00:00
step 1065076 | loss 2.2105 | lr 1.01e-03 | grad 1.22 | tok/s 5527 | global_tok/s 353710 | elapsed_h 0.041 | time 2026-07-07T10:45:19+00:00
step 1065077 | loss 2.3860 | lr 1.01e-03 | grad 0.79 | tok/s 5583 | global_tok/s 357307 | elapsed_h 0.042 | time 2026-07-07T10:45:20+00:00
step 1065078 | loss 2.3759 | lr 1.01e-03 | grad 0.86 | tok/s 5444 | global_tok/s 348438 | elapsed_h 0.042 | time 2026-07-07T10:45:22+00:00
step 1065079 | loss 2.9963 | lr 1.01e-03 | grad 0.86 | tok/s 5577 | global_tok/s 356928 | elapsed_h 0.043 | time 2026-07-07T10:45:24+00:00
[DiLoCoMergeDebug] rank=0 step=1065080 merge=2 label=sf_x bucket=0 numel=1286589072 dtype=torch.bfloat16 phase=enter
[DiLoCoMergeDebug] rank=0 step=1065080 merge=2 label=sf_x bucket=0 numel=1286589072 dtype=torch.bfloat16 phase=exit elapsed_s=0.000206
[DiLoCoMergeDebug] rank=0 step=1065080 merge=2 label=sf_z bucket=0 numel=1286586696 dtype=torch.bfloat16 phase=enter
[DiLoCoMergeDebug] rank=0 step=1065080 merge=2 label=sf_z bucket=0 numel=1286586696 dtype=torch.bfloat16 phase=exit elapsed_s=0.000109
  >>> [DiLoCo] merge #2 at step 1065080: averaged model weights across 64 ranks in 5256 ms (amortized over 40 steps)
step 1065080 | loss 2.7866 | lr 1.01e-03 | grad 0.80 | tok/s 1217 | global_tok/s 77869 | elapsed_h 0.045 | time 2026-07-07T10:45:30+00:00
  >>> saved checkpoint: checkpoint_step_1065080_loss_2.7866.pt
step 1065081 | loss 2.3965 | lr 1.01e-03 | grad 0.92 | tok/s 832 | global_tok/s 53279 | elapsed_h 0.047 | time 2026-07-07T10:45:40+00:00
step 1065082 | loss 1.5702 | lr 1.01e-03 | grad 0.69 | tok/s 5500 | global_tok/s 352029 | elapsed_h 0.048 | time 2026-07-07T10:45:42+00:00
step 1065083 | loss 2.3668 | lr 1.01e-03 | grad 0.75 | tok/s 5546 | global_tok/s 354974 | elapsed_h 0.048 | time 2026-07-07T10:45:43+00:00
step 1065084 | loss 2.4192 | lr 1.01e-03 | grad 0.75 | tok/s 5598 | global_tok/s 358282 | elapsed_h 0.049 | time 2026-07-07T10:45:45+00:00
step 1065085 | loss 2.7293 | lr 1.01e-03 | grad 0.75 | tok/s 5506 | global_tok/s 352412 | elapsed_h 0.049 | time 2026-07-07T10:45:46+00:00
step 1065086 | loss 2.9019 | lr 1.01e-03 | grad 0.74 | tok/s 5571 | global_tok/s 356561 | elapsed_h 0.049 | time 2026-07-07T10:45:48+00:00
step 1065087 | loss 2.4874 | lr 1.01e-03 | grad 0.77 | tok/s 5624 | global_tok/s 359908 | elapsed_h 0.050 | time 2026-07-07T10:45:49+00:00
step 1065088 | loss 2.3409 | lr 1.01e-03 | grad 0.88 | tok/s 5523 | global_tok/s 353474 | elapsed_h 0.050 | time 2026-07-07T10:45:51+00:00
step 1065089 | loss 2.7190 | lr 1.01e-03 | grad 0.75 | tok/s 5494 | global_tok/s 351620 | elapsed_h 0.051 | time 2026-07-07T10:45:53+00:00
step 1065090 | loss 2.3921 | lr 1.01e-03 | grad 0.73 | tok/s 5593 | global_tok/s 357967 | elapsed_h 0.051 | time 2026-07-07T10:45:54+00:00
step 1065091 | loss 2.1531 | lr 1.01e-03 | grad 0.83 | tok/s 2130 | global_tok/s 136319 | elapsed_h 0.052 | time 2026-07-07T10:45:58+00:00
step 1065092 | loss 2.6456 | lr 1.01e-03 | grad 0.79 | tok/s 5448 | global_tok/s 348652 | elapsed_h 0.053 | time 2026-07-07T10:46:00+00:00
step 1065093 | loss 1.8084 | lr 1.01e-03 | grad 0.69 | tok/s 5455 | global_tok/s 349111 | elapsed_h 0.053 | time 2026-07-07T10:46:01+00:00
step 1065094 | loss 3.0471 | lr 1.01e-03 | grad 0.75 | tok/s 5583 | global_tok/s 357284 | elapsed_h 0.054 | time 2026-07-07T10:46:03+00:00
step 1065095 | loss 2.2167 | lr 1.01e-03 | grad 0.79 | tok/s 5561 | global_tok/s 355927 | elapsed_h 0.054 | time 2026-07-07T10:46:04+00:00
step 1065096 | loss 2.4607 | lr 1.01e-03 | grad 0.78 | tok/s 5452 | global_tok/s 348946 | elapsed_h 0.054 | time 2026-07-07T10:46:06+00:00
step 1065097 | loss 2.7428 | lr 1.01e-03 | grad 0.77 | tok/s 5554 | global_tok/s 355457 | elapsed_h 0.055 | time 2026-07-07T10:46:07+00:00
step 1065098 | loss 2.0411 | lr 1.01e-03 | grad 0.75 | tok/s 5425 | global_tok/s 347201 | elapsed_h 0.055 | time 2026-07-07T10:46:09+00:00
step 1065099 | loss 2.6808 | lr 1.01e-03 | grad 0.82 | tok/s 5509 | global_tok/s 352563 | elapsed_h 0.056 | time 2026-07-07T10:46:10+00:00
step 1065100 | loss 2.0825 | lr 1.01e-03 | grad 0.73 | tok/s 5541 | global_tok/s 354643 | elapsed_h 0.056 | time 2026-07-07T10:46:12+00:00
step 1065101 | loss 2.1627 | lr 1.01e-03 | grad 0.85 | tok/s 2249 | global_tok/s 143936 | elapsed_h 0.057 | time 2026-07-07T10:46:16+00:00
step 1065102 | loss 2.7148 | lr 1.01e-03 | grad 0.75 | tok/s 5597 | global_tok/s 358188 | elapsed_h 0.058 | time 2026-07-07T10:46:17+00:00
step 1065103 | loss 2.6679 | lr 1.01e-03 | grad 0.80 | tok/s 5568 | global_tok/s 356355 | elapsed_h 0.058 | time 2026-07-07T10:46:19+00:00
step 1065104 | loss 2.5602 | lr 1.01e-03 | grad 0.72 | tok/s 5243 | global_tok/s 335553 | elapsed_h 0.058 | time 2026-07-07T10:46:20+00:00
step 1065105 | loss 2.6781 | lr 1.01e-03 | grad 0.83 | tok/s 5578 | global_tok/s 356999 | elapsed_h 0.059 | time 2026-07-07T10:46:22+00:00
step 1065106 | loss 2.6784 | lr 1.01e-03 | grad 0.76 | tok/s 5611 | global_tok/s 359096 | elapsed_h 0.059 | time 2026-07-07T10:46:23+00:00
step 1065107 | loss 2.5001 | lr 1.01e-03 | grad 0.84 | tok/s 5448 | global_tok/s 348691 | elapsed_h 0.060 | time 2026-07-07T10:46:25+00:00
step 1065108 | loss 2.7418 | lr 1.01e-03 | grad 0.91 | tok/s 5557 | global_tok/s 355679 | elapsed_h 0.060 | time 2026-07-07T10:46:26+00:00
step 1065109 | loss 2.6528 | lr 1.01e-03 | grad 1.02 | tok/s 5511 | global_tok/s 352735 | elapsed_h 0.061 | time 2026-07-07T10:46:28+00:00
step 1065110 | loss 2.8408 | lr 1.01e-03 | grad 0.75 | tok/s 5436 | global_tok/s 347924 | elapsed_h 0.061 | time 2026-07-07T10:46:30+00:00
step 1065111 | loss 2.2548 | lr 1.01e-03 | grad 0.90 | tok/s 2157 | global_tok/s 138045 | elapsed_h 0.062 | time 2026-07-07T10:46:33+00:00
step 1065112 | loss 2.6575 | lr 1.01e-03 | grad 0.80 | tok/s 5599 | global_tok/s 358325 | elapsed_h 0.063 | time 2026-07-07T10:46:35+00:00
step 1065113 | loss 2.8373 | lr 1.01e-03 | grad 0.75 | tok/s 5534 | global_tok/s 354170 | elapsed_h 0.063 | time 2026-07-07T10:46:36+00:00
step 1065114 | loss 2.5799 | lr 1.01e-03 | grad 0.89 | tok/s 5547 | global_tok/s 354980 | elapsed_h 0.063 | time 2026-07-07T10:46:38+00:00
step 1065115 | loss 2.8470 | lr 1.01e-03 | grad 0.77 | tok/s 5515 | global_tok/s 352950 | elapsed_h 0.064 | time 2026-07-07T10:46:40+00:00
step 1065116 | loss 2.3951 | lr 1.01e-03 | grad 0.88 | tok/s 5571 | global_tok/s 356543 | elapsed_h 0.064 | time 2026-07-07T10:46:41+00:00
step 1065117 | loss 2.9665 | lr 1.01e-03 | grad 0.77 | tok/s 5548 | global_tok/s 355079 | elapsed_h 0.065 | time 2026-07-07T10:46:43+00:00
step 1065118 | loss 2.3923 | lr 1.01e-03 | grad 0.76 | tok/s 5535 | global_tok/s 354220 | elapsed_h 0.065 | time 2026-07-07T10:46:44+00:00
step 1065119 | loss 3.1200 | lr 1.01e-03 | grad 0.82 | tok/s 5579 | global_tok/s 357062 | elapsed_h 0.066 | time 2026-07-07T10:46:46+00:00
[DiLoCoMergeDebug] rank=0 step=1065120 merge=3 label=sf_x bucket=0 numel=1286589072 dtype=torch.bfloat16 phase=enter
[DiLoCoMergeDebug] rank=0 step=1065120 merge=3 label=sf_x bucket=0 numel=1286589072 dtype=torch.bfloat16 phase=exit elapsed_s=0.000202
[DiLoCoMergeDebug] rank=0 step=1065120 merge=3 label=sf_z bucket=0 numel=1286586696 dtype=torch.bfloat16 phase=enter
[DiLoCoMergeDebug] rank=0 step=1065120 merge=3 label=sf_z bucket=0 numel=1286586696 dtype=torch.bfloat16 phase=exit elapsed_s=0.000109
  >>> [DiLoCo] merge #3 at step 1065120: averaged model weights across 64 ranks in 3626 ms (amortized over 40 steps)
step 1065120 | loss 2.2296 | lr 1.01e-03 | grad 0.78 | tok/s 1609 | global_tok/s 102980 | elapsed_h 0.067 | time 2026-07-07T10:46:51+00:00
  >>> saved checkpoint: checkpoint_step_1065120_loss_2.2296.pt
step 1065121 | loss 2.1075 | lr 1.01e-03 | grad 0.76 | tok/s 868 | global_tok/s 55573 | elapsed_h 0.070 | time 2026-07-07T10:47:00+00:00
step 1065122 | loss 1.9778 | lr 1.01e-03 | grad 0.78 | tok/s 5604 | global_tok/s 358664 | elapsed_h 0.070 | time 2026-07-07T10:47:02+00:00
step 1065123 | loss 2.7290 | lr 1.01e-03 | grad 0.80 | tok/s 5535 | global_tok/s 354215 | elapsed_h 0.070 | time 2026-07-07T10:47:03+00:00
step 1065124 | loss 2.8617 | lr 1.01e-03 | grad 0.75 | tok/s 5511 | global_tok/s 352686 | elapsed_h 0.071 | time 2026-07-07T10:47:05+00:00
step 1065125 | loss 2.3275 | lr 1.01e-03 | grad 0.76 | tok/s 5577 | global_tok/s 356905 | elapsed_h 0.071 | time 2026-07-07T10:47:06+00:00
step 1065126 | loss 2.5899 | lr 1.01e-03 | grad 0.74 | tok/s 5498 | global_tok/s 351861 | elapsed_h 0.072 | time 2026-07-07T10:47:08+00:00
step 1065127 | loss 2.7993 | lr 1.01e-03 | grad 0.73 | tok/s 5530 | global_tok/s 353946 | elapsed_h 0.072 | time 2026-07-07T10:47:10+00:00
step 1065128 | loss 2.9369 | lr 1.01e-03 | grad 0.73 | tok/s 5565 | global_tok/s 356144 | elapsed_h 0.073 | time 2026-07-07T10:47:11+00:00
step 1065129 | loss 2.5611 | lr 1.01e-03 | grad 0.75 | tok/s 5470 | global_tok/s 350061 | elapsed_h 0.073 | time 2026-07-07T10:47:13+00:00
step 1065130 | loss 2.3970 | lr 1.01e-03 | grad 0.75 | tok/s 5567 | global_tok/s 356304 | elapsed_h 0.073 | time 2026-07-07T10:47:14+00:00
step 1065131 | loss 2.0444 | lr 1.01e-03 | grad 0.73 | tok/s 2219 | global_tok/s 142045 | elapsed_h 0.074 | time 2026-07-07T10:47:18+00:00
step 1065132 | loss 3.0178 | lr 1.01e-03 | grad 0.78 | tok/s 5393 | global_tok/s 345133 | elapsed_h 0.075 | time 2026-07-07T10:47:19+00:00
step 1065133 | loss 2.5443 | lr 1.01e-03 | grad 0.77 | tok/s 5542 | global_tok/s 354708 | elapsed_h 0.075 | time 2026-07-07T10:47:21+00:00
step 1065134 | loss 2.6541 | lr 1.01e-03 | grad 0.71 | tok/s 5568 | global_tok/s 356340 | elapsed_h 0.076 | time 2026-07-07T10:47:23+00:00
step 1065135 | loss 2.0666 | lr 1.01e-03 | grad 0.74 | tok/s 5575 | global_tok/s 356830 | elapsed_h 0.076 | time 2026-07-07T10:47:24+00:00
step 1065136 | loss 2.6302 | lr 1.01e-03 | grad 0.81 | tok/s 5559 | global_tok/s 355771 | elapsed_h 0.077 | time 2026-07-07T10:47:26+00:00
step 1065137 | loss 2.7106 | lr 1.01e-03 | grad 0.81 | tok/s 5507 | global_tok/s 352434 | elapsed_h 0.077 | time 2026-07-07T10:47:27+00:00
step 1065138 | loss 2.1137 | lr 1.01e-03 | grad 0.77 | tok/s 5506 | global_tok/s 352388 | elapsed_h 0.077 | time 2026-07-07T10:47:29+00:00
step 1065139 | loss 2.6234 | lr 1.01e-03 | grad 0.82 | tok/s 5580 | global_tok/s 357135 | elapsed_h 0.078 | time 2026-07-07T10:47:30+00:00
step 1065140 | loss 2.6625 | lr 1.01e-03 | grad 0.83 | tok/s 5606 | global_tok/s 358792 | elapsed_h 0.078 | time 2026-07-07T10:47:32+00:00
step 1065141 | loss 2.5262 | lr 1.01e-03 | grad 0.82 | tok/s 1748 | global_tok/s 111883 | elapsed_h 0.080 | time 2026-07-07T10:47:37+00:00
step 1065142 | loss 2.1323 | lr 1.01e-03 | grad 0.69 | tok/s 5462 | global_tok/s 349577 | elapsed_h 0.080 | time 2026-07-07T10:47:38+00:00
step 1065143 | loss 2.5750 | lr 1.01e-03 | grad 0.81 | tok/s 5489 | global_tok/s 351287 | elapsed_h 0.081 | time 2026-07-07T10:47:40+00:00
step 1065144 | loss 2.3837 | lr 1.01e-03 | grad 0.83 | tok/s 5531 | global_tok/s 353981 | elapsed_h 0.081 | time 2026-07-07T10:47:41+00:00
step 1065145 | loss 2.5490 | lr 1.01e-03 | grad 0.79 | tok/s 5576 | global_tok/s 356891 | elapsed_h 0.081 | time 2026-07-07T10:47:43+00:00
step 1065146 | loss 2.5947 | lr 1.01e-03 | grad 0.75 | tok/s 5642 | global_tok/s 361063 | elapsed_h 0.082 | time 2026-07-07T10:47:44+00:00
step 1065147 | loss 2.2005 | lr 1.01e-03 | grad 0.69 | tok/s 5527 | global_tok/s 353716 | elapsed_h 0.082 | time 2026-07-07T10:47:46+00:00
step 1065148 | loss 2.7056 | lr 1.01e-03 | grad 0.90 | tok/s 5498 | global_tok/s 351899 | elapsed_h 0.083 | time 2026-07-07T10:47:47+00:00
step 1065149 | loss 2.2156 | lr 1.01e-03 | grad 0.76 | tok/s 5529 | global_tok/s 353866 | elapsed_h 0.083 | time 2026-07-07T10:47:49+00:00
step 1065150 | loss 2.8465 | lr 1.01e-03 | grad 0.84 | tok/s 5480 | global_tok/s 350729 | elapsed_h 0.083 | time 2026-07-07T10:47:50+00:00
step 1065151 | loss 2.2621 | lr 1.01e-03 | grad 0.81 | tok/s 2462 | global_tok/s 157556 | elapsed_h 0.084 | time 2026-07-07T10:47:54+00:00
step 1065152 | loss 2.3178 | lr 1.01e-03 | grad 0.76 | tok/s 5618 | global_tok/s 359561 | elapsed_h 0.085 | time 2026-07-07T10:47:55+00:00
step 1065153 | loss 2.5412 | lr 1.01e-03 | grad 0.76 | tok/s 5511 | global_tok/s 352712 | elapsed_h 0.085 | time 2026-07-07T10:47:57+00:00
step 1065154 | loss 2.4447 | lr 1.01e-03 | grad 0.86 | tok/s 5569 | global_tok/s 356442 | elapsed_h 0.086 | time 2026-07-07T10:47:58+00:00
step 1065155 | loss 2.0978 | lr 1.01e-03 | grad 0.78 | tok/s 5599 | global_tok/s 358334 | elapsed_h 0.086 | time 2026-07-07T10:48:00+00:00
step 1065156 | loss 2.7462 | lr 1.01e-03 | grad 0.75 | tok/s 5537 | global_tok/s 354378 | elapsed_h 0.087 | time 2026-07-07T10:48:01+00:00
step 1065157 | loss 2.4991 | lr 1.01e-03 | grad 1.00 | tok/s 5611 | global_tok/s 359109 | elapsed_h 0.087 | time 2026-07-07T10:48:03+00:00
step 1065158 | loss 1.7524 | lr 1.01e-03 | grad 0.82 | tok/s 5564 | global_tok/s 356122 | elapsed_h 0.087 | time 2026-07-07T10:48:05+00:00
step 1065159 | loss 2.7154 | lr 1.01e-03 | grad 0.82 | tok/s 5427 | global_tok/s 347357 | elapsed_h 0.088 | time 2026-07-07T10:48:06+00:00
[DiLoCoMergeDebug] rank=0 step=1065160 merge=4 label=sf_x bucket=0 numel=1286589072 dtype=torch.bfloat16 phase=enter
[DiLoCoMergeDebug] rank=0 step=1065160 merge=4 label=sf_x bucket=0 numel=1286589072 dtype=torch.bfloat16 phase=exit elapsed_s=0.000206
[DiLoCoMergeDebug] rank=0 step=1065160 merge=4 label=sf_z bucket=0 numel=1286586696 dtype=torch.bfloat16 phase=enter
[DiLoCoMergeDebug] rank=0 step=1065160 merge=4 label=sf_z bucket=0 numel=1286586696 dtype=torch.bfloat16 phase=exit elapsed_s=0.000112
  >>> [DiLoCo] merge #4 at step 1065160: averaged model weights across 64 ranks in 3553 ms (amortized over 40 steps)
step 1065160 | loss 1.4972 | lr 1.01e-03 | grad 0.83 | tok/s 1632 | global_tok/s 104449 | elapsed_h 0.089 | time 2026-07-07T10:48:11+00:00
  >>> saved checkpoint: checkpoint_step_1065160_loss_1.4972.pt
step 1065161 | loss 2.6026 | lr 1.01e-03 | grad 0.82 | tok/s 776 | global_tok/s 49673 | elapsed_h 0.092 | time 2026-07-07T10:48:22+00:00
step 1065162 | loss 2.2798 | lr 1.01e-03 | grad 0.73 | tok/s 4786 | global_tok/s 306289 | elapsed_h 0.093 | time 2026-07-07T10:48:24+00:00
step 1065163 | loss 2.6579 | lr 1.01e-03 | grad 0.78 | tok/s 5562 | global_tok/s 355960 | elapsed_h 0.093 | time 2026-07-07T10:48:25+00:00
step 1065164 | loss 2.7756 | lr 1.01e-03 | grad 0.72 | tok/s 5572 | global_tok/s 356584 | elapsed_h 0.094 | time 2026-07-07T10:48:27+00:00
step 1065165 | loss 2.4363 | lr 1.01e-03 | grad 0.82 | tok/s 5585 | global_tok/s 357445 | elapsed_h 0.094 | time 2026-07-07T10:48:28+00:00
step 1065166 | loss 2.1090 | lr 1.01e-03 | grad 0.74 | tok/s 5542 | global_tok/s 354711 | elapsed_h 0.094 | time 2026-07-07T10:48:30+00:00
step 1065167 | loss 2.3260 | lr 1.01e-03 | grad 0.84 | tok/s 5604 | global_tok/s 358671 | elapsed_h 0.095 | time 2026-07-07T10:48:31+00:00
step 1065168 | loss 2.2995 | lr 1.01e-03 | grad 0.88 | tok/s 5482 | global_tok/s 350871 | elapsed_h 0.095 | time 2026-07-07T10:48:33+00:00
step 1065169 | loss 2.8198 | lr 1.01e-03 | grad 0.77 | tok/s 5476 | global_tok/s 350468 | elapsed_h 0.096 | time 2026-07-07T10:48:34+00:00
step 1065170 | loss 2.3062 | lr 1.01e-03 | grad 0.78 | tok/s 5625 | global_tok/s 359998 | elapsed_h 0.096 | time 2026-07-07T10:48:36+00:00
step 1065171 | loss 2.1454 | lr 1.01e-03 | grad 0.74 | tok/s 2096 | global_tok/s 134137 | elapsed_h 0.097 | time 2026-07-07T10:48:40+00:00
step 1065172 | loss 2.2808 | lr 1.01e-03 | grad 1.06 | tok/s 5368 | global_tok/s 343561 | elapsed_h 0.098 | time 2026-07-07T10:48:41+00:00
step 1065173 | loss 2.6332 | lr 1.01e-03 | grad 0.77 | tok/s 5520 | global_tok/s 353306 | elapsed_h 0.098 | time 2026-07-07T10:48:43+00:00
step 1065174 | loss 2.7631 | lr 1.01e-03 | grad 0.76 | tok/s 5548 | global_tok/s 355065 | elapsed_h 0.099 | time 2026-07-07T10:48:44+00:00
step 1065175 | loss 2.7782 | lr 1.01e-03 | grad 0.72 | tok/s 5566 | global_tok/s 356251 | elapsed_h 0.099 | time 2026-07-07T10:48:46+00:00
step 1065176 | loss 2.9673 | lr 1.01e-03 | grad 0.74 | tok/s 5545 | global_tok/s 354896 | elapsed_h 0.099 | time 2026-07-07T10:48:48+00:00
step 1065177 | loss 2.5570 | lr 1.01e-03 | grad 0.79 | tok/s 5487 | global_tok/s 351192 | elapsed_h 0.100 | time 2026-07-07T10:48:49+00:00
step 1065178 | loss 2.6254 | lr 1.01e-03 | grad 0.96 | tok/s 5426 | global_tok/s 347294 | elapsed_h 0.100 | time 2026-07-07T10:48:51+00:00
step 1065179 | loss 2.4139 | lr 1.01e-03 | grad 0.79 | tok/s 5546 | global_tok/s 354934 | elapsed_h 0.101 | time 2026-07-07T10:48:52+00:00
step 1065180 | loss 2.2227 | lr 1.01e-03 | grad 0.70 | tok/s 5487 | global_tok/s 351196 | elapsed_h 0.101 | time 2026-07-07T10:48:54+00:00
step 1065181 | loss 2.5853 | lr 1.01e-03 | grad 0.80 | tok/s 2281 | global_tok/s 145955 | elapsed_h 0.102 | time 2026-07-07T10:48:57+00:00
step 1065182 | loss 1.9599 | lr 1.01e-03 | grad 0.74 | tok/s 5424 | global_tok/s 347158 | elapsed_h 0.103 | time 2026-07-07T10:48:59+00:00
step 1065183 | loss 2.3285 | lr 1.01e-03 | grad 0.76 | tok/s 5408 | global_tok/s 346082 | elapsed_h 0.103 | time 2026-07-07T10:49:01+00:00
step 1065184 | loss 1.9893 | lr 1.01e-03 | grad 0.81 | tok/s 5548 | global_tok/s 355083 | elapsed_h 0.103 | time 2026-07-07T10:49:02+00:00
step 1065185 | loss 1.9990 | lr 1.01e-03 | grad 0.84 | tok/s 5522 | global_tok/s 353400 | elapsed_h 0.104 | time 2026-07-07T10:49:04+00:00
step 1065186 | loss 1.9984 | lr 1.01e-03 | grad 0.84 | tok/s 5607 | global_tok/s 358876 | elapsed_h 0.104 | time 2026-07-07T10:49:05+00:00
step 1065187 | loss 2.4142 | lr 1.01e-03 | grad 0.70 | tok/s 5529 | global_tok/s 353878 | elapsed_h 0.105 | time 2026-07-07T10:49:07+00:00
step 1065188 | loss 2.5970 | lr 1.01e-03 | grad 0.93 | tok/s 5545 | global_tok/s 354865 | elapsed_h 0.105 | time 2026-07-07T10:49:08+00:00
step 1065189 | loss 3.1160 | lr 1.01e-03 | grad 0.86 | tok/s 5578 | global_tok/s 356989 | elapsed_h 0.106 | time 2026-07-07T10:49:10+00:00
step 1065190 | loss 2.4443 | lr 1.01e-03 | grad 0.79 | tok/s 5400 | global_tok/s 345597 | elapsed_h 0.106 | time 2026-07-07T10:49:11+00:00
step 1065191 | loss 2.8404 | lr 1.01e-03 | grad 0.84 | tok/s 2381 | global_tok/s 152370 | elapsed_h 0.107 | time 2026-07-07T10:49:15+00:00
step 1065192 | loss 2.8037 | lr 1.01e-03 | grad 0.80 | tok/s 5566 | global_tok/s 356245 | elapsed_h 0.107 | time 2026-07-07T10:49:16+00:00
step 1065193 | loss 2.5055 | lr 1.01e-03 | grad 0.76 | tok/s 5453 | global_tok/s 349003 | elapsed_h 0.108 | time 2026-07-07T10:49:18+00:00
step 1065194 | loss 2.6002 | lr 1.01e-03 | grad 0.79 | tok/s 5566 | global_tok/s 356251 | elapsed_h 0.108 | time 2026-07-07T10:49:19+00:00
step 1065195 | loss 2.8505 | lr 1.01e-03 | grad 0.80 | tok/s 5411 | global_tok/s 346296 | elapsed_h 0.109 | time 2026-07-07T10:49:21+00:00
step 1065196 | loss 2.5922 | lr 1.01e-03 | grad 0.74 | tok/s 5521 | global_tok/s 353369 | elapsed_h 0.109 | time 2026-07-07T10:49:23+00:00
step 1065197 | loss 3.6841 | lr 1.01e-03 | grad 0.82 | tok/s 5550 | global_tok/s 355183 | elapsed_h 0.110 | time 2026-07-07T10:49:24+00:00
step 1065198 | loss 3.0691 | lr 1.01e-03 | grad 0.89 | tok/s 5498 | global_tok/s 351899 | elapsed_h 0.110 | time 2026-07-07T10:49:26+00:00
step 1065199 | loss 3.2791 | lr 1.01e-03 | grad 0.80 | tok/s 5581 | global_tok/s 357167 | elapsed_h 0.110 | time 2026-07-07T10:49:27+00:00
[DiLoCoMergeDebug] rank=0 step=1065200 merge=5 label=sf_x bucket=0 numel=1286589072 dtype=torch.bfloat16 phase=enter
[DiLoCoMergeDebug] rank=0 step=1065200 merge=5 label=sf_x bucket=0 numel=1286589072 dtype=torch.bfloat16 phase=exit elapsed_s=0.000204
[DiLoCoMergeDebug] rank=0 step=1065200 merge=5 label=sf_z bucket=0 numel=1286586696 dtype=torch.bfloat16 phase=enter
[DiLoCoMergeDebug] rank=0 step=1065200 merge=5 label=sf_z bucket=0 numel=1286586696 dtype=torch.bfloat16 phase=exit elapsed_s=0.000108
  >>> [DiLoCo] merge #5 at step 1065200: averaged model weights across 64 ranks in 3385 ms (amortized over 40 steps)
step 1065200 | loss 1.7675 | lr 1.01e-03 | grad 0.85 | tok/s 1659 | global_tok/s 106206 | elapsed_h 0.112 | time 2026-07-07T10:49:32+00:00
  >>> saved checkpoint: checkpoint_step_1065200_loss_1.7675.pt
step 1065201 | loss 2.5425 | lr 1.01e-03 | grad 0.82 | tok/s 769 | global_tok/s 49218 | elapsed_h 0.115 | time 2026-07-07T10:49:43+00:00
step 1065202 | loss 2.8913 | lr 1.01e-03 | grad 0.73 | tok/s 5578 | global_tok/s 357022 | elapsed_h 0.115 | time 2026-07-07T10:49:44+00:00
step 1065203 | loss 2.6422 | lr 1.01e-03 | grad 0.84 | tok/s 5632 | global_tok/s 360464 | elapsed_h 0.116 | time 2026-07-07T10:49:46+00:00
step 1065204 | loss 2.4872 | lr 1.01e-03 | grad 0.74 | tok/s 5617 | global_tok/s 359484 | elapsed_h 0.116 | time 2026-07-07T10:49:47+00:00
step 1065205 | loss 2.3454 | lr 1.01e-03 | grad 0.77 | tok/s 5434 | global_tok/s 347780 | elapsed_h 0.116 | time 2026-07-07T10:49:49+00:00
step 1065206 | loss 2.4800 | lr 1.01e-03 | grad 0.73 | tok/s 5565 | global_tok/s 356182 | elapsed_h 0.117 | time 2026-07-07T10:49:51+00:00
step 1065207 | loss 1.4469 | lr 1.01e-03 | grad 0.78 | tok/s 5529 | global_tok/s 353837 | elapsed_h 0.117 | time 2026-07-07T10:49:52+00:00
step 1065208 | loss 2.6347 | lr 1.01e-03 | grad 0.79 | tok/s 5477 | global_tok/s 350552 | elapsed_h 0.118 | time 2026-07-07T10:49:54+00:00
step 1065209 | loss 2.3080 | lr 1.01e-03 | grad 0.77 | tok/s 5535 | global_tok/s 354235 | elapsed_h 0.118 | time 2026-07-07T10:49:55+00:00
step 1065210 | loss 2.7310 | lr 1.01e-03 | grad 0.78 | tok/s 5570 | global_tok/s 356479 | elapsed_h 0.119 | time 2026-07-07T10:49:57+00:00
step 1065211 | loss 2.0516 | lr 1.01e-03 | grad 0.72 | tok/s 2126 | global_tok/s 136045 | elapsed_h 0.120 | time 2026-07-07T10:50:01+00:00
step 1065212 | loss 3.0212 | lr 1.01e-03 | grad 0.75 | tok/s 5517 | global_tok/s 353099 | elapsed_h 0.120 | time 2026-07-07T10:50:02+00:00
step 1065213 | loss 2.6310 | lr 1.01e-03 | grad 0.80 | tok/s 5529 | global_tok/s 353864 | elapsed_h 0.121 | time 2026-07-07T10:50:04+00:00
step 1065214 | loss 2.6338 | lr 1.01e-03 | grad 0.73 | tok/s 5568 | global_tok/s 356324 | elapsed_h 0.121 | time 2026-07-07T10:50:05+00:00
step 1065215 | loss 2.0213 | lr 1.01e-03 | grad 0.76 | tok/s 5495 | global_tok/s 351660 | elapsed_h 0.121 | time 2026-07-07T10:50:07+00:00
step 1065216 | loss 2.6291 | lr 1.01e-03 | grad 0.77 | tok/s 5551 | global_tok/s 355278 | elapsed_h 0.122 | time 2026-07-07T10:50:08+00:00
step 1065217 | loss 2.6713 | lr 1.01e-03 | grad 0.82 | tok/s 5552 | global_tok/s 355332 | elapsed_h 0.122 | time 2026-07-07T10:50:10+00:00
step 1065218 | loss 2.5168 | lr 1.01e-03 | grad 0.87 | tok/s 5497 | global_tok/s 351804 | elapsed_h 0.123 | time 2026-07-07T10:50:11+00:00
step 1065219 | loss 2.4061 | lr 1.01e-03 | grad 0.79 | tok/s 5438 | global_tok/s 348014 | elapsed_h 0.123 | time 2026-07-07T10:50:13+00:00
step 1065220 | loss 2.4835 | lr 1.01e-03 | grad 0.76 | tok/s 5582 | global_tok/s 357232 | elapsed_h 0.124 | time 2026-07-07T10:50:14+00:00
step 1065221 | loss 2.6977 | lr 1.01e-03 | grad 0.78 | tok/s 2133 | global_tok/s 136530 | elapsed_h 0.125 | time 2026-07-07T10:50:18+00:00
step 1065222 | loss 2.4493 | lr 1.01e-03 | grad 0.77 | tok/s 5531 | global_tok/s 354002 | elapsed_h 0.125 | time 2026-07-07T10:50:20+00:00
step 1065223 | loss 2.6165 | lr 1.01e-03 | grad 0.77 | tok/s 5368 | global_tok/s 343582 | elapsed_h 0.125 | time 2026-07-07T10:50:22+00:00
step 1065224 | loss 3.0966 | lr 1.01e-03 | grad 0.89 | tok/s 5425 | global_tok/s 347209 | elapsed_h 0.126 | time 2026-07-07T10:50:23+00:00
step 1065225 | loss 2.8548 | lr 1.01e-03 | grad 0.76 | tok/s 5532 | global_tok/s 354067 | elapsed_h 0.126 | time 2026-07-07T10:50:25+00:00
step 1065226 | loss 2.2398 | lr 1.01e-03 | grad 0.80 | tok/s 5232 | global_tok/s 334829 | elapsed_h 0.127 | time 2026-07-07T10:50:26+00:00
step 1065227 | loss 2.4325 | lr 1.01e-03 | grad 0.80 | tok/s 5604 | global_tok/s 358640 | elapsed_h 0.127 | time 2026-07-07T10:50:28+00:00
step 1065228 | loss 2.8063 | lr 1.01e-03 | grad 0.81 | tok/s 5387 | global_tok/s 344787 | elapsed_h 0.128 | time 2026-07-07T10:50:29+00:00
step 1065229 | loss 3.0424 | lr 1.01e-03 | grad 0.78 | tok/s 5490 | global_tok/s 351388 | elapsed_h 0.128 | time 2026-07-07T10:50:31+00:00
step 1065230 | loss 2.8097 | lr 1.01e-03 | grad 1.00 | tok/s 5515 | global_tok/s 352943 | elapsed_h 0.129 | time 2026-07-07T10:50:32+00:00
step 1065231 | loss 2.0810 | lr 1.01e-03 | grad 0.70 | tok/s 1839 | global_tok/s 117688 | elapsed_h 0.130 | time 2026-07-07T10:50:37+00:00
step 1065232 | loss 2.1735 | lr 1.01e-03 | grad 0.76 | tok/s 5615 | global_tok/s 359361 | elapsed_h 0.130 | time 2026-07-07T10:50:38+00:00
step 1065233 | loss 2.7278 | lr 1.01e-03 | grad 0.79 | tok/s 5007 | global_tok/s 320480 | elapsed_h 0.131 | time 2026-07-07T10:50:40+00:00
step 1065234 | loss 2.5582 | lr 1.01e-03 | grad 0.80 | tok/s 5586 | global_tok/s 357478 | elapsed_h 0.131 | time 2026-07-07T10:50:42+00:00
step 1065235 | loss 2.3171 | lr 1.01e-03 | grad 0.80 | tok/s 5496 | global_tok/s 351720 | elapsed_h 0.132 | time 2026-07-07T10:50:43+00:00
step 1065236 | loss 2.2695 | lr 1.01e-03 | grad 0.79 | tok/s 4908 | global_tok/s 314132 | elapsed_h 0.132 | time 2026-07-07T10:50:45+00:00
step 1065237 | loss 2.3826 | lr 1.01e-03 | grad 0.82 | tok/s 5517 | global_tok/s 353080 | elapsed_h 0.132 | time 2026-07-07T10:50:47+00:00
step 1065238 | loss 2.2072 | lr 1.01e-03 | grad 0.77 | tok/s 5476 | global_tok/s 350448 | elapsed_h 0.133 | time 2026-07-07T10:50:48+00:00
step 1065239 | loss 2.1598 | lr 1.01e-03 | grad 0.84 | tok/s 5304 | global_tok/s 339446 | elapsed_h 0.133 | time 2026-07-07T10:50:50+00:00
[DiLoCoMergeDebug] rank=0 step=1065240 merge=6 label=sf_x bucket=0 numel=1286589072 dtype=torch.bfloat16 phase=enter
[DiLoCoMergeDebug] rank=0 step=1065240 merge=6 label=sf_x bucket=0 numel=1286589072 dtype=torch.bfloat16 phase=exit elapsed_s=0.000205
[DiLoCoMergeDebug] rank=0 step=1065240 merge=6 label=sf_z bucket=0 numel=1286586696 dtype=torch.bfloat16 phase=enter
[DiLoCoMergeDebug] rank=0 step=1065240 merge=6 label=sf_z bucket=0 numel=1286586696 dtype=torch.bfloat16 phase=exit elapsed_s=0.000107
  >>> [DiLoCo] merge #6 at step 1065240: averaged model weights across 64 ranks in 3020 ms (amortized over 40 steps)
step 1065240 | loss 2.6807 | lr 1.01e-03 | grad 0.78 | tok/s 1817 | global_tok/s 116290 | elapsed_h 0.135 | time 2026-07-07T10:50:54+00:00
  >>> saved checkpoint: checkpoint_step_1065240_loss_2.6807.pt
step 1065241 | loss 2.2610 | lr 1.01e-03 | grad 0.89 | tok/s 718 | global_tok/s 45973 | elapsed_h 0.138 | time 2026-07-07T10:51:06+00:00
step 1065242 | loss 3.0692 | lr 1.01e-03 | grad 0.77 | tok/s 5452 | global_tok/s 348913 | elapsed_h 0.138 | time 2026-07-07T10:51:07+00:00
step 1065243 | loss 3.1425 | lr 1.01e-03 | grad 0.86 | tok/s 5427 | global_tok/s 347303 | elapsed_h 0.139 | time 2026-07-07T10:51:09+00:00
step 1065244 | loss 1.9867 | lr 1.01e-03 | grad 0.91 | tok/s 5471 | global_tok/s 350114 | elapsed_h 0.139 | time 2026-07-07T10:51:10+00:00
step 1065245 | loss 3.0603 | lr 1.01e-03 | grad 0.93 | tok/s 5100 | global_tok/s 326377 | elapsed_h 0.140 | time 2026-07-07T10:51:12+00:00
step 1065246 | loss 2.6377 | lr 1.01e-03 | grad 0.79 | tok/s 5062 | global_tok/s 323965 | elapsed_h 0.140 | time 2026-07-07T10:51:14+00:00
step 1065247 | loss 1.8742 | lr 1.01e-03 | grad 0.68 | tok/s 5580 | global_tok/s 357115 | elapsed_h 0.140 | time 2026-07-07T10:51:15+00:00
step 1065248 | loss 2.2665 | lr 1.01e-03 | grad 0.82 | tok/s 5251 | global_tok/s 336089 | elapsed_h 0.141 | time 2026-07-07T10:51:17+00:00
step 1065249 | loss 2.8211 | lr 1.01e-03 | grad 0.81 | tok/s 5491 | global_tok/s 351445 | elapsed_h 0.141 | time 2026-07-07T10:51:18+00:00
step 1065250 | loss 3.0909 | lr 1.01e-03 | grad 0.75 | tok/s 5015 | global_tok/s 320943 | elapsed_h 0.142 | time 2026-07-07T10:51:20+00:00
[final-checkpoint] rank 0/64 entering finalization at step=1065250 reason=walltime:SLURM_JOB_END_TIME remaining_s=599.3 model_variant=level=E97,params_arg=100m,derived_params=1.3B,total_params=1286589072,mlp_ratio=2.2623 is_head=True
[final-checkpoint] rank 3/64 entering finalization at step=1065250 reason=walltime:SLURM_JOB_END_TIME remaining_s=599.2 model_variant=level=E97,params_arg=100m,derived_params=1.3B,total_params=1286589072,mlp_ratio=2.2623 is_head=False
[final-checkpoint] rank 2/64 entering finalization at step=1065250 reason=walltime:SLURM_JOB_END_TIME remaining_s=599.4 model_variant=level=E97,params_arg=100m,derived_params=1.3B,total_params=1286589072,mlp_ratio=2.2623 is_head=False
[final-checkpoint] rank 4/64 entering finalization at step=1065250 reason=walltime:SLURM_JOB_END_TIME remaining_s=599.6 model_variant=level=E97,params_arg=100m,derived_params=1.3B,total_params=1286589072,mlp_ratio=2.2623 is_head=False
[final-checkpoint] rank 8/64 entering finalization at step=1065250 reason=walltime:SLURM_JOB_END_TIME remaining_s=599.2 model_variant=level=E97,params_arg=100m,derived_params=1.3B,total_params=1286589072,mlp_ratio=2.2623 is_head=False
[final-checkpoint] rank 9/64 entering finalization at step=1065250 reason=walltime:SLURM_JOB_END_TIME remaining_s=599.2 model_variant=level=E97,params_arg=100m,derived_params=1.3B,total_params=1286589072,mlp_ratio=2.2623 is_head=False
[final-checkpoint] rank 14/64 entering finalization at step=1065250 reason=walltime:SLURM_JOB_END_TIME remaining_s=599.4 model_variant=level=E97,params_arg=100m,derived_params=1.3B,total_params=1286589072,mlp_ratio=2.2623 is_head=False
[final-checkpoint] rank 15/64 entering finalization at step=1065250 reason=walltime:SLURM_JOB_END_TIME remaining_s=599.5 model_variant=level=E97,params_arg=100m,derived_params=1.3B,total_params=1286589072,mlp_ratio=2.2623 is_head=False
[final-checkpoint] rank 11/64 entering finalization at step=1065250 reason=walltime:SLURM_JOB_END_TIME remaining_s=599.1 model_variant=level=E97,params_arg=100m,derived_params=1.3B,total_params=1286589072,mlp_ratio=2.2623 is_head=False
[final-checkpoint] rank 13/64 entering finalization at step=1065250 reason=walltime:SLURM_JOB_END_TIME remaining_s=599.3 model_variant=level=E97,params_arg=100m,derived_params=1.3B,total_params=1286589072,mlp_ratio=2.2623 is_head=False
[final-checkpoint] rank 22/64 entering finalization at step=1065250 reason=walltime:SLURM_JOB_END_TIME remaining_s=599.4 model_variant=level=E97,params_arg=100m,derived_params=1.3B,total_params=1286589072,mlp_ratio=2.2623 is_head=False
[final-checkpoint] rank 17/64 entering finalization at step=1065250 reason=walltime:SLURM_JOB_END_TIME remaining_s=599.6 model_variant=level=E97,params_arg=100m,derived_params=1.3B,total_params=1286589072,mlp_ratio=2.2623 is_head=False
[final-checkpoint] rank 19/64 entering finalization at step=1065250 reason=walltime:SLURM_JOB_END_TIME remaining_s=599.4 model_variant=level=E97,params_arg=100m,derived_params=1.3B,total_params=1286589072,mlp_ratio=2.2623 is_head=False
[final-checkpoint] rank 20/64 entering finalization at step=1065250 reason=walltime:SLURM_JOB_END_TIME remaining_s=599.0 model_variant=level=E97,params_arg=100m,derived_params=1.3B,total_params=1286589072,mlp_ratio=2.2623 is_head=False
[final-checkpoint] rank 21/64 entering finalization at step=1065250 reason=walltime:SLURM_JOB_END_TIME remaining_s=599.3 model_variant=level=E97,params_arg=100m,derived_params=1.3B,total_params=1286589072,mlp_ratio=2.2623 is_head=False
[final-checkpoint] rank 18/64 entering finalization at step=1065250 reason=walltime:SLURM_JOB_END_TIME remaining_s=599.8 model_variant=level=E97,params_arg=100m,derived_params=1.3B,total_params=1286589072,mlp_ratio=2.2623 is_head=False
[final-checkpoint] rank 16/64 entering finalization at step=1065250 reason=walltime:SLURM_JOB_END_TIME remaining_s=599.5 model_variant=level=E97,params_arg=100m,derived_params=1.3B,total_params=1286589072,mlp_ratio=2.2623 is_head=False
[final-checkpoint] rank 24/64 entering finalization at step=1065250 reason=walltime:SLURM_JOB_END_TIME remaining_s=599.2 model_variant=level=E97,params_arg=100m,derived_params=1.3B,total_params=1286589072,mlp_ratio=2.2623 is_head=False
[final-checkpoint] rank 29/64 entering finalization at step=1065250 reason=walltime:SLURM_JOB_END_TIME remaining_s=599.4 model_variant=level=E97,params_arg=100m,derived_params=1.3B,total_params=1286589072,mlp_ratio=2.2623 is_head=False
[final-checkpoint] rank 31/64 entering finalization at step=1065250 reason=walltime:SLURM_JOB_END_TIME remaining_s=599.1 model_variant=level=E97,params_arg=100m,derived_params=1.3B,total_params=1286589072,mlp_ratio=2.2623 is_head=False
[final-checkpoint] rank 26/64 entering finalization at step=1065250 reason=walltime:SLURM_JOB_END_TIME remaining_s=599.6 model_variant=level=E97,params_arg=100m,derived_params=1.3B,total_params=1286589072,mlp_ratio=2.2623 is_head=False
[final-checkpoint] rank 27/64 entering finalization at step=1065250 reason=walltime:SLURM_JOB_END_TIME remaining_s=599.4 model_variant=level=E97,params_arg=100m,derived_params=1.3B,total_params=1286589072,mlp_ratio=2.2623 is_head=False
[final-checkpoint] rank 38/64 entering finalization at step=1065250 reason=walltime:SLURM_JOB_END_TIME remaining_s=599.4 model_variant=level=E97,params_arg=100m,derived_params=1.3B,total_params=1286589072,mlp_ratio=2.2623 is_head=False
[final-checkpoint] rank 39/64 entering finalization at step=1065250 reason=walltime:SLURM_JOB_END_TIME remaining_s=599.4 model_variant=level=E97,params_arg=100m,derived_params=1.3B,total_params=1286589072,mlp_ratio=2.2623 is_head=False
[final-checkpoint] rank 32/64 entering finalization at step=1065250 reason=walltime:SLURM_JOB_END_TIME remaining_s=599.2 model_variant=level=E97,params_arg=100m,derived_params=1.3B,total_params=1286589072,mlp_ratio=2.2623 is_head=False
[final-checkpoint] rank 33/64 entering finalization at step=1065250 reason=walltime:SLURM_JOB_END_TIME remaining_s=599.1 model_variant=level=E97,params_arg=100m,derived_params=1.3B,total_params=1286589072,mlp_ratio=2.2623 is_head=False
[final-checkpoint] rank 35/64 entering finalization at step=1065250 reason=walltime:SLURM_JOB_END_TIME remaining_s=599.4 model_variant=level=E97,params_arg=100m,derived_params=1.3B,total_params=1286589072,mlp_ratio=2.2623 is_head=False
[final-checkpoint] rank 36/64 entering finalization at step=1065250 reason=walltime:SLURM_JOB_END_TIME remaining_s=599.8 model_variant=level=E97,params_arg=100m,derived_params=1.3B,total_params=1286589072,mlp_ratio=2.2623 is_head=False
[final-checkpoint] rank 37/64 entering finalization at step=1065250 reason=walltime:SLURM_JOB_END_TIME remaining_s=599.6 model_variant=level=E97,params_arg=100m,derived_params=1.3B,total_params=1286589072,mlp_ratio=2.2623 is_head=False
[final-checkpoint] rank 34/64 entering finalization at step=1065250 reason=walltime:SLURM_JOB_END_TIME remaining_s=599.2 model_variant=level=E97,params_arg=100m,derived_params=1.3B,total_params=1286589072,mlp_ratio=2.2623 is_head=False
[final-checkpoint] rank 46/64 entering finalization at step=1065250 reason=walltime:SLURM_JOB_END_TIME remaining_s=599.4 model_variant=level=E97,params_arg=100m,derived_params=1.3B,total_params=1286589072,mlp_ratio=2.2623 is_head=False
[final-checkpoint] rank 41/64 entering finalization at step=1065250 reason=walltime:SLURM_JOB_END_TIME remaining_s=599.6 model_variant=level=E97,params_arg=100m,derived_params=1.3B,total_params=1286589072,mlp_ratio=2.2623 is_head=False
[final-checkpoint] rank 47/64 entering finalization at step=1065250 reason=walltime:SLURM_JOB_END_TIME remaining_s=599.5 model_variant=level=E97,params_arg=100m,derived_params=1.3B,total_params=1286589072,mlp_ratio=2.2623 is_head=False
[final-checkpoint] rank 44/64 entering finalization at step=1065250 reason=walltime:SLURM_JOB_END_TIME remaining_s=599.4 model_variant=level=E97,params_arg=100m,derived_params=1.3B,total_params=1286589072,mlp_ratio=2.2623 is_head=False
[final-checkpoint] rank 42/64 entering finalization at step=1065250 reason=walltime:SLURM_JOB_END_TIME remaining_s=599.7 model_variant=level=E97,params_arg=100m,derived_params=1.3B,total_params=1286589072,mlp_ratio=2.2623 is_head=False
[final-checkpoint] rank 43/64 entering finalization at step=1065250 reason=walltime:SLURM_JOB_END_TIME remaining_s=599.6 model_variant=level=E97,params_arg=100m,derived_params=1.3B,total_params=1286589072,mlp_ratio=2.2623 is_head=False
[final-checkpoint] rank 45/64 entering finalization at step=1065250 reason=walltime:SLURM_JOB_END_TIME remaining_s=599.4 model_variant=level=E97,params_arg=100m,derived_params=1.3B,total_params=1286589072,mlp_ratio=2.2623 is_head=False
[final-checkpoint] rank 49/64 entering finalization at step=1065250 reason=walltime:SLURM_JOB_END_TIME remaining_s=599.4 model_variant=level=E97,params_arg=100m,derived_params=1.3B,total_params=1286589072,mlp_ratio=2.2623 is_head=False
[final-checkpoint] rank 54/64 entering finalization at step=1065250 reason=walltime:SLURM_JOB_END_TIME remaining_s=599.4 model_variant=level=E97,params_arg=100m,derived_params=1.3B,total_params=1286589072,mlp_ratio=2.2623 is_head=False
[final-checkpoint] rank 55/64 entering finalization at step=1065250 reason=walltime:SLURM_JOB_END_TIME remaining_s=599.2 model_variant=level=E97,params_arg=100m,derived_params=1.3B,total_params=1286589072,mlp_ratio=2.2623 is_head=False
[final-checkpoint] rank 48/64 entering finalization at step=1065250 reason=walltime:SLURM_JOB_END_TIME remaining_s=599.5 model_variant=level=E97,params_arg=100m,derived_params=1.3B,total_params=1286589072,mlp_ratio=2.2623 is_head=False
[final-checkpoint] rank 51/64 entering finalization at step=1065250 reason=walltime:SLURM_JOB_END_TIME remaining_s=599.5 model_variant=level=E97,params_arg=100m,derived_params=1.3B,total_params=1286589072,mlp_ratio=2.2623 is_head=False
[final-checkpoint] rank 52/64 entering finalization at step=1065250 reason=walltime:SLURM_JOB_END_TIME remaining_s=599.0 model_variant=level=E97,params_arg=100m,derived_params=1.3B,total_params=1286589072,mlp_ratio=2.2623 is_head=False
[final-checkpoint] rank 53/64 entering finalization at step=1065250 reason=walltime:SLURM_JOB_END_TIME remaining_s=599.6 model_variant=level=E97,params_arg=100m,derived_params=1.3B,total_params=1286589072,mlp_ratio=2.2623 is_head=False
[final-checkpoint] rank 50/64 entering finalization at step=1065250 reason=walltime:SLURM_JOB_END_TIME remaining_s=599.1 model_variant=level=E97,params_arg=100m,derived_params=1.3B,total_params=1286589072,mlp_ratio=2.2623 is_head=False
[final-checkpoint] rank 62/64 entering finalization at step=1065250 reason=walltime:SLURM_JOB_END_TIME remaining_s=599.2 model_variant=level=E97,params_arg=100m,derived_params=1.3B,total_params=1286589072,mlp_ratio=2.2623 is_head=False
[final-checkpoint] rank 56/64 entering finalization at step=1065250 reason=walltime:SLURM_JOB_END_TIME remaining_s=599.1 model_variant=level=E97,params_arg=100m,derived_params=1.3B,total_params=1286589072,mlp_ratio=2.2623 is_head=False
[final-checkpoint] rank 57/64 entering finalization at step=1065250 reason=walltime:SLURM_JOB_END_TIME remaining_s=599.2 model_variant=level=E97,params_arg=100m,derived_params=1.3B,total_params=1286589072,mlp_ratio=2.2623 is_head=False
[final-checkpoint] rank 63/64 entering finalization at step=1065250 reason=walltime:SLURM_JOB_END_TIME remaining_s=599.4 model_variant=level=E97,params_arg=100m,derived_params=1.3B,total_params=1286589072,mlp_ratio=2.2623 is_head=False
[final-checkpoint] rank 60/64 entering finalization at step=1065250 reason=walltime:SLURM_JOB_END_TIME remaining_s=599.1 model_variant=level=E97,params_arg=100m,derived_params=1.3B,total_params=1286589072,mlp_ratio=2.2623 is_head=False
[final-checkpoint] rank 58/64 entering finalization at step=1065250 reason=walltime:SLURM_JOB_END_TIME remaining_s=599.6 model_variant=level=E97,params_arg=100m,derived_params=1.3B,total_params=1286589072,mlp_ratio=2.2623 is_head=False
[final-checkpoint] rank 59/64 entering finalization at step=1065250 reason=walltime:SLURM_JOB_END_TIME remaining_s=599.5 model_variant=level=E97,params_arg=100m,derived_params=1.3B,total_params=1286589072,mlp_ratio=2.2623 is_head=False
[final-checkpoint] rank 61/64 entering finalization at step=1065250 reason=walltime:SLURM_JOB_END_TIME remaining_s=599.6 model_variant=level=E97,params_arg=100m,derived_params=1.3B,total_params=1286589072,mlp_ratio=2.2623 is_head=False
[final-checkpoint] rank 1/64 entering finalization at step=1065250 reason=walltime:SLURM_JOB_END_TIME remaining_s=599.5 model_variant=level=E97,params_arg=100m,derived_params=1.3B,total_params=1286589072,mlp_ratio=2.2623 is_head=False
[final-checkpoint] rank 6/64 entering finalization at step=1065250 reason=walltime:SLURM_JOB_END_TIME remaining_s=599.1 model_variant=level=E97,params_arg=100m,derived_params=1.3B,total_params=1286589072,mlp_ratio=2.2623 is_head=False
[final-checkpoint] rank 7/64 entering finalization at step=1065250 reason=walltime:SLURM_JOB_END_TIME remaining_s=599.6 model_variant=level=E97,params_arg=100m,derived_params=1.3B,total_params=1286589072,mlp_ratio=2.2623 is_head=False
[final-checkpoint] rank 5/64 entering finalization at step=1065250 reason=walltime:SLURM_JOB_END_TIME remaining_s=599.7 model_variant=level=E97,params_arg=100m,derived_params=1.3B,total_params=1286589072,mlp_ratio=2.2623 is_head=False
[final-checkpoint] rank 25/64 entering finalization at step=1065250 reason=walltime:SLURM_JOB_END_TIME remaining_s=599.8 model_variant=level=E97,params_arg=100m,derived_params=1.3B,total_params=1286589072,mlp_ratio=2.2623 is_head=False
[final-checkpoint] rank 23/64 entering finalization at step=1065250 reason=walltime:SLURM_JOB_END_TIME remaining_s=599.6 model_variant=level=E97,params_arg=100m,derived_params=1.3B,total_params=1286589072,mlp_ratio=2.2623 is_head=False
[final-checkpoint] rank 30/64 entering finalization at step=1065250 reason=walltime:SLURM_JOB_END_TIME remaining_s=599.7 model_variant=level=E97,params_arg=100m,derived_params=1.3B,total_params=1286589072,mlp_ratio=2.2623 is_head=False
[final-checkpoint] rank 10/64 entering finalization at step=1065250 reason=walltime:SLURM_JOB_END_TIME remaining_s=599.6 model_variant=level=E97,params_arg=100m,derived_params=1.3B,total_params=1286589072,mlp_ratio=2.2623 is_head=False
[final-checkpoint] rank 12/64 entering finalization at step=1065250 reason=walltime:SLURM_JOB_END_TIME remaining_s=599.7 model_variant=level=E97,params_arg=100m,derived_params=1.3B,total_params=1286589072,mlp_ratio=2.2623 is_head=False
[final-checkpoint] rank 28/64 entering finalization at step=1065250 reason=walltime:SLURM_JOB_END_TIME remaining_s=599.7 model_variant=level=E97,params_arg=100m,derived_params=1.3B,total_params=1286589072,mlp_ratio=2.2623 is_head=False
[final-checkpoint] rank 40/64 entering finalization at step=1065250 reason=walltime:SLURM_JOB_END_TIME remaining_s=599.6 model_variant=level=E97,params_arg=100m,derived_params=1.3B,total_params=1286589072,mlp_ratio=2.2623 is_head=False
[DiLoCoMergeDebug] rank=0 step=1065250 merge=7 label=sf_x bucket=0 numel=1286589072 dtype=torch.bfloat16 phase=enter
[DiLoCoMergeDebug] rank=0 step=1065250 merge=7 label=sf_x bucket=0 numel=1286589072 dtype=torch.bfloat16 phase=exit elapsed_s=0.000191
[DiLoCoMergeDebug] rank=0 step=1065250 merge=7 label=sf_z bucket=0 numel=1286586696 dtype=torch.bfloat16 phase=enter
[DiLoCoMergeDebug] rank=0 step=1065250 merge=7 label=sf_z bucket=0 numel=1286586696 dtype=torch.bfloat16 phase=exit elapsed_s=0.000108
[rank 45] PEAK_MEMORY_MB: 28161 | RESERVED_MEMORY_MB: 36856
[rank 44] PEAK_MEMORY_MB: 28161 | RESERVED_MEMORY_MB: 36856
[rank 46] PEAK_MEMORY_MB: 28161 | RESERVED_MEMORY_MB: 36856
[rank 47] PEAK_MEMORY_MB: 28161 | RESERVED_MEMORY_MB: 36856
[rank 43] PEAK_MEMORY_MB: 28161 | RESERVED_MEMORY_MB: 36856
[rank 42] PEAK_MEMORY_MB: 28161 | RESERVED_MEMORY_MB: 36856
[rank 40] PEAK_MEMORY_MB: 28161 | RESERVED_MEMORY_MB: 36856
[rank 41] PEAK_MEMORY_MB: 28161 | RESERVED_MEMORY_MB: 36856
[rank 37] PEAK_MEMORY_MB: 28161 | RESERVED_MEMORY_MB: 36856
[rank 36] PEAK_MEMORY_MB: 28161 | RESERVED_MEMORY_MB: 36856
[rank 38] PEAK_MEMORY_MB: 28161 | RESERVED_MEMORY_MB: 36856
[rank 39] PEAK_MEMORY_MB: 28161 | RESERVED_MEMORY_MB: 36856
[rank 35] PEAK_MEMORY_MB: 28161 | RESERVED_MEMORY_MB: 36856
[rank 34] PEAK_MEMORY_MB: 28161 | RESERVED_MEMORY_MB: 36856
[rank 32] PEAK_MEMORY_MB: 28161 | RESERVED_MEMORY_MB: 36856
[rank 33] PEAK_MEMORY_MB: 28161 | RESERVED_MEMORY_MB: 36856
[rank 29] PEAK_MEMORY_MB: 28161 | RESERVED_MEMORY_MB: 36856
[rank 14] PEAK_MEMORY_MB: 28161 | RESERVED_MEMORY_MB: 36856
[rank 15] PEAK_MEMORY_MB: 28161 | RESERVED_MEMORY_MB: 36856
[rank 28] PEAK_MEMORY_MB: 28161 | RESERVED_MEMORY_MB: 36856
[rank 30] PEAK_MEMORY_MB: 28161 | RESERVED_MEMORY_MB: 36856
[rank 9] PEAK_MEMORY_MB: 28161 | RESERVED_MEMORY_MB: 36856
[rank 31] PEAK_MEMORY_MB: 28161 | RESERVED_MEMORY_MB: 36856
[rank 62] PEAK_MEMORY_MB: 28161 | RESERVED_MEMORY_MB: 36856
[rank 27] PEAK_MEMORY_MB: 28161 | RESERVED_MEMORY_MB: 36856
[rank 63] PEAK_MEMORY_MB: 28161 | RESERVED_MEMORY_MB: 36856
[rank 8] PEAK_MEMORY_MB: 28161 | RESERVED_MEMORY_MB: 36856
[rank 12] PEAK_MEMORY_MB: 28161 | RESERVED_MEMORY_MB: 36856
[rank 57] PEAK_MEMORY_MB: 28161 | RESERVED_MEMORY_MB: 36856
[rank 26] PEAK_MEMORY_MB: 28161 | RESERVED_MEMORY_MB: 36856
[rank 25] PEAK_MEMORY_MB: 28161 | RESERVED_MEMORY_MB: 36856
[rank 13] PEAK_MEMORY_MB: 28161 | RESERVED_MEMORY_MB: 36856
[rank 24] PEAK_MEMORY_MB: 28161 | RESERVED_MEMORY_MB: 36856
[rank 56] PEAK_MEMORY_MB: 28161 | RESERVED_MEMORY_MB: 36856
[rank 21] PEAK_MEMORY_MB: 28161 | RESERVED_MEMORY_MB: 36856
[rank 11] PEAK_MEMORY_MB: 28161 | RESERVED_MEMORY_MB: 36856
[rank 60] PEAK_MEMORY_MB: 28161 | RESERVED_MEMORY_MB: 36856
[rank 10] PEAK_MEMORY_MB: 28161 | RESERVED_MEMORY_MB: 36856
[rank 20] PEAK_MEMORY_MB: 28161 | RESERVED_MEMORY_MB: 36856
[rank 61] PEAK_MEMORY_MB: 28161 | RESERVED_MEMORY_MB: 36856
[rank 6] PEAK_MEMORY_MB: 28161 | RESERVED_MEMORY_MB: 36856
[rank 7] PEAK_MEMORY_MB: 28161 | RESERVED_MEMORY_MB: 36856
[rank 59] PEAK_MEMORY_MB: 28161 | RESERVED_MEMORY_MB: 36856
[rank 23] PEAK_MEMORY_MB: 28161 | RESERVED_MEMORY_MB: 36856
[rank 22] PEAK_MEMORY_MB: 28161 | RESERVED_MEMORY_MB: 36856
[rank 1] PEAK_MEMORY_MB: 28161 | RESERVED_MEMORY_MB: 36856
[rank 58] PEAK_MEMORY_MB: 28161 | RESERVED_MEMORY_MB: 36856
[rank 54] PEAK_MEMORY_MB: 28161 | RESERVED_MEMORY_MB: 36856
[rank 19] PEAK_MEMORY_MB: 28161 | RESERVED_MEMORY_MB: 36856
  >>> [DiLoCo] FINAL merge #7 at step 1065250: consensus model averaged across 64 ranks (2193 ms)
[rank 55] PEAK_MEMORY_MB: 28161 | RESERVED_MEMORY_MB: 36856
[rank 18] PEAK_MEMORY_MB: 28161 | RESERVED_MEMORY_MB: 36856
[rank 49] PEAK_MEMORY_MB: 28161 | RESERVED_MEMORY_MB: 36856
[final-checkpoint] START kind=final reason=walltime:SLURM_JOB_END_TIME step=1065250 loss=2.5069 remaining_s=595.5 model_variant=level=E97,params_arg=100m,derived_params=1.3B,total_params=1286589072,mlp_ratio=2.2623 rank=0/64 is_head=True
[rank 4] PEAK_MEMORY_MB: 28161 | RESERVED_MEMORY_MB: 36856
[rank 17] PEAK_MEMORY_MB: 28161 | RESERVED_MEMORY_MB: 36856
[rank 16] PEAK_MEMORY_MB: 28161 | RESERVED_MEMORY_MB: 36856
[rank 5] PEAK_MEMORY_MB: 28161 | RESERVED_MEMORY_MB: 36856
[rank 48] PEAK_MEMORY_MB: 28161 | RESERVED_MEMORY_MB: 36856
[rank 3] PEAK_MEMORY_MB: 28161 | RESERVED_MEMORY_MB: 36856
[rank 2] PEAK_MEMORY_MB: 28161 | RESERVED_MEMORY_MB: 36856
[rank 52] PEAK_MEMORY_MB: 28161 | RESERVED_MEMORY_MB: 36856
[rank 53] PEAK_MEMORY_MB: 28161 | RESERVED_MEMORY_MB: 36856
[rank 51] PEAK_MEMORY_MB: 28161 | RESERVED_MEMORY_MB: 36856
[rank 50] PEAK_MEMORY_MB: 28161 | RESERVED_MEMORY_MB: 36856
[final-checkpoint] END path=/lustre/orion/bif148/proj-shared/emender/frontier_runs/debug/trainpy_e97_step1065000_b4_smoke/20260707/E97_1.3B_step1065000_b4_k40_trainpy_smoke_8n/4951400-20260707T104124Z/train/emender_E97_1.3B_20260707_064235/checkpoint_step_1065250_loss_2.5069.pt latest=/lustre/orion/bif148/proj-shared/emender/frontier_runs/debug/trainpy_e97_step1065000_b4_smoke/20260707/E97_1.3B_step1065000_b4_k40_trainpy_smoke_8n/4951400-20260707T104124Z/train/emender_E97_1.3B_20260707_064235/latest.pt model_variant=level=E97,params_arg=100m,derived_params=1.3B,total_params=1286589072,mlp_ratio=2.2623 rank=0/64 is_head=True
[rank 0] PEAK_MEMORY_MB: 28161 | RESERVED_MEMORY_MB: 36856

Training complete! Final step: 1065250
FINAL_LOSS_LAST100: 2.5069
PEAK_MEMORY_MB: 28161
RESERVED_MEMORY_MB: 36856
DILOCO_MERGES: 7
DILOCO_K: 40
DILOCO_SYNC_TOTAL_S: 24.696
DILOCO_SYNC_AVG_MS: 3528.0
