=== e97 1.3B pretrained canary env ===
task_id=trainpy-updated-runtime-8n-smoke
variant=E97_1.3B_step1065000_b4_k40_trainpy_smoke_8n_rocm711_torch210
start_utc=2026-07-07T11:54:11Z
repo=/lustre/orion/bif148/scratch/erikgarrison/emender
run_root=/lustre/orion/bif148/proj-shared/emender/frontier_runs/debug/trainpy_e97_step1065000_b4_smoke/20260707/E97_1.3B_step1065000_b4_k40_trainpy_smoke_8n_rocm711_torch210/4951457-20260707T115405Z
stdout=logs/frontier/scaleout/e97-s1065-b4-k40-trainpy-8n-rt71-4951457.out
stderr=logs/frontier/scaleout/e97-s1065-b4-k40-trainpy-8n-rt71-4951457.err
human_approval_record=User 2026-07-07: bounded 8-node debug-QOS train.py smoke with updated ROCm7.1/Torch2.10/Triton3.6 runtime; no async/quorum harness; no 64n/256n/production approval.
resume_checkpoint=/lustre/orion/bif148/proj-shared/emender/checkpoints/emender_E97_1.3B_20260702_111457_step_1065000/latest.pt
default_resume_checkpoint=/lustre/orion/bif148/proj-shared/emender/checkpoints/E97_1.3B_diloco_20260623_103742_step260500/checkpoint_E97_1.3B_diloco_20260623_103742_step260500_loss_2.7481.pt
chain_latest_path=
chain_seed_checkpoint=/lustre/orion/bif148/proj-shared/emender/checkpoints/E97_1.3B_diloco_20260623_103742_step260500/checkpoint_E97_1.3B_diloco_20260623_103742_step260500_loss_2.7481.pt
chain_manifest_path=
chain_update_on_failure=1
requested_node_hours=2.666667
diloco_k=40
diloco_island_size=1
diloco_merge_topology=global
diloco_merge_group_size=8
diloco_merge_group_create_barrier_every=8
diloco_merge_completion_barrier=1
diloco_merge_bucket_numel=0
diloco_merge_debug=1
diloco_merge_debug_ranks=0
distributed_init_timeout_seconds=
disable_scalar_status_collectives=0
status_request_poll_seconds=1.0
frontier_rccl_env=recommended
rccl_net_plugin_status=not-found
require_rccl_net_plugin=0
rank_start_log=/lustre/orion/bif148/proj-shared/emender/frontier_runs/debug/trainpy_e97_step1065000_b4_smoke/20260707/E97_1.3B_step1065000_b4_k40_trainpy_smoke_8n_rocm711_torch210/4951457-20260707T115405Z/artifacts/rank-start.tsv
frontier_per_rank_triton_cache=1
frontier_train_env_preflight=1
emender_conda_env=/lustre/orion/bif148/scratch/erikgarrison/emender/.envs/olcf-rocm711-torch210-py312
conda_prefix=/lustre/orion/bif148/scratch/erikgarrison/emender/.envs/olcf-rocm711-torch210-py312
train_python_bin=/lustre/orion/bif148/scratch/erikgarrison/emender/.envs/olcf-rocm711-torch210-py312/bin/python
frontier_triton_cache_base=/lustre/orion/bif148/proj-shared/emender/frontier_runs/debug/trainpy_e97_step1065000_b4_smoke/20260707/E97_1.3B_step1065000_b4_k40_trainpy_smoke_8n_rocm711_torch210/4951457-20260707T115405Z/artifacts/triton-cache

=== slurm ===
CONDA_PREFIX=/lustre/orion/bif148/scratch/erikgarrison/emender/.envs/olcf-rocm711-torch210-py312
CONDA_PREFIX_1=/autofs/nccs-svm1_sw/frontier/miniforge3/23.11.0-0
DATA=/lustre/orion/bif148/proj-shared/commapile/commapile_mainmix_v0.1_1tb.txt
DILOCO_EXPORT_BASIS=x
DILOCO_ISLAND_SIZE=1
DILOCO_K=40
DILOCO_MERGE_BUCKET_NUMEL=0
DILOCO_MERGE_COMPLETION_BARRIER=1
DILOCO_MERGE_DEBUG=1
DILOCO_MERGE_DEBUG_RANKS=0
DILOCO_MERGE_GROUP_CREATE_BARRIER_EVERY=8
DILOCO_MERGE_GROUP_SIZE=8
DILOCO_MERGE_TOPOLOGY=global
DILOCO_OUTER_BETA=0.0
DILOCO_OUTER_LR=1.0
DILOCO_OUTER_OPTIMIZER=avg
EMENDER_CONDA_ENV=/lustre/orion/bif148/scratch/erikgarrison/emender/.envs/olcf-rocm711-torch210-py312
FI_CXI_ATS=0
FI_CXI_DEFAULT_CQ_SIZE=131072
FI_CXI_DEFAULT_TX_SIZE=2048
FI_CXI_RDZV_PROTO=alt_read
FI_CXI_RX_MATCH_MODE=hybrid
FI_MR_CACHE_MONITOR=kdreg2
FRONTIER_PER_RANK_TRITON_CACHE=1
FRONTIER_RCCL_ALT_RDZV=1
FRONTIER_RCCL_ENV=recommended
FRONTIER_TRAIN_ENV_PREFLIGHT=1
FRONTIER_TRITON_CACHE_BASE=/lustre/orion/bif148/proj-shared/emender/frontier_runs/debug/trainpy_e97_step1065000_b4_smoke/20260707/E97_1.3B_step1065000_b4_k40_trainpy_smoke_8n_rocm711_torch210/4951457-20260707T115405Z/artifacts/triton-cache
HIP_LIB_PATH=/opt/rocm-7.1.1/lib
HSA_ENABLE_IPC_MODE_LEGACY=1
HUMAN_APPROVAL_RECORD=User 2026-07-07: bounded 8-node debug-QOS train.py smoke with updated ROCm7.1/Torch2.10/Triton3.6 runtime; no async/quorum harness; no 64n/256n/production approval.
LD_LIBRARY_PATH=/opt/cray/pe/perftools/26.03.0/lib64:/opt/cray/pe/pmi/6.1.17/lib:/opt/cray/pe/mpich/9.1.0/ofi/gnu/12.3/lib:/opt/cray/pe/mpich/9.1.0/gtl/lib:/opt/cray/pe/libsci/26.03.0/GNU/12/x86_64/lib:/opt/cray/pe/dsmml/0.3.0/dsmml/lib:/opt/cray/pe/lib64:/opt/cray/lib64:/opt/rocm-7.1.1/lib/roctracer:/opt/rocm-7.1.1/lib/rocprofiler:/opt/rocm-7.1.1/lib:/sw/frontier/spack-envs/cpe26.03-cpu/opt/__spack_path_placeholder__/__spack_path_placeholder__/__spack_path_placeholder__/__spac/gcc-14.2/darshan-runtime-3.4.7-i6lglufb3nzhpr6gneuq2bjdaonwtv66/lib:/opt/cray/pe/papi/7.3.0.1/lib64:/sw/frontier/spack-envs/core-25.03/opt/gcc-13.2/emacs-29.4-unh4yuyvxeg5vnbffszz5xml33f5ahvv/lib:/opt/cray/libfabric/2.3.1/lib64
MASTER_ADDR=frontier00527
MASTER_PORT=51457
MPICH_DIR=/opt/cray/pe/mpich/9.1.0/ofi/gnu/12.3
MPICH_GPU_SUPPORT_ENABLED=1
MPICH_OFI_NIC_POLICY=NUMA
NCCL_CROSS_NIC=1
NCCL_NET_GDR_LEVEL=3
NCCL_NET_PLUGIN=librccl-net.so
NCCL_SOCKET_IFNAME=hsn0,hsn1,hsn2,hsn3
NDM_PIN_TRITON_AUTOTUNE=1
OMPI_MCA_plm_slurm_args=--external-launcher
OMP_NUM_THREADS=7
RESUME_CHECKPOINT=/lustre/orion/bif148/proj-shared/emender/checkpoints/emender_E97_1.3B_20260702_111457_step_1065000/latest.pt
ROCR_VISIBLE_DEVICES=0,1,2,3,4,5,6,7
SCALEOUT_VARIANT=E97_1.3B_step1065000_b4_k40_trainpy_smoke_8n_rocm711_torch210
SLURMD_NODENAME=frontier00527
SLURM_CLUSTER_NAME=frontier
SLURM_CONF=/var/spool/slurmd/conf-cache/slurm.conf
SLURM_CPUS_ON_NODE=56
SLURM_CPUS_PER_TASK=7
SLURM_EXPORT_ENV=ALL,WG_TASK_ID=trainpy-updated-runtime-8n-smoke,SCALEOUT_VARIANT=E97_1.3B_step1065000_b4_k40_trainpy_smoke_8n_rocm711_torch210,REQUESTED_NODE_HOURS=2.666667,HUMAN_APPROVAL_RECORD=User 2026-07-07: bounded 8-node debug-QOS train.py smoke with updated ROCm7.1/Torch2.10/Triton3.6 runtime; no async/quorum harness; no 64n/256n/production approval.
SLURM_GET_USER_ENV=1
SLURM_GPUS_ON_NODE=8
SLURM_GTIDS=0
SLURM_JOBID=4951457
SLURM_JOB_ACCOUNT=bif148
SLURM_JOB_CPUS_PER_NODE=56(x8)
SLURM_JOB_END_TIME=1783426441
SLURM_JOB_GID=31761
SLURM_JOB_GPUS=0,1,2,3,4,5,6,7
SLURM_JOB_ID=4951457
SLURM_JOB_NAME=e97-s1065-b4-k40-trainpy-8n-rt71
SLURM_JOB_NODELIST=frontier[00527,00529,00532,00534,00536-00539]
SLURM_JOB_NUM_NODES=8
SLURM_JOB_PARTITION=batch
SLURM_JOB_QOS=debug
SLURM_JOB_START_TIME=1783425241
SLURM_JOB_UID=19032
SLURM_JOB_USER=erikgarrison
SLURM_LOCALID=0
SLURM_MPI_TYPE=cray_shasta
SLURM_NNODES=8
SLURM_NODEID=0
SLURM_NODELIST=frontier[00527,00529,00532,00534,00536-00539]
SLURM_NPROCS=64
SLURM_NTASKS=64
SLURM_NTASKS_PER_NODE=8
SLURM_OOM_KILL_STEP=0
SLURM_PRIO_PROCESS=0
SLURM_PROCID=0
SLURM_SPANK_GPU_COUNTERS=0
SLURM_SPANK_GPU_COUNTERS_SRC=default
SLURM_SPANK_GPU_POWER_CAP=560
SLURM_SPANK_GPU_POWER_CAP_SRC=default
SLURM_SPANK_GPU_SRANGE=500-1700
SLURM_SPANK_GPU_SRANGE_SRC=default
SLURM_SUBMIT_DIR=/lustre/orion/bif148/scratch/erikgarrison/emender
SLURM_SUBMIT_HOST=login04
SLURM_TASKS_PER_NODE=8(x8)
SLURM_TASK_PID=2696161
SLURM_THREADS_PER_CORE=1
SLURM_TOPOLOGY_ADDR=root.s2004.frontier00527
SLURM_TOPOLOGY_ADDR_PATTERN=switch.switch.node
SLURM_TRES_BIND=gres/gpu:closest
SLURM_TRES_PER_TASK=cpu=7,gres/gpu=1
TIKTOKEN_CACHE_DIR=/lustre/orion/bif148/proj-shared/tiktoken_cache
TRAIN_MINUTES=10
VAL_DATA=/lustre/orion/bif148/scratch/erikgarrison/emender/data/commapile_mainmix_val_smoke.txt

=== command ===
srun -N 8 -n 64 -c7 --gpus-per-task=1 --gpu-bind=closest bash -lc source\ \"\$\{REPO\}/scripts/frontier/frontier_runtime_env.sh\"\;\ frontier_activate_emender_conda_env\;\ frontier_assert_emender_conda_env\;\ :\ \"\$\{TRAIN_PYTHON_BIN:\?TRAIN_PYTHON_BIN\ unset\}\"\;\ printf\ \"%s\\t%s\\t%s\\t%s\\t%s\\n\"\ \"\$\(date\ -u\ +%Y-%m-%dT%H:%M:%SZ\)\"\ \"\$\{SLURM_PROCID:-\}\"\ \"\$\{SLURM_LOCALID:-\}\"\ \"\$\{SLURMD_NODENAME:-\$\(hostname\)\}\"\ \"\$\{SLURM_NTASKS:-\}\"\ \>\>\ \"\$RANK_START_LOG\"\;\ if\ \[\[\ \"\$\{FRONTIER_PER_RANK_TRITON_CACHE:-0\}\"\ ==\ \"1\"\ \]\]\;\ then\ export\ TRITON_CACHE_DIR=\"\$\{FRONTIER_TRITON_CACHE_BASE%/\}/rank-\$\{SLURM_PROCID\}\"\;\ mkdir\ -p\ \"\$TRITON_CACHE_DIR\"\;\ fi\;\ export\ RANK=\$SLURM_PROCID\ WORLD_SIZE=\$SLURM_NTASKS\ LOCAL_RANK=0\;\ exec\ \"\$TRAIN_PYTHON_BIN\"\ -u\ train.py\ \"\$@\" bash --data /lustre/orion/bif148/proj-shared/commapile/commapile_mainmix_v0.1_1tb.txt --val_data /lustre/orion/bif148/scratch/erikgarrison/emender/data/commapile_mainmix_val_smoke.txt --bf16 --batch_size 4 --chunk_size 2048 --tokenizer p50k_base --optimizer schedulefree --seed 42 --lr 0.001007 --train_minutes 10 --timer_after_compile_warmup --compile_warmup_steps 1 --log_every 1 --val_every 10000 --save_every 40 --keep_checkpoints 3 --walltime_final_checkpoint_margin_seconds 600 --walltime_check_every 10 --distributed_health_check_every 10 --output /lustre/orion/bif148/proj-shared/emender/frontier_runs/debug/trainpy_e97_step1065000_b4_smoke/20260707/E97_1.3B_step1065000_b4_k40_trainpy_smoke_8n_rocm711_torch210/4951457-20260707T115405Z/train --resume /lustre/orion/bif148/proj-shared/emender/checkpoints/emender_E97_1.3B_20260702_111457_step_1065000/latest.pt --diloco --diloco_k 40 --diloco_outer_optimizer avg --diloco_outer_lr 1.0 --diloco_outer_beta 0.0 --diloco_export_basis x --diloco_island_size 1 --diloco_merge_topology global --diloco_merge_group_size 8 --diloco_merge_group_create_barrier_every 8 --diloco_merge_completion_barrier 1 --diloco_merge_bucket_numel 0 --diloco_merge_debug 1 --diloco_merge_debug_ranks 0 --level E97 --params 100m --dim 1792 --depth 11 --n_heads 216 --n_state 32 --n_groups 32 --n_slots 64 --state_expansion 2 --expansion 1.0 --use_gate 1 --use_permutation 1 --gate_activation silu --linear_state 0 --use_write_gate 0 --use_triton 1 --use_chunked_e97 0 --e97_chunk_size 32 --mlp_ratio 2.2623 --mlp_multiple 64 --checkpoint_interval 16 --weight_decay 0.01 --grad_accum 1 --grad_clip 1.0 

=== delegated srun training env preflight ===
Deactivating conda environments
delegated_python_executable=/lustre/orion/bif148/scratch/erikgarrison/emender/.envs/olcf-rocm711-torch210-py312/bin/python
delegated_python_version=3.12.13
delegated_torch_version=2.10.0+rocm7.1
delegated_torch_hip=7.1.25424
delegated_triton_version=3.6.0
frontier_runtime_profile=default
frontier_enable_olcf_rccl_plugin=0
frontier_rocm_module=rocm/7.1.1
frontier_rccl_net_plugin_module=rccl-net-plugin/1.0
EMENDER_CONDA_ENV=/lustre/orion/bif148/scratch/erikgarrison/emender/.envs/olcf-rocm711-torch210-py312
CONDA_PREFIX=/lustre/orion/bif148/scratch/erikgarrison/emender/.envs/olcf-rocm711-torch210-py312
OLCF_OFI_NCCL_ROOT=
NCCL_NET_PLUGIN=librccl-net.so
librccl_net_path=not-found

=== frontier communication env ===
CONDA_PREFIX=/lustre/orion/bif148/scratch/erikgarrison/emender/.envs/olcf-rocm711-torch210-py312
EMENDER_CONDA_ENV=/lustre/orion/bif148/scratch/erikgarrison/emender/.envs/olcf-rocm711-torch210-py312
LD_LIBRARY_PATH=/opt/cray/pe/perftools/26.03.0/lib64:/opt/cray/pe/pmi/6.1.17/lib:/opt/cray/pe/mpich/9.1.0/ofi/gnu/12.3/lib:/opt/cray/pe/mpich/9.1.0/gtl/lib:/opt/cray/pe/libsci/26.03.0/GNU/12/x86_64/lib:/opt/cray/pe/dsmml/0.3.0/dsmml/lib:/opt/cray/pe/lib64:/opt/cray/lib64:/opt/rocm-7.1.1/lib/roctracer:/opt/rocm-7.1.1/lib/rocprofiler:/opt/rocm-7.1.1/lib:/sw/frontier/spack-envs/cpe26.03-cpu/opt/__spack_path_placeholder__/__spack_path_placeholder__/__spack_path_placeholder__/__spac/gcc-14.2/darshan-runtime-3.4.7-i6lglufb3nzhpr6gneuq2bjdaonwtv66/lib:/opt/cray/pe/papi/7.3.0.1/lib64:/sw/frontier/spack-envs/core-25.03/opt/gcc-13.2/emacs-29.4-unh4yuyvxeg5vnbffszz5xml33f5ahvv/lib:/opt/cray/libfabric/2.3.1/lib64

=== python runtime versions ===
python_executable=/lustre/orion/bif148/scratch/erikgarrison/emender/.envs/olcf-rocm711-torch210-py312/bin/python
python_version=3.12.13
torch.__version__=2.10.0+rocm7.1
torch.version.hip=7.1.25424
triton.__version__=3.6.0
Deactivating conda environments
Deactivating conda environments
Deactivating conda environments
Deactivating conda environments
Deactivating conda environments
Deactivating conda environments
Deactivating conda environments
Deactivating conda environments
Deactivating conda environments
Deactivating conda environments
Deactivating conda environments
Deactivating conda environments
Deactivating conda environments
Deactivating conda environments
Deactivating conda environments
Deactivating conda environments
Deactivating conda environments
Deactivating conda environments
Deactivating conda environments
Deactivating conda environments
Deactivating conda environments
Deactivating conda environments
Deactivating conda environments
Deactivating conda environments
Deactivating conda environments
Deactivating conda environments
Deactivating conda environments
Deactivating conda environments
Deactivating conda environments
Deactivating conda environments
Deactivating conda environments
Deactivating conda environments
Deactivating conda environments
Deactivating conda environments
Deactivating conda environments
Deactivating conda environments
Deactivating conda environments
Deactivating conda environments
Deactivating conda environments
Deactivating conda environments
Deactivating conda environments
Deactivating conda environments
Deactivating conda environments
Deactivating conda environments
Deactivating conda environments
Deactivating conda environments
Deactivating conda environments
Deactivating conda environments
Deactivating conda environments
Deactivating conda environments
Deactivating conda environments
Deactivating conda environments
Deactivating conda environments
Deactivating conda environments
Deactivating conda environments
Deactivating conda environments
Deactivating conda environments
Deactivating conda environments
Deactivating conda environments
Deactivating conda environments
Deactivating conda environments
Deactivating conda environments
Deactivating conda environments
Deactivating conda environments
[pin-autotune] pinned mode: 18 kernels / 30 (name,key) configs from registry (set NDM_PIN_TRITON_AUTOTUNE=0 to restore sweep)
[pin-autotune] pinned mode: 18 kernels / 30 (name,key) configs from registry (set NDM_PIN_TRITON_AUTOTUNE=0 to restore sweep)
[pin-autotune] pinned mode: 18 kernels / 30 (name,key) configs from registry (set NDM_PIN_TRITON_AUTOTUNE=0 to restore sweep)
[pin-autotune] pinned mode: 18 kernels / 30 (name,key) configs from registry (set NDM_PIN_TRITON_AUTOTUNE=0 to restore sweep)
[pin-autotune] pinned mode: 18 kernels / 30 (name,key) configs from registry (set NDM_PIN_TRITON_AUTOTUNE=0 to restore sweep)
[pin-autotune] pinned mode: 18 kernels / 30 (name,key) configs from registry (set NDM_PIN_TRITON_AUTOTUNE=0 to restore sweep)
[pin-autotune] pinned mode: 18 kernels / 30 (name,key) configs from registry (set NDM_PIN_TRITON_AUTOTUNE=0 to restore sweep)
[pin-autotune] pinned mode: 18 kernels / 30 (name,key) configs from registry (set NDM_PIN_TRITON_AUTOTUNE=0 to restore sweep)
[W707 07:54:43.595027604 socket.cpp:764] [c10d] The client socket cannot be initialized to connect to [frontier00527.frontier.olcf.ornl.gov]:51457 (errno: 97 - Address family not supported by protocol).
[W707 07:54:43.595030880 socket.cpp:764] [c10d] The client socket cannot be initialized to connect to [frontier00527.frontier.olcf.ornl.gov]:51457 (errno: 97 - Address family not supported by protocol).
[W707 07:54:43.595057091 socket.cpp:764] [c10d] The client socket cannot be initialized to connect to [frontier00527.frontier.olcf.ornl.gov]:51457 (errno: 97 - Address family not supported by protocol).
[W707 07:54:43.595091487 socket.cpp:764] [c10d] The client socket cannot be initialized to connect to [frontier00527.frontier.olcf.ornl.gov]:51457 (errno: 97 - Address family not supported by protocol).
[W707 07:54:43.595968694 socket.cpp:764] [c10d] The client socket cannot be initialized to connect to [frontier00527.frontier.olcf.ornl.gov]:51457 (errno: 97 - Address family not supported by protocol).
[W707 07:54:43.596021075 socket.cpp:764] [c10d] The client socket cannot be initialized to connect to [frontier00527.frontier.olcf.ornl.gov]:51457 (errno: 97 - Address family not supported by protocol).
[W707 07:54:43.651981185 socket.cpp:764] [c10d] The client socket cannot be initialized to connect to [frontier00527.frontier.olcf.ornl.gov]:51457 (errno: 97 - Address family not supported by protocol).
[W707 07:54:43.686526739 socket.cpp:764] [c10d] The client socket cannot be initialized to connect to [frontier00527.frontier.olcf.ornl.gov]:51457 (errno: 97 - Address family not supported by protocol).
[pin-autotune] pinned mode: 18 kernels / 30 (name,key) configs from registry (set NDM_PIN_TRITON_AUTOTUNE=0 to restore sweep)
[pin-autotune] pinned mode: 18 kernels / 30 (name,key) configs from registry (set NDM_PIN_TRITON_AUTOTUNE=0 to restore sweep)
[pin-autotune] pinned mode: 18 kernels / 30 (name,key) configs from registry (set NDM_PIN_TRITON_AUTOTUNE=0 to restore sweep)
[pin-autotune] pinned mode: 18 kernels / 30 (name,key) configs from registry (set NDM_PIN_TRITON_AUTOTUNE=0 to restore sweep)
[pin-autotune] pinned mode: 18 kernels / 30 (name,key) configs from registry (set NDM_PIN_TRITON_AUTOTUNE=0 to restore sweep)
[pin-autotune] pinned mode: 18 kernels / 30 (name,key) configs from registry (set NDM_PIN_TRITON_AUTOTUNE=0 to restore sweep)
[pin-autotune] pinned mode: 18 kernels / 30 (name,key) configs from registry (set NDM_PIN_TRITON_AUTOTUNE=0 to restore sweep)
[pin-autotune] pinned mode: 18 kernels / 30 (name,key) configs from registry (set NDM_PIN_TRITON_AUTOTUNE=0 to restore sweep)
[pin-autotune] pinned mode: 18 kernels / 30 (name,key) configs from registry (set NDM_PIN_TRITON_AUTOTUNE=0 to restore sweep)
[pin-autotune] pinned mode: 18 kernels / 30 (name,key) configs from registry (set NDM_PIN_TRITON_AUTOTUNE=0 to restore sweep)
[pin-autotune] pinned mode: 18 kernels / 30 (name,key) configs from registry (set NDM_PIN_TRITON_AUTOTUNE=0 to restore sweep)
[pin-autotune] pinned mode: 18 kernels / 30 (name,key) configs from registry (set NDM_PIN_TRITON_AUTOTUNE=0 to restore sweep)
[pin-autotune] pinned mode: 18 kernels / 30 (name,key) configs from registry (set NDM_PIN_TRITON_AUTOTUNE=0 to restore sweep)
[pin-autotune] pinned mode: 18 kernels / 30 (name,key) configs from registry (set NDM_PIN_TRITON_AUTOTUNE=0 to restore sweep)
[pin-autotune] pinned mode: 18 kernels / 30 (name,key) configs from registry (set NDM_PIN_TRITON_AUTOTUNE=0 to restore sweep)
[pin-autotune] pinned mode: 18 kernels / 30 (name,key) configs from registry (set NDM_PIN_TRITON_AUTOTUNE=0 to restore sweep)
[W707 07:54:45.572810937 socket.cpp:764] [c10d] The client socket cannot be initialized to connect to [frontier00527.frontier.olcf.ornl.gov]:51457 (errno: 97 - Address family not supported by protocol).
[W707 07:54:45.572805958 socket.cpp:764] [c10d] The client socket cannot be initialized to connect to [frontier00527.frontier.olcf.ornl.gov]:51457 (errno: 97 - Address family not supported by protocol).
[W707 07:54:45.572788243 socket.cpp:764] [c10d] The client socket cannot be initialized to connect to [frontier00527.frontier.olcf.ornl.gov]:51457 (errno: 97 - Address family not supported by protocol).
[W707 07:54:45.572786470 socket.cpp:764] [c10d] The client socket cannot be initialized to connect to [frontier00527.frontier.olcf.ornl.gov]:51457 (errno: 97 - Address family not supported by protocol).
[W707 07:54:45.572846586 socket.cpp:764] [c10d] The client socket cannot be initialized to connect to [frontier00527.frontier.olcf.ornl.gov]:51457 (errno: 97 - Address family not supported by protocol).
[W707 07:54:45.572822079 socket.cpp:764] [c10d] The client socket cannot be initialized to connect to [frontier00527.frontier.olcf.ornl.gov]:51457 (errno: 97 - Address family not supported by protocol).
[W707 07:54:45.572819253 socket.cpp:764] [c10d] The client socket cannot be initialized to connect to [frontier00527.frontier.olcf.ornl.gov]:51457 (errno: 97 - Address family not supported by protocol).
[W707 07:54:45.573263173 socket.cpp:764] [c10d] The client socket cannot be initialized to connect to [frontier00527.frontier.olcf.ornl.gov]:51457 (errno: 97 - Address family not supported by protocol).
[W707 07:54:45.675991124 socket.cpp:764] [c10d] The client socket cannot be initialized to connect to [frontier00527.frontier.olcf.ornl.gov]:51457 (errno: 97 - Address family not supported by protocol).
[W707 07:54:45.675998629 socket.cpp:764] [c10d] The client socket cannot be initialized to connect to [frontier00527.frontier.olcf.ornl.gov]:51457 (errno: 97 - Address family not supported by protocol).
[W707 07:54:45.676021642 socket.cpp:764] [c10d] The client socket cannot be initialized to connect to [frontier00527.frontier.olcf.ornl.gov]:51457 (errno: 97 - Address family not supported by protocol).
[W707 07:54:45.675998779 socket.cpp:764] [c10d] The client socket cannot be initialized to connect to [frontier00527.frontier.olcf.ornl.gov]:51457 (errno: 97 - Address family not supported by protocol).
[W707 07:54:45.676009479 socket.cpp:764] [c10d] The client socket cannot be initialized to connect to [frontier00527.frontier.olcf.ornl.gov]:51457 (errno: 97 - Address family not supported by protocol).
[W707 07:54:45.676055566 socket.cpp:764] [c10d] The client socket cannot be initialized to connect to [frontier00527.frontier.olcf.ornl.gov]:51457 (errno: 97 - Address family not supported by protocol).
[W707 07:54:45.676026491 socket.cpp:764] [c10d] The client socket cannot be initialized to connect to [frontier00527.frontier.olcf.ornl.gov]:51457 (errno: 97 - Address family not supported by protocol).
[W707 07:54:45.676196313 socket.cpp:764] [c10d] The client socket cannot be initialized to connect to [frontier00527.frontier.olcf.ornl.gov]:51457 (errno: 97 - Address family not supported by protocol).
[pin-autotune] pinned mode: 18 kernels / 30 (name,key) configs from registry (set NDM_PIN_TRITON_AUTOTUNE=0 to restore sweep)
[pin-autotune] pinned mode: 18 kernels / 30 (name,key) configs from registry (set NDM_PIN_TRITON_AUTOTUNE=0 to restore sweep)
[pin-autotune] pinned mode: 18 kernels / 30 (name,key) configs from registry (set NDM_PIN_TRITON_AUTOTUNE=0 to restore sweep)
[pin-autotune] pinned mode: 18 kernels / 30 (name,key) configs from registry (set NDM_PIN_TRITON_AUTOTUNE=0 to restore sweep)
[pin-autotune] pinned mode: 18 kernels / 30 (name,key) configs from registry (set NDM_PIN_TRITON_AUTOTUNE=0 to restore sweep)
[pin-autotune] pinned mode: 18 kernels / 30 (name,key) configs from registry (set NDM_PIN_TRITON_AUTOTUNE=0 to restore sweep)
[pin-autotune] pinned mode: 18 kernels / 30 (name,key) configs from registry (set NDM_PIN_TRITON_AUTOTUNE=0 to restore sweep)
[pin-autotune] pinned mode: 18 kernels / 30 (name,key) configs from registry (set NDM_PIN_TRITON_AUTOTUNE=0 to restore sweep)
[W707 07:54:45.658479727 socket.cpp:764] [c10d] The client socket cannot be initialized to connect to [frontier00527.frontier.olcf.ornl.gov]:51457 (errno: 97 - Address family not supported by protocol).
[W707 07:54:45.658474838 socket.cpp:764] [c10d] The client socket cannot be initialized to connect to [frontier00527.frontier.olcf.ornl.gov]:51457 (errno: 97 - Address family not supported by protocol).
[W707 07:54:45.658482312 socket.cpp:764] [c10d] The client socket cannot be initialized to connect to [frontier00527.frontier.olcf.ornl.gov]:51457 (errno: 97 - Address family not supported by protocol).
[W707 07:54:45.658486851 socket.cpp:764] [c10d] The client socket cannot be initialized to connect to [frontier00527.frontier.olcf.ornl.gov]:51457 (errno: 97 - Address family not supported by protocol).
[W707 07:54:45.658479467 socket.cpp:764] [c10d] The client socket cannot be initialized to connect to [frontier00527.frontier.olcf.ornl.gov]:51457 (errno: 97 - Address family not supported by protocol).
[W707 07:54:45.658501970 socket.cpp:764] [c10d] The client socket cannot be initialized to connect to [frontier00527.frontier.olcf.ornl.gov]:51457 (errno: 97 - Address family not supported by protocol).
[W707 07:54:45.658539503 socket.cpp:764] [c10d] The client socket cannot be initialized to connect to [frontier00527.frontier.olcf.ornl.gov]:51457 (errno: 97 - Address family not supported by protocol).
[W707 07:54:45.658491330 socket.cpp:764] [c10d] The client socket cannot be initialized to connect to [frontier00527.frontier.olcf.ornl.gov]:51457 (errno: 97 - Address family not supported by protocol).
[pin-autotune] pinned mode: 18 kernels / 30 (name,key) configs from registry (set NDM_PIN_TRITON_AUTOTUNE=0 to restore sweep)
[pin-autotune] pinned mode: 18 kernels / 30 (name,key) configs from registry (set NDM_PIN_TRITON_AUTOTUNE=0 to restore sweep)
[pin-autotune] pinned mode: 18 kernels / 30 (name,key) configs from registry (set NDM_PIN_TRITON_AUTOTUNE=0 to restore sweep)
[pin-autotune] pinned mode: 18 kernels / 30 (name,key) configs from registry (set NDM_PIN_TRITON_AUTOTUNE=0 to restore sweep)
[pin-autotune] pinned mode: 18 kernels / 30 (name,key) configs from registry (set NDM_PIN_TRITON_AUTOTUNE=0 to restore sweep)
[pin-autotune] pinned mode: 18 kernels / 30 (name,key) configs from registry (set NDM_PIN_TRITON_AUTOTUNE=0 to restore sweep)
[pin-autotune] pinned mode: 18 kernels / 30 (name,key) configs from registry (set NDM_PIN_TRITON_AUTOTUNE=0 to restore sweep)
[pin-autotune] pinned mode: 18 kernels / 30 (name,key) configs from registry (set NDM_PIN_TRITON_AUTOTUNE=0 to restore sweep)
[W707 07:54:46.675629163 socket.cpp:764] [c10d] The client socket cannot be initialized to connect to [frontier00527.frontier.olcf.ornl.gov]:51457 (errno: 97 - Address family not supported by protocol).
[W707 07:54:46.675626288 socket.cpp:764] [c10d] The client socket cannot be initialized to connect to [frontier00527.frontier.olcf.ornl.gov]:51457 (errno: 97 - Address family not supported by protocol).
[W707 07:54:46.675651806 socket.cpp:764] [c10d] The client socket cannot be initialized to connect to [frontier00527.frontier.olcf.ornl.gov]:51457 (errno: 97 - Address family not supported by protocol).
[W707 07:54:46.675672596 socket.cpp:764] [c10d] The client socket cannot be initialized to connect to [frontier00527.frontier.olcf.ornl.gov]:51457 (errno: 97 - Address family not supported by protocol).
[W707 07:54:46.675679499 socket.cpp:764] [c10d] The client socket cannot be initialized to connect to [frontier00527.frontier.olcf.ornl.gov]:51457 (errno: 97 - Address family not supported by protocol).
[W707 07:54:46.675659431 socket.cpp:764] [c10d] The client socket cannot be initialized to connect to [frontier00527.frontier.olcf.ornl.gov]:51457 (errno: 97 - Address family not supported by protocol).
[W707 07:54:46.675664821 socket.cpp:764] [c10d] The client socket cannot be initialized to connect to [frontier00527.frontier.olcf.ornl.gov]:51457 (errno: 97 - Address family not supported by protocol).
[W707 07:54:46.675709025 socket.cpp:764] [c10d] The client socket cannot be initialized to connect to [frontier00527.frontier.olcf.ornl.gov]:51457 (errno: 97 - Address family not supported by protocol).
[pin-autotune] pinned mode: 18 kernels / 30 (name,key) configs from registry (set NDM_PIN_TRITON_AUTOTUNE=0 to restore sweep)
[pin-autotune] pinned mode: 18 kernels / 30 (name,key) configs from registry (set NDM_PIN_TRITON_AUTOTUNE=0 to restore sweep)
[pin-autotune] pinned mode: 18 kernels / 30 (name,key) configs from registry (set NDM_PIN_TRITON_AUTOTUNE=0 to restore sweep)
[pin-autotune] pinned mode: 18 kernels / 30 (name,key) configs from registry (set NDM_PIN_TRITON_AUTOTUNE=0 to restore sweep)
[pin-autotune] pinned mode: 18 kernels / 30 (name,key) configs from registry (set NDM_PIN_TRITON_AUTOTUNE=0 to restore sweep)
[pin-autotune] pinned mode: 18 kernels / 30 (name,key) configs from registry (set NDM_PIN_TRITON_AUTOTUNE=0 to restore sweep)
[pin-autotune] pinned mode: 18 kernels / 30 (name,key) configs from registry (set NDM_PIN_TRITON_AUTOTUNE=0 to restore sweep)
[pin-autotune] pinned mode: 18 kernels / 30 (name,key) configs from registry (set NDM_PIN_TRITON_AUTOTUNE=0 to restore sweep)
[pin-autotune] pinned mode: 18 kernels / 30 (name,key) configs from registry (set NDM_PIN_TRITON_AUTOTUNE=0 to restore sweep)
[pin-autotune] pinned mode: 18 kernels / 30 (name,key) configs from registry (set NDM_PIN_TRITON_AUTOTUNE=0 to restore sweep)
[pin-autotune] pinned mode: 18 kernels / 30 (name,key) configs from registry (set NDM_PIN_TRITON_AUTOTUNE=0 to restore sweep)
[pin-autotune] pinned mode: 18 kernels / 30 (name,key) configs from registry (set NDM_PIN_TRITON_AUTOTUNE=0 to restore sweep)
[pin-autotune] pinned mode: 18 kernels / 30 (name,key) configs from registry (set NDM_PIN_TRITON_AUTOTUNE=0 to restore sweep)
[pin-autotune] pinned mode: 18 kernels / 30 (name,key) configs from registry (set NDM_PIN_TRITON_AUTOTUNE=0 to restore sweep)
[pin-autotune] pinned mode: 18 kernels / 30 (name,key) configs from registry (set NDM_PIN_TRITON_AUTOTUNE=0 to restore sweep)
[pin-autotune] pinned mode: 18 kernels / 30 (name,key) configs from registry (set NDM_PIN_TRITON_AUTOTUNE=0 to restore sweep)
[W707 07:54:46.370840164 socket.cpp:764] [c10d] The client socket cannot be initialized to connect to [frontier00527.frontier.olcf.ornl.gov]:51457 (errno: 97 - Address family not supported by protocol).
[W707 07:54:46.370874330 socket.cpp:764] [c10d] The client socket cannot be initialized to connect to [frontier00527.frontier.olcf.ornl.gov]:51457 (errno: 97 - Address family not supported by protocol).
[W707 07:54:46.370858990 socket.cpp:764] [c10d] The client socket cannot be initialized to connect to [frontier00527.frontier.olcf.ornl.gov]:51457 (errno: 97 - Address family not supported by protocol).
[W707 07:54:46.370908346 socket.cpp:764] [c10d] The client socket cannot be initialized to connect to [frontier00527.frontier.olcf.ornl.gov]:51457 (errno: 97 - Address family not supported by protocol).
[W707 07:54:46.370900671 socket.cpp:764] [c10d] The client socket cannot be initialized to connect to [frontier00527.frontier.olcf.ornl.gov]:51457 (errno: 97 - Address family not supported by protocol).
[W707 07:54:46.370904518 socket.cpp:764] [c10d] The client socket cannot be initialized to connect to [frontier00527.frontier.olcf.ornl.gov]:51457 (errno: 97 - Address family not supported by protocol).
[W707 07:54:46.370890180 socket.cpp:764] [c10d] The client socket cannot be initialized to connect to [frontier00527.frontier.olcf.ornl.gov]:51457 (errno: 97 - Address family not supported by protocol).
[W707 07:54:46.370986757 socket.cpp:764] [c10d] The client socket cannot be initialized to connect to [frontier00527.frontier.olcf.ornl.gov]:51457 (errno: 97 - Address family not supported by protocol).
[pin-autotune] pinned mode: 18 kernels / 30 (name,key) configs from registry (set NDM_PIN_TRITON_AUTOTUNE=0 to restore sweep)
[W707 07:54:46.212735617 socket.cpp:764] [c10d] The client socket cannot be initialized to connect to [frontier00527.frontier.olcf.ornl.gov]:51457 (errno: 97 - Address family not supported by protocol).
[pin-autotune] pinned mode: 18 kernels / 30 (name,key) configs from registry (set NDM_PIN_TRITON_AUTOTUNE=0 to restore sweep)
[W707 07:54:46.212733172 socket.cpp:764] [c10d] The client socket cannot be initialized to connect to [frontier00527.frontier.olcf.ornl.gov]:51457 (errno: 97 - Address family not supported by protocol).
[pin-autotune] pinned mode: 18 kernels / 30 (name,key) configs from registry (set NDM_PIN_TRITON_AUTOTUNE=0 to restore sweep)
[W707 07:54:46.212725507 socket.cpp:764] [c10d] The client socket cannot be initialized to connect to [frontier00527.frontier.olcf.ornl.gov]:51457 (errno: 97 - Address family not supported by protocol).
[pin-autotune] pinned mode: 18 kernels / 30 (name,key) configs from registry (set NDM_PIN_TRITON_AUTOTUNE=0 to restore sweep)
[W707 07:54:46.212741298 socket.cpp:764] [c10d] The client socket cannot be initialized to connect to [frontier00527.frontier.olcf.ornl.gov]:51457 (errno: 97 - Address family not supported by protocol).
[pin-autotune] pinned mode: 18 kernels / 30 (name,key) configs from registry (set NDM_PIN_TRITON_AUTOTUNE=0 to restore sweep)
[W707 07:54:46.212820891 socket.cpp:764] [c10d] The client socket cannot be initialized to connect to [frontier00527.frontier.olcf.ornl.gov]:51457 (errno: 97 - Address family not supported by protocol).
[pin-autotune] pinned mode: 18 kernels / 30 (name,key) configs from registry (set NDM_PIN_TRITON_AUTOTUNE=0 to restore sweep)
[pin-autotune] pinned mode: 18 kernels / 30 (name,key) configs from registry (set NDM_PIN_TRITON_AUTOTUNE=0 to restore sweep)
[pin-autotune] pinned mode: 18 kernels / 30 (name,key) configs from registry (set NDM_PIN_TRITON_AUTOTUNE=0 to restore sweep)
[W707 07:54:46.213272730 socket.cpp:764] [c10d] The client socket cannot be initialized to connect to [frontier00527.frontier.olcf.ornl.gov]:51457 (errno: 97 - Address family not supported by protocol).
[W707 07:54:46.285078276 socket.cpp:764] [c10d] The client socket cannot be initialized to connect to [frontier00527.frontier.olcf.ornl.gov]:51457 (errno: 97 - Address family not supported by protocol).
[W707 07:54:46.290581012 socket.cpp:764] [c10d] The client socket cannot be initialized to connect to [frontier00527.frontier.olcf.ornl.gov]:51457 (errno: 97 - Address family not supported by protocol).
[W707 07:54:46.503852799 socket.cpp:764] [c10d] The client socket cannot be initialized to connect to [frontier00527.frontier.olcf.ornl.gov]:51457 (errno: 97 - Address family not supported by protocol).
[W707 07:54:46.503854502 socket.cpp:764] [c10d] The client socket cannot be initialized to connect to [frontier00527.frontier.olcf.ornl.gov]:51457 (errno: 97 - Address family not supported by protocol).
[W707 07:54:46.503838261 socket.cpp:764] [c10d] The client socket cannot be initialized to connect to [frontier00527.frontier.olcf.ornl.gov]:51457 (errno: 97 - Address family not supported by protocol).
[W707 07:54:46.503840595 socket.cpp:764] [c10d] The client socket cannot be initialized to connect to [frontier00527.frontier.olcf.ornl.gov]:51457 (errno: 97 - Address family not supported by protocol).
[W707 07:54:46.503895231 socket.cpp:764] [c10d] The client socket cannot be initialized to connect to [frontier00527.frontier.olcf.ornl.gov]:51457 (errno: 97 - Address family not supported by protocol).
[W707 07:54:46.503878198 socket.cpp:764] [c10d] The client socket cannot be initialized to connect to [frontier00527.frontier.olcf.ornl.gov]:51457 (errno: 97 - Address family not supported by protocol).
[W707 07:54:46.503906633 socket.cpp:764] [c10d] The client socket cannot be initialized to connect to [frontier00527.frontier.olcf.ornl.gov]:51457 (errno: 97 - Address family not supported by protocol).
[W707 07:54:46.503888247 socket.cpp:764] [c10d] The client socket cannot be initialized to connect to [frontier00527.frontier.olcf.ornl.gov]:51457 (errno: 97 - Address family not supported by protocol).
[DiLoCo] rank 16/64 bound to cuda:0
[DiLoCo] rank 18/64 bound to cuda:0
[DiLoCo] rank 19/64 bound to cuda:0
[DiLoCo] rank 20/64 bound to cuda:0
[DiLoCo] rank 21/64 bound to cuda:0
[DiLoCo] rank 22/64 bound to cuda:0
[DiLoCo] rank 23/64 bound to cuda:0
[DiLoCo] rank 25/64 bound to cuda:0
[DiLoCo] rank 26/64 bound to cuda:0
[DiLoCo] rank 17/64 bound to cuda:0
[DiLoCo] rank 27/64 bound to cuda:0
[DiLoCo] rank 32/64 bound to cuda:0
[DiLoCo] rank 28/64 bound to cuda:0
[DiLoCo] rank 33/64 bound to cuda:0
[DiLoCo] rank 29/64 bound to cuda:0
[DiLoCo] rank 37/64 bound to cuda:0
[DiLoCo] rank 30/64 bound to cuda:0
[DiLoCo] rank 38/64 bound to cuda:0
[DiLoCo] rank 31/64 bound to cuda:0
[DiLoCo] rank 39/64 bound to cuda:0
[DiLoCo] rank 8/64 bound to cuda:0
[DiLoCo] rank 9/64 bound to cuda:0
[DiLoCo] rank 10/64 bound to cuda:0
[DiLoCo] rank 13/64 bound to cuda:0
[DiLoCo] rank 14/64 bound to cuda:0
[DiLoCo] rank 35/64 bound to cuda:0
[DiLoCo] rank 24/64 bound to cuda:0
[DiLoCo] rank 50/64 bound to cuda:0
[DiLoCo] rank 53/64 bound to cuda:0
[DiLoCo] rank 54/64 bound to cuda:0
[DiLoCo] rank 55/64 bound to cuda:0
[DiLoCo] rank 48/64 bound to cuda:0
[DiLoCo] rank 49/64 bound to cuda:0
[DiLoCo] rank 51/64 bound to cuda:0
[DiLoCo] rank 12/64 bound to cuda:0
[DiLoCo] rank 34/64 bound to cuda:0
[DiLoCo] rank 11/64 bound to cuda:0
[DiLoCo] rank 36/64 bound to cuda:0
[DiLoCo] rank 15/64 bound to cuda:0
[DiLoCo] rank 52/64 bound to cuda:0
[DiLoCo] rank 40/64 bound to cuda:0
[DiLoCo] rank 42/64 bound to cuda:0
[DiLoCo] rank 43/64 bound to cuda:0
[DiLoCo] rank 46/64 bound to cuda:0
[DiLoCo] rank 47/64 bound to cuda:0
[DiLoCo] rank 41/64 bound to cuda:0
[DiLoCo] rank 44/64 bound to cuda:0
[DiLoCo] rank 45/64 bound to cuda:0
[DiLoCo] world_size=64 backend=nccl; this is rank 0 on cuda:0
[DiLoCo] periodic model-weight averaging: K=40 outer_lr=1.0 outer_beta=0.0 (no per-step gradient all-reduce)
[DiLoCo] rank 0/64 bound to cuda:0
[DiLoCo] rank 1/64 bound to cuda:0
[DiLoCo] rank 2/64 bound to cuda:0
[DiLoCo] rank 3/64 bound to cuda:0
[DiLoCo] rank 4/64 bound to cuda:0
[DiLoCo] rank 5/64 bound to cuda:0
[DiLoCo] rank 6/64 bound to cuda:0
[DiLoCo] rank 7/64 bound to cuda:0
[DiLoCo] rank 56/64 bound to cuda:0
[DiLoCo] rank 57/64 bound to cuda:0
[DiLoCo] rank 58/64 bound to cuda:0
[DiLoCo] rank 59/64 bound to cuda:0
[DiLoCo] rank 60/64 bound to cuda:0
[DiLoCo] rank 61/64 bound to cuda:0
[DiLoCo] rank 63/64 bound to cuda:0
[DiLoCo] rank 62/64 bound to cuda:0
[fused-guard] rank 7/64: level=E97 bf16 use_triton=1 -> fused split-edit Triton kernel, NO eager fallback
[fused-guard] rank 9/64: level=E97 bf16 use_triton=1 -> fused split-edit Triton kernel, NO eager fallback
Auto r_h_mode: none (level 0 has bounded/no W_h)
[fused-guard] rank 6/64: level=E97 bf16 use_triton=1 -> fused split-edit Triton kernel, NO eager fallback
[fused-guard] rank 11/64: level=E97 bf16 use_triton=1 -> fused split-edit Triton kernel, NO eager fallback
Auto r_h_mode: none (level 0 has bounded/no W_h)
[fused-guard] rank 51/64: level=E97 bf16 use_triton=1 -> fused split-edit Triton kernel, NO eager fallback
Auto r_h_mode: none (level 0 has bounded/no W_h)
[fused-guard] rank 26/64: level=E97 bf16 use_triton=1 -> fused split-edit Triton kernel, NO eager fallback
Auto r_h_mode: none (level 0 has bounded/no W_h)
[fused-guard] rank 12/64: level=E97 bf16 use_triton=1 -> fused split-edit Triton kernel, NO eager fallback
Auto r_h_mode: none (level 0 has bounded/no W_h)
[fused-guard] rank 52/64: level=E97 bf16 use_triton=1 -> fused split-edit Triton kernel, NO eager fallback
Auto r_h_mode: none (level 0 has bounded/no W_h)
[fused-guard] rank 17/64: level=E97 bf16 use_triton=1 -> fused split-edit Triton kernel, NO eager fallback
Auto r_h_mode: none (level 0 has bounded/no W_h)
[fused-guard] rank 1/64: level=E97 bf16 use_triton=1 -> fused split-edit Triton kernel, NO eager fallback
Auto r_h_mode: none (level 0 has bounded/no W_h)
[fused-guard] rank 29/64: level=E97 bf16 use_triton=1 -> fused split-edit Triton kernel, NO eager fallback
Auto r_h_mode: none (level 0 has bounded/no W_h)
[fused-guard] rank 13/64: level=E97 bf16 use_triton=1 -> fused split-edit Triton kernel, NO eager fallback
Auto r_h_mode: none (level 0 has bounded/no W_h)
[fused-guard] rank 55/64: level=E97 bf16 use_triton=1 -> fused split-edit Triton kernel, NO eager fallback
Auto r_h_mode: none (level 0 has bounded/no W_h)
[fused-guard] rank 18/64: level=E97 bf16 use_triton=1 -> fused split-edit Triton kernel, NO eager fallback
Auto r_h_mode: none (level 0 has bounded/no W_h)
Auto r_h_mode: none (level 0 has bounded/no W_h)
[fused-guard] rank 31/64: level=E97 bf16 use_triton=1 -> fused split-edit Triton kernel, NO eager fallback
Auto r_h_mode: none (level 0 has bounded/no W_h)
[fused-guard] rank 15/64: level=E97 bf16 use_triton=1 -> fused split-edit Triton kernel, NO eager fallback
Auto r_h_mode: none (level 0 has bounded/no W_h)
[fused-guard] rank 50/64: level=E97 bf16 use_triton=1 -> fused split-edit Triton kernel, NO eager fallback
Auto r_h_mode: none (level 0 has bounded/no W_h)
[fused-guard] rank 19/64: level=E97 bf16 use_triton=1 -> fused split-edit Triton kernel, NO eager fallback
Auto r_h_mode: none (level 0 has bounded/no W_h)
[final-checkpoint] armed: source=SLURM_JOB_END_TIME remaining_s=1131.0 margin_s=600.0 check_every=10 model_variant=level=E97,params_arg=100m,mlp_ratio=2.2623 head_rank=0/64
[fused-guard] rank 0/64: level=E97 bf16 use_triton=1 -> fused split-edit Triton kernel, NO eager fallback
[fused-guard] rank 25/64: level=E97 bf16 use_triton=1 -> fused split-edit Triton kernel, NO eager fallback
Auto r_h_mode: none (level 0 has bounded/no W_h)
[fused-guard] rank 14/64: level=E97 bf16 use_triton=1 -> fused split-edit Triton kernel, NO eager fallback
Auto r_h_mode: none (level 0 has bounded/no W_h)
Auto r_h_mode: none (level 0 has bounded/no W_h)
[fused-guard] rank 20/64: level=E97 bf16 use_triton=1 -> fused split-edit Triton kernel, NO eager fallback
Auto r_h_mode: none (level 0 has bounded/no W_h)
Auto r_h_mode: none (level 0 has bounded/no W_h)
[fused-guard] rank 27/64: level=E97 bf16 use_triton=1 -> fused split-edit Triton kernel, NO eager fallback
Auto r_h_mode: none (level 0 has bounded/no W_h)
[fused-guard] rank 53/64: level=E97 bf16 use_triton=1 -> fused split-edit Triton kernel, NO eager fallback
Auto r_h_mode: none (level 0 has bounded/no W_h)
[fused-guard] rank 22/64: level=E97 bf16 use_triton=1 -> fused split-edit Triton kernel, NO eager fallback
Auto r_h_mode: none (level 0 has bounded/no W_h)
[fused-guard] rank 4/64: level=E97 bf16 use_triton=1 -> fused split-edit Triton kernel, NO eager fallback
[fused-guard] rank 30/64: level=E97 bf16 use_triton=1 -> fused split-edit Triton kernel, NO eager fallback
Auto r_h_mode: none (level 0 has bounded/no W_h)
[fused-guard] rank 40/64: level=E97 bf16 use_triton=1 -> fused split-edit Triton kernel, NO eager fallback
Auto r_h_mode: none (level 0 has bounded/no W_h)
[fused-guard] rank 54/64: level=E97 bf16 use_triton=1 -> fused split-edit Triton kernel, NO eager fallback
Auto r_h_mode: none (level 0 has bounded/no W_h)
[fused-guard] rank 23/64: level=E97 bf16 use_triton=1 -> fused split-edit Triton kernel, NO eager fallback
Auto r_h_mode: none (level 0 has bounded/no W_h)
Auto r_h_mode: none (level 0 has bounded/no W_h)
[fused-guard] rank 41/64: level=E97 bf16 use_triton=1 -> fused split-edit Triton kernel, NO eager fallback
Auto r_h_mode: none (level 0 has bounded/no W_h)
[fused-guard] rank 33/64: level=E97 bf16 use_triton=1 -> fused split-edit Triton kernel, NO eager fallback
Auto r_h_mode: none (level 0 has bounded/no W_h)
[fused-guard] rank 57/64: level=E97 bf16 use_triton=1 -> fused split-edit Triton kernel, NO eager fallback
Auto r_h_mode: none (level 0 has bounded/no W_h)
[fused-guard] rank 5/64: level=E97 bf16 use_triton=1 -> fused split-edit Triton kernel, NO eager fallback
[fused-guard] rank 42/64: level=E97 bf16 use_triton=1 -> fused split-edit Triton kernel, NO eager fallback
Auto r_h_mode: none (level 0 has bounded/no W_h)
[fused-guard] rank 34/64: level=E97 bf16 use_triton=1 -> fused split-edit Triton kernel, NO eager fallback
Auto r_h_mode: none (level 0 has bounded/no W_h)
[fused-guard] rank 58/64: level=E97 bf16 use_triton=1 -> fused split-edit Triton kernel, NO eager fallback
Auto r_h_mode: none (level 0 has bounded/no W_h)
Auto r_h_mode: none (level 0 has bounded/no W_h)
[fused-guard] rank 45/64: level=E97 bf16 use_triton=1 -> fused split-edit Triton kernel, NO eager fallback
Auto r_h_mode: none (level 0 has bounded/no W_h)
[fused-guard] rank 35/64: level=E97 bf16 use_triton=1 -> fused split-edit Triton kernel, NO eager fallback
Auto r_h_mode: none (level 0 has bounded/no W_h)
[fused-guard] rank 60/64: level=E97 bf16 use_triton=1 -> fused split-edit Triton kernel, NO eager fallback
Auto r_h_mode: none (level 0 has bounded/no W_h)
[fused-guard] rank 3/64: level=E97 bf16 use_triton=1 -> fused split-edit Triton kernel, NO eager fallback
[fused-guard] rank 46/64: level=E97 bf16 use_triton=1 -> fused split-edit Triton kernel, NO eager fallback
Auto r_h_mode: none (level 0 has bounded/no W_h)
[fused-guard] rank 37/64: level=E97 bf16 use_triton=1 -> fused split-edit Triton kernel, NO eager fallback
Auto r_h_mode: none (level 0 has bounded/no W_h)
[fused-guard] rank 61/64: level=E97 bf16 use_triton=1 -> fused split-edit Triton kernel, NO eager fallback
Auto r_h_mode: none (level 0 has bounded/no W_h)
Auto r_h_mode: none (level 0 has bounded/no W_h)
[fused-guard] rank 47/64: level=E97 bf16 use_triton=1 -> fused split-edit Triton kernel, NO eager fallback
Auto r_h_mode: none (level 0 has bounded/no W_h)
[fused-guard] rank 38/64: level=E97 bf16 use_triton=1 -> fused split-edit Triton kernel, NO eager fallback
Auto r_h_mode: none (level 0 has bounded/no W_h)
[fused-guard] rank 63/64: level=E97 bf16 use_triton=1 -> fused split-edit Triton kernel, NO eager fallback
Auto r_h_mode: none (level 0 has bounded/no W_h)
[fused-guard] rank 2/64: level=E97 bf16 use_triton=1 -> fused split-edit Triton kernel, NO eager fallback
[fused-guard] rank 39/64: level=E97 bf16 use_triton=1 -> fused split-edit Triton kernel, NO eager fallback
Auto r_h_mode: none (level 0 has bounded/no W_h)
[fused-guard] rank 59/64: level=E97 bf16 use_triton=1 -> fused split-edit Triton kernel, NO eager fallback
Auto r_h_mode: none (level 0 has bounded/no W_h)
Auto r_h_mode: none (level 0 has bounded/no W_h)
[fused-guard] rank 24/64: level=E97 bf16 use_triton=1 -> fused split-edit Triton kernel, NO eager fallback
Auto r_h_mode: none (level 0 has bounded/no W_h)
[fused-guard] rank 44/64: level=E97 bf16 use_triton=1 -> fused split-edit Triton kernel, NO eager fallback
Auto r_h_mode: none (level 0 has bounded/no W_h)
[fused-guard] rank 16/64: level=E97 bf16 use_triton=1 -> fused split-edit Triton kernel, NO eager fallback
Auto r_h_mode: none (level 0 has bounded/no W_h)
[fused-guard] rank 62/64: level=E97 bf16 use_triton=1 -> fused split-edit Triton kernel, NO eager fallback
Auto r_h_mode: none (level 0 has bounded/no W_h)
[fused-guard] rank 8/64: level=E97 bf16 use_triton=1 -> fused split-edit Triton kernel, NO eager fallback
Auto r_h_mode: none (level 0 has bounded/no W_h)
[fused-guard] rank 28/64: level=E97 bf16 use_triton=1 -> fused split-edit Triton kernel, NO eager fallback
Auto r_h_mode: none (level 0 has bounded/no W_h)
[fused-guard] rank 10/64: level=E97 bf16 use_triton=1 -> fused split-edit Triton kernel, NO eager fallback
Auto r_h_mode: none (level 0 has bounded/no W_h)
[fused-guard] rank 48/64: level=E97 bf16 use_triton=1 -> fused split-edit Triton kernel, NO eager fallback
Auto r_h_mode: none (level 0 has bounded/no W_h)
[fused-guard] rank 49/64: level=E97 bf16 use_triton=1 -> fused split-edit Triton kernel, NO eager fallback
Auto r_h_mode: none (level 0 has bounded/no W_h)
[fused-guard] rank 21/64: level=E97 bf16 use_triton=1 -> fused split-edit Triton kernel, NO eager fallback
Auto r_h_mode: none (level 0 has bounded/no W_h)
[fused-guard] rank 32/64: level=E97 bf16 use_triton=1 -> fused split-edit Triton kernel, NO eager fallback
Auto r_h_mode: none (level 0 has bounded/no W_h)
[fused-guard] rank 43/64: level=E97 bf16 use_triton=1 -> fused split-edit Triton kernel, NO eager fallback
Auto r_h_mode: none (level 0 has bounded/no W_h)
[fused-guard] rank 36/64: level=E97 bf16 use_triton=1 -> fused split-edit Triton kernel, NO eager fallback
Auto r_h_mode: none (level 0 has bounded/no W_h)
[fused-guard] rank 56/64: level=E97 bf16 use_triton=1 -> fused split-edit Triton kernel, NO eager fallback
Auto r_h_mode: none (level 0 has bounded/no W_h)
Tokenizer: p50k_base, vocab_size=50281
Tokenizer: p50k_base, vocab_size=50281
Tokenizer: p50k_base, vocab_size=50281
Tokenizer: p50k_base, vocab_size=50281
Tokenizer: p50k_base, vocab_size=50281
Tokenizer: p50k_base, vocab_size=50281
Tokenizer: p50k_base, vocab_size=50281
Tokenizer: p50k_base, vocab_size=50281
Tokenizer: p50k_base, vocab_size=50281
Tokenizer: p50k_base, vocab_size=50281
Tokenizer: p50k_base, vocab_size=50281
Tokenizer: p50k_base, vocab_size=50281
Tokenizer: p50k_base, vocab_size=50281
Tokenizer: p50k_base, vocab_size=50281
Tokenizer: p50k_base, vocab_size=50281
Tokenizer: p50k_base, vocab_size=50281
Tokenizer: p50k_base, vocab_size=50281
Tokenizer: p50k_base, vocab_size=50281
Tokenizer: p50k_base, vocab_size=50281
Tokenizer: p50k_base, vocab_size=50281
Tokenizer: p50k_base, vocab_size=50281
Tokenizer: p50k_base, vocab_size=50281
Tokenizer: p50k_base, vocab_size=50281
Tokenizer: p50k_base, vocab_size=50281
Tokenizer: p50k_base, vocab_size=50281
Tokenizer: p50k_base, vocab_size=50281
Tokenizer: p50k_base, vocab_size=50281
Tokenizer: p50k_base, vocab_size=50281
Tokenizer: p50k_base, vocab_size=50281
Tokenizer: p50k_base, vocab_size=50281
Tokenizer: p50k_base, vocab_size=50281
Tokenizer: p50k_base, vocab_size=50281
Tokenizer: p50k_base, vocab_size=50281
Tokenizer: p50k_base, vocab_size=50281
Tokenizer: p50k_base, vocab_size=50281
Tokenizer: p50k_base, vocab_size=50281
Tokenizer: p50k_base, vocab_size=50281
Tokenizer: p50k_base, vocab_size=50281
Tokenizer: p50k_base, vocab_size=50281
Tokenizer: p50k_base, vocab_size=50281
Tokenizer: p50k_base, vocab_size=50281
Tokenizer: p50k_base, vocab_size=50281
Tokenizer: p50k_base, vocab_size=50281
Tokenizer: p50k_base, vocab_size=50281
Tokenizer: p50k_base, vocab_size=50281
Tokenizer: p50k_base, vocab_size=50281
Tokenizer: p50k_base, vocab_size=50281
Tokenizer: p50k_base, vocab_size=50281
Tokenizer: p50k_base, vocab_size=50281
Tokenizer: p50k_base, vocab_size=50281
Tokenizer: p50k_base, vocab_size=50281
Tokenizer: p50k_base, vocab_size=50281
Tokenizer: p50k_base, vocab_size=50281
Tokenizer: p50k_base, vocab_size=50281
Tokenizer: p50k_base, vocab_size=50281
Tokenizer: p50k_base, vocab_size=50281
Tokenizer: p50k_base, vocab_size=50281
Tokenizer: p50k_base, vocab_size=50281
Tokenizer: p50k_base, vocab_size=50281
Tokenizer: p50k_base, vocab_size=50281
Tokenizer: p50k_base, vocab_size=50281
Tokenizer: p50k_base, vocab_size=50281
Tokenizer: p50k_base, vocab_size=50281
Tokenizer: p50k_base, vocab_size=50281
Run label prefix: emender_E97_1.3B (params_arg=100m, total_params=1,286,589,072, trainable_params=1,286,589,072)
Output directory: /lustre/orion/bif148/proj-shared/emender/frontier_runs/debug/trainpy_e97_step1065000_b4_smoke/20260707/E97_1.3B_step1065000_b4_k40_trainpy_smoke_8n_rocm711_torch210/4951457-20260707T115405Z/train/emender_E97_1.3B_20260707_075518
[DiLoCo] broadcast rank-0 W_0 to all 64 ranks (identical start)
[DiLoCo-merge] topology=global bucket_numel=0
Model: Level E97, 1,286,589,072 parameters
Using schedule-free AdamW (lr=0.001007, warmup_steps=0)
Resuming from /lustre/orion/bif148/proj-shared/emender/checkpoints/emender_E97_1.3B_20260702_111457_step_1065000/latest.pt
Using schedule-free AdamW (lr=0.001007, warmup_steps=0)
Resuming from /lustre/orion/bif148/proj-shared/emender/checkpoints/emender_E97_1.3B_20260702_111457_step_1065000/latest.pt
Using schedule-free AdamW (lr=0.001007, warmup_steps=0)
Resuming from /lustre/orion/bif148/proj-shared/emender/checkpoints/emender_E97_1.3B_20260702_111457_step_1065000/latest.pt
Using schedule-free AdamW (lr=0.001007, warmup_steps=0)
Resuming from /lustre/orion/bif148/proj-shared/emender/checkpoints/emender_E97_1.3B_20260702_111457_step_1065000/latest.pt
Using schedule-free AdamW (lr=0.001007, warmup_steps=0)
Resuming from /lustre/orion/bif148/proj-shared/emender/checkpoints/emender_E97_1.3B_20260702_111457_step_1065000/latest.pt
Using schedule-free AdamW (lr=0.001007, warmup_steps=0)
Resuming from /lustre/orion/bif148/proj-shared/emender/checkpoints/emender_E97_1.3B_20260702_111457_step_1065000/latest.pt
Using schedule-free AdamW (lr=0.001007, warmup_steps=0)
Resuming from /lustre/orion/bif148/proj-shared/emender/checkpoints/emender_E97_1.3B_20260702_111457_step_1065000/latest.pt
Using schedule-free AdamW (lr=0.001007, warmup_steps=0)
Resuming from /lustre/orion/bif148/proj-shared/emender/checkpoints/emender_E97_1.3B_20260702_111457_step_1065000/latest.pt
Using schedule-free AdamW (lr=0.001007, warmup_steps=0)
Resuming from /lustre/orion/bif148/proj-shared/emender/checkpoints/emender_E97_1.3B_20260702_111457_step_1065000/latest.pt
Using schedule-free AdamW (lr=0.001007, warmup_steps=0)
Resuming from /lustre/orion/bif148/proj-shared/emender/checkpoints/emender_E97_1.3B_20260702_111457_step_1065000/latest.pt
Using schedule-free AdamW (lr=0.001007, warmup_steps=0)
Resuming from /lustre/orion/bif148/proj-shared/emender/checkpoints/emender_E97_1.3B_20260702_111457_step_1065000/latest.pt
Using schedule-free AdamW (lr=0.001007, warmup_steps=0)
Resuming from /lustre/orion/bif148/proj-shared/emender/checkpoints/emender_E97_1.3B_20260702_111457_step_1065000/latest.pt
Using schedule-free AdamW (lr=0.001007, warmup_steps=0)
Resuming from /lustre/orion/bif148/proj-shared/emender/checkpoints/emender_E97_1.3B_20260702_111457_step_1065000/latest.pt
Using schedule-free AdamW (lr=0.001007, warmup_steps=0)
Resuming from /lustre/orion/bif148/proj-shared/emender/checkpoints/emender_E97_1.3B_20260702_111457_step_1065000/latest.pt
Using schedule-free AdamW (lr=0.001007, warmup_steps=0)
Resuming from /lustre/orion/bif148/proj-shared/emender/checkpoints/emender_E97_1.3B_20260702_111457_step_1065000/latest.pt
Using schedule-free AdamW (lr=0.001007, warmup_steps=0)
Resuming from /lustre/orion/bif148/proj-shared/emender/checkpoints/emender_E97_1.3B_20260702_111457_step_1065000/latest.pt
Using schedule-free AdamW (lr=0.001007, warmup_steps=0)
Using schedule-free AdamW (lr=0.001007, warmup_steps=0)
Resuming from /lustre/orion/bif148/proj-shared/emender/checkpoints/emender_E97_1.3B_20260702_111457_step_1065000/latest.pt
Using schedule-free AdamW (lr=0.001007, warmup_steps=0)
Resuming from /lustre/orion/bif148/proj-shared/emender/checkpoints/emender_E97_1.3B_20260702_111457_step_1065000/latest.pt
Resuming from /lustre/orion/bif148/proj-shared/emender/checkpoints/emender_E97_1.3B_20260702_111457_step_1065000/latest.pt
Using schedule-free AdamW (lr=0.001007, warmup_steps=0)
Resuming from /lustre/orion/bif148/proj-shared/emender/checkpoints/emender_E97_1.3B_20260702_111457_step_1065000/latest.pt
Using schedule-free AdamW (lr=0.001007, warmup_steps=0)
Resuming from /lustre/orion/bif148/proj-shared/emender/checkpoints/emender_E97_1.3B_20260702_111457_step_1065000/latest.pt
Using schedule-free AdamW (lr=0.001007, warmup_steps=0)
Resuming from /lustre/orion/bif148/proj-shared/emender/checkpoints/emender_E97_1.3B_20260702_111457_step_1065000/latest.pt
Using schedule-free AdamW (lr=0.001007, warmup_steps=0)
Resuming from /lustre/orion/bif148/proj-shared/emender/checkpoints/emender_E97_1.3B_20260702_111457_step_1065000/latest.pt
Using schedule-free AdamW (lr=0.001007, warmup_steps=0)
Resuming from /lustre/orion/bif148/proj-shared/emender/checkpoints/emender_E97_1.3B_20260702_111457_step_1065000/latest.pt
Using schedule-free AdamW (lr=0.001007, warmup_steps=0)
Resuming from /lustre/orion/bif148/proj-shared/emender/checkpoints/emender_E97_1.3B_20260702_111457_step_1065000/latest.pt
Using schedule-free AdamW (lr=0.001007, warmup_steps=0)
Resuming from /lustre/orion/bif148/proj-shared/emender/checkpoints/emender_E97_1.3B_20260702_111457_step_1065000/latest.pt
Using schedule-free AdamW (lr=0.001007, warmup_steps=0)
Resuming from /lustre/orion/bif148/proj-shared/emender/checkpoints/emender_E97_1.3B_20260702_111457_step_1065000/latest.pt
Using schedule-free AdamW (lr=0.001007, warmup_steps=0)
Resuming from /lustre/orion/bif148/proj-shared/emender/checkpoints/emender_E97_1.3B_20260702_111457_step_1065000/latest.pt
Using schedule-free AdamW (lr=0.001007, warmup_steps=0)
Resuming from /lustre/orion/bif148/proj-shared/emender/checkpoints/emender_E97_1.3B_20260702_111457_step_1065000/latest.pt
Using schedule-free AdamW (lr=0.001007, warmup_steps=0)
Resuming from /lustre/orion/bif148/proj-shared/emender/checkpoints/emender_E97_1.3B_20260702_111457_step_1065000/latest.pt
Using schedule-free AdamW (lr=0.001007, warmup_steps=0)
Resuming from /lustre/orion/bif148/proj-shared/emender/checkpoints/emender_E97_1.3B_20260702_111457_step_1065000/latest.pt
Using schedule-free AdamW (lr=0.001007, warmup_steps=0)
Resuming from /lustre/orion/bif148/proj-shared/emender/checkpoints/emender_E97_1.3B_20260702_111457_step_1065000/latest.pt
Using schedule-free AdamW (lr=0.001007, warmup_steps=0)
Resuming from /lustre/orion/bif148/proj-shared/emender/checkpoints/emender_E97_1.3B_20260702_111457_step_1065000/latest.pt
Using schedule-free AdamW (lr=0.001007, warmup_steps=0)
Resuming from /lustre/orion/bif148/proj-shared/emender/checkpoints/emender_E97_1.3B_20260702_111457_step_1065000/latest.pt
Using schedule-free AdamW (lr=0.001007, warmup_steps=0)
Resuming from /lustre/orion/bif148/proj-shared/emender/checkpoints/emender_E97_1.3B_20260702_111457_step_1065000/latest.pt
Using schedule-free AdamW (lr=0.001007, warmup_steps=0)
Resuming from /lustre/orion/bif148/proj-shared/emender/checkpoints/emender_E97_1.3B_20260702_111457_step_1065000/latest.pt
Using schedule-free AdamW (lr=0.001007, warmup_steps=0)
Resuming from /lustre/orion/bif148/proj-shared/emender/checkpoints/emender_E97_1.3B_20260702_111457_step_1065000/latest.pt
Using schedule-free AdamW (lr=0.001007, warmup_steps=0)
Resuming from /lustre/orion/bif148/proj-shared/emender/checkpoints/emender_E97_1.3B_20260702_111457_step_1065000/latest.pt
Using schedule-free AdamW (lr=0.001007, warmup_steps=0)
Resuming from /lustre/orion/bif148/proj-shared/emender/checkpoints/emender_E97_1.3B_20260702_111457_step_1065000/latest.pt
Using schedule-free AdamW (lr=0.001007, warmup_steps=0)
Resuming from /lustre/orion/bif148/proj-shared/emender/checkpoints/emender_E97_1.3B_20260702_111457_step_1065000/latest.pt
Using schedule-free AdamW (lr=0.001007, warmup_steps=0)
Resuming from /lustre/orion/bif148/proj-shared/emender/checkpoints/emender_E97_1.3B_20260702_111457_step_1065000/latest.pt
Using schedule-free AdamW (lr=0.001007, warmup_steps=0)
Resuming from /lustre/orion/bif148/proj-shared/emender/checkpoints/emender_E97_1.3B_20260702_111457_step_1065000/latest.pt
Using schedule-free AdamW (lr=0.001007, warmup_steps=0)
Resuming from /lustre/orion/bif148/proj-shared/emender/checkpoints/emender_E97_1.3B_20260702_111457_step_1065000/latest.pt
Using schedule-free AdamW (lr=0.001007, warmup_steps=0)
Resuming from /lustre/orion/bif148/proj-shared/emender/checkpoints/emender_E97_1.3B_20260702_111457_step_1065000/latest.pt
Using schedule-free AdamW (lr=0.001007, warmup_steps=0)
Resuming from /lustre/orion/bif148/proj-shared/emender/checkpoints/emender_E97_1.3B_20260702_111457_step_1065000/latest.pt
Using schedule-free AdamW (lr=0.001007, warmup_steps=0)
Resuming from /lustre/orion/bif148/proj-shared/emender/checkpoints/emender_E97_1.3B_20260702_111457_step_1065000/latest.pt
Using schedule-free AdamW (lr=0.001007, warmup_steps=0)
Resuming from /lustre/orion/bif148/proj-shared/emender/checkpoints/emender_E97_1.3B_20260702_111457_step_1065000/latest.pt
Using schedule-free AdamW (lr=0.001007, warmup_steps=0)
Resuming from /lustre/orion/bif148/proj-shared/emender/checkpoints/emender_E97_1.3B_20260702_111457_step_1065000/latest.pt
Using schedule-free AdamW (lr=0.001007, warmup_steps=0)
Resuming from /lustre/orion/bif148/proj-shared/emender/checkpoints/emender_E97_1.3B_20260702_111457_step_1065000/latest.pt
Using schedule-free AdamW (lr=0.001007, warmup_steps=0)
Resuming from /lustre/orion/bif148/proj-shared/emender/checkpoints/emender_E97_1.3B_20260702_111457_step_1065000/latest.pt
Using schedule-free AdamW (lr=0.001007, warmup_steps=0)
Resuming from /lustre/orion/bif148/proj-shared/emender/checkpoints/emender_E97_1.3B_20260702_111457_step_1065000/latest.pt
Using schedule-free AdamW (lr=0.001007, warmup_steps=0)
Resuming from /lustre/orion/bif148/proj-shared/emender/checkpoints/emender_E97_1.3B_20260702_111457_step_1065000/latest.pt
Using schedule-free AdamW (lr=0.001007, warmup_steps=0)
Resuming from /lustre/orion/bif148/proj-shared/emender/checkpoints/emender_E97_1.3B_20260702_111457_step_1065000/latest.pt
Using schedule-free AdamW (lr=0.001007, warmup_steps=0)
Resuming from /lustre/orion/bif148/proj-shared/emender/checkpoints/emender_E97_1.3B_20260702_111457_step_1065000/latest.pt
Using schedule-free AdamW (lr=0.001007, warmup_steps=0)
Resuming from /lustre/orion/bif148/proj-shared/emender/checkpoints/emender_E97_1.3B_20260702_111457_step_1065000/latest.pt
Using schedule-free AdamW (lr=0.001007, warmup_steps=0)
Resuming from /lustre/orion/bif148/proj-shared/emender/checkpoints/emender_E97_1.3B_20260702_111457_step_1065000/latest.pt
Using schedule-free AdamW (lr=0.001007, warmup_steps=0)
Resuming from /lustre/orion/bif148/proj-shared/emender/checkpoints/emender_E97_1.3B_20260702_111457_step_1065000/latest.pt
Using schedule-free AdamW (lr=0.001007, warmup_steps=0)
Resuming from /lustre/orion/bif148/proj-shared/emender/checkpoints/emender_E97_1.3B_20260702_111457_step_1065000/latest.pt
Using schedule-free AdamW (lr=0.001007, warmup_steps=0)
Resuming from /lustre/orion/bif148/proj-shared/emender/checkpoints/emender_E97_1.3B_20260702_111457_step_1065000/latest.pt
Using schedule-free AdamW (lr=0.001007, warmup_steps=0)
Resuming from /lustre/orion/bif148/proj-shared/emender/checkpoints/emender_E97_1.3B_20260702_111457_step_1065000/latest.pt
Using schedule-free AdamW (lr=0.001007, warmup_steps=0)
Resuming from /lustre/orion/bif148/proj-shared/emender/checkpoints/emender_E97_1.3B_20260702_111457_step_1065000/latest.pt
Using schedule-free AdamW (lr=0.001007, warmup_steps=0)
Resuming from /lustre/orion/bif148/proj-shared/emender/checkpoints/emender_E97_1.3B_20260702_111457_step_1065000/latest.pt
Using schedule-free AdamW (lr=0.001007, warmup_steps=0)
Resuming from /lustre/orion/bif148/proj-shared/emender/checkpoints/emender_E97_1.3B_20260702_111457_step_1065000/latest.pt
Using schedule-free AdamW (lr=0.001007, warmup_steps=0)
Resuming from /lustre/orion/bif148/proj-shared/emender/checkpoints/emender_E97_1.3B_20260702_111457_step_1065000/latest.pt
Resumed at step 1065000
Resumed at step 1065000
Resumed at step 1065000
Resumed at step 1065000
Resumed at step 1065000
Resumed at step 1065000
Resumed at step 1065000
Resumed at step 1065000
Resumed at step 1065000
Resumed at step 1065000
Resumed at step 1065000
Resumed at step 1065000
Resumed at step 1065000
Resumed at step 1065000
Compile/autotune warmup: 1 untimed fwd+bwd step(s)
Compile/autotune warmup: 1 untimed fwd+bwd step(s)
Compile/autotune warmup: 1 untimed fwd+bwd step(s)
Compile/autotune warmup: 1 untimed fwd+bwd step(s)
Resumed at step 1065000
Compile/autotune warmup: 1 untimed fwd+bwd step(s)
Resumed at step 1065000
Resumed at step 1065000
Compile/autotune warmup: 1 untimed fwd+bwd step(s)
Compile/autotune warmup: 1 untimed fwd+bwd step(s)
Resumed at step 1065000
Resumed at step 1065000
Resumed at step 1065000
Resumed at step 1065000
Compile/autotune warmup: 1 untimed fwd+bwd step(s)
[DiLoCo] outer optimizer: avg (stateless periodic averaging)
Compile/autotune warmup: 1 untimed fwd+bwd step(s)
Compile/autotune warmup: 1 untimed fwd+bwd step(s)
Compile/autotune warmup: 1 untimed fwd+bwd step(s)
Compile/autotune warmup: 1 untimed fwd+bwd step(s)
Compile/autotune warmup: 1 untimed fwd+bwd step(s)
Compile/autotune warmup: 1 untimed fwd+bwd step(s)
Resumed at step 1065000
Resumed at step 1065000
Compile/autotune warmup: 1 untimed fwd+bwd step(s)
Resumed at step 1065000
Resumed at step 1065000
Resumed at step 1065000
Compile/autotune warmup: 1 untimed fwd+bwd step(s)
Compile/autotune warmup: 1 untimed fwd+bwd step(s)
Compile/autotune warmup: 1 untimed fwd+bwd step(s)
Resumed at step 1065000
Compile/autotune warmup: 1 untimed fwd+bwd step(s)
Compile/autotune warmup: 1 untimed fwd+bwd step(s)
Resumed at step 1065000
Resumed at step 1065000
Compile/autotune warmup: 1 untimed fwd+bwd step(s)
Compile/autotune warmup: 1 untimed fwd+bwd step(s)
Compile/autotune warmup: 1 untimed fwd+bwd step(s)
Compile/autotune warmup: 1 untimed fwd+bwd step(s)
Compile/autotune warmup: 1 untimed fwd+bwd step(s)
Compile/autotune warmup: 1 untimed fwd+bwd step(s)
Resumed at step 1065000
Compile/autotune warmup: 1 untimed fwd+bwd step(s)
Resumed at step 1065000
Resumed at step 1065000
Resumed at step 1065000
Compile/autotune warmup: 1 untimed fwd+bwd step(s)
Resumed at step 1065000
Resumed at step 1065000
Compile/autotune warmup: 1 untimed fwd+bwd step(s)
Resumed at step 1065000
Resumed at step 1065000
Compile/autotune warmup: 1 untimed fwd+bwd step(s)
Compile/autotune warmup: 1 untimed fwd+bwd step(s)
Compile/autotune warmup: 1 untimed fwd+bwd step(s)
Compile/autotune warmup: 1 untimed fwd+bwd step(s)
Compile/autotune warmup: 1 untimed fwd+bwd step(s)
Resumed at step 1065000
Resumed at step 1065000
Compile/autotune warmup: 1 untimed fwd+bwd step(s)
Resumed at step 1065000
Resumed at step 1065000
Compile/autotune warmup: 1 untimed fwd+bwd step(s)
Compile/autotune warmup: 1 untimed fwd+bwd step(s)
Resumed at step 1065000
Resumed at step 1065000
Resumed at step 1065000
Resumed at step 1065000
Resumed at step 1065000
Resumed at step 1065000
Compile/autotune warmup: 1 untimed fwd+bwd step(s)
Compile/autotune warmup: 1 untimed fwd+bwd step(s)
Compile/autotune warmup: 1 untimed fwd+bwd step(s)
Compile/autotune warmup: 1 untimed fwd+bwd step(s)
Compile/autotune warmup: 1 untimed fwd+bwd step(s)
Compile/autotune warmup: 1 untimed fwd+bwd step(s)
Compile/autotune warmup: 1 untimed fwd+bwd step(s)
Compile/autotune warmup: 1 untimed fwd+bwd step(s)
Compile/autotune warmup: 1 untimed fwd+bwd step(s)
Compile/autotune warmup: 1 untimed fwd+bwd step(s)
Resumed at step 1065000
Compile/autotune warmup: 1 untimed fwd+bwd step(s)
Resumed at step 1065000
Resumed at step 1065000
Resumed at step 1065000
Resumed at step 1065000
Resumed at step 1065000
Resumed at step 1065000
Resumed at step 1065000
Compile/autotune warmup: 1 untimed fwd+bwd step(s)
Compile/autotune warmup: 1 untimed fwd+bwd step(s)
Compile/autotune warmup: 1 untimed fwd+bwd step(s)
Compile/autotune warmup: 1 untimed fwd+bwd step(s)
Compile/autotune warmup: 1 untimed fwd+bwd step(s)
Compile/autotune warmup: 1 untimed fwd+bwd step(s)
Compile/autotune warmup: 1 untimed fwd+bwd step(s)
Resumed at step 1065000
Resumed at step 1065000
Resumed at step 1065000
Resumed at step 1065000
Resumed at step 1065000
Resumed at step 1065000
Resumed at step 1065000
Compile/autotune warmup: 1 untimed fwd+bwd step(s)
Compile/autotune warmup: 1 untimed fwd+bwd step(s)
Compile/autotune warmup: 1 untimed fwd+bwd step(s)
Compile/autotune warmup: 1 untimed fwd+bwd step(s)
Compile/autotune warmup: 1 untimed fwd+bwd step(s)
Compile/autotune warmup: 1 untimed fwd+bwd step(s)
Compile/autotune warmup: 1 untimed fwd+bwd step(s)
Resumed at step 1065000
Resumed at step 1065000
Compile/autotune warmup: 1 untimed fwd+bwd step(s)
Compile/autotune warmup: 1 untimed fwd+bwd step(s)
[e97-runtime] backend=hip path=e88-sequential-split-edit-triton use_triton=True use_chunked_e97=False e97_chunk_size=32 linear_state=False raw_write=False use_split_edit=True log_decay=True
[e97-runtime] backend=hip path=e88-sequential-split-edit-triton use_triton=True use_chunked_e97=False e97_chunk_size=32 linear_state=False raw_write=False use_split_edit=True log_decay=True
[e97-runtime] backend=hip path=e88-sequential-split-edit-triton use_triton=True use_chunked_e97=False e97_chunk_size=32 linear_state=False raw_write=False use_split_edit=True log_decay=True
[e97-runtime] backend=hip path=e88-sequential-split-edit-triton use_triton=True use_chunked_e97=False e97_chunk_size=32 linear_state=False raw_write=False use_split_edit=True log_decay=True
[e97-runtime] backend=hip path=e88-sequential-split-edit-triton use_triton=True use_chunked_e97=False e97_chunk_size=32 linear_state=False raw_write=False use_split_edit=True log_decay=True
[e97-runtime] backend=hip path=e88-sequential-split-edit-triton use_triton=True use_chunked_e97=False e97_chunk_size=32 linear_state=False raw_write=False use_split_edit=True log_decay=True
[e97-runtime] backend=hip path=e88-sequential-split-edit-triton use_triton=True use_chunked_e97=False e97_chunk_size=32 linear_state=False raw_write=False use_split_edit=True log_decay=True
[e97-runtime] backend=hip path=e88-sequential-split-edit-triton use_triton=True use_chunked_e97=False e97_chunk_size=32 linear_state=False raw_write=False use_split_edit=True log_decay=True
[e97-runtime] backend=hip path=e88-sequential-split-edit-triton use_triton=True use_chunked_e97=False e97_chunk_size=32 linear_state=False raw_write=False use_split_edit=True log_decay=True
[e97-runtime] backend=hip path=e88-sequential-split-edit-triton use_triton=True use_chunked_e97=False e97_chunk_size=32 linear_state=False raw_write=False use_split_edit=True log_decay=True
[e97-runtime] backend=hip path=e88-sequential-split-edit-triton use_triton=True use_chunked_e97=False e97_chunk_size=32 linear_state=False raw_write=False use_split_edit=True log_decay=True
[e97-runtime] backend=hip path=e88-sequential-split-edit-triton use_triton=True use_chunked_e97=False e97_chunk_size=32 linear_state=False raw_write=False use_split_edit=True log_decay=True
[e97-runtime] backend=hip path=e88-sequential-split-edit-triton use_triton=True use_chunked_e97=False e97_chunk_size=32 linear_state=False raw_write=False use_split_edit=True log_decay=True
[e97-runtime] backend=hip path=e88-sequential-split-edit-triton use_triton=True use_chunked_e97=False e97_chunk_size=32 linear_state=False raw_write=False use_split_edit=True log_decay=True
[e97-runtime] backend=hip path=e88-sequential-split-edit-triton use_triton=True use_chunked_e97=False e97_chunk_size=32 linear_state=False raw_write=False use_split_edit=True log_decay=True
[e97-runtime] backend=hip path=e88-sequential-split-edit-triton use_triton=True use_chunked_e97=False e97_chunk_size=32 linear_state=False raw_write=False use_split_edit=True log_decay=True
[e97-runtime] backend=hip path=e88-sequential-split-edit-triton use_triton=True use_chunked_e97=False e97_chunk_size=32 linear_state=False raw_write=False use_split_edit=True log_decay=True
[e97-runtime] backend=hip path=e88-sequential-split-edit-triton use_triton=True use_chunked_e97=False e97_chunk_size=32 linear_state=False raw_write=False use_split_edit=True log_decay=True
[e97-runtime] backend=hip path=e88-sequential-split-edit-triton use_triton=True use_chunked_e97=False e97_chunk_size=32 linear_state=False raw_write=False use_split_edit=True log_decay=True
[e97-runtime] backend=hip path=e88-sequential-split-edit-triton use_triton=True use_chunked_e97=False e97_chunk_size=32 linear_state=False raw_write=False use_split_edit=True log_decay=True
[e97-runtime] backend=hip path=e88-sequential-split-edit-triton use_triton=True use_chunked_e97=False e97_chunk_size=32 linear_state=False raw_write=False use_split_edit=True log_decay=True
[e97-runtime] backend=hip path=e88-sequential-split-edit-triton use_triton=True use_chunked_e97=False e97_chunk_size=32 linear_state=False raw_write=False use_split_edit=True log_decay=True
[e97-runtime] backend=hip path=e88-sequential-split-edit-triton use_triton=True use_chunked_e97=False e97_chunk_size=32 linear_state=False raw_write=False use_split_edit=True log_decay=True
[e97-runtime] backend=hip path=e88-sequential-split-edit-triton use_triton=True use_chunked_e97=False e97_chunk_size=32 linear_state=False raw_write=False use_split_edit=True log_decay=True
[e97-runtime] backend=hip path=e88-sequential-split-edit-triton use_triton=True use_chunked_e97=False e97_chunk_size=32 linear_state=False raw_write=False use_split_edit=True log_decay=True
[e97-runtime] backend=hip path=e88-sequential-split-edit-triton use_triton=True use_chunked_e97=False e97_chunk_size=32 linear_state=False raw_write=False use_split_edit=True log_decay=True
[e97-runtime] backend=hip path=e88-sequential-split-edit-triton use_triton=True use_chunked_e97=False e97_chunk_size=32 linear_state=False raw_write=False use_split_edit=True log_decay=True
[e97-runtime] backend=hip path=e88-sequential-split-edit-triton use_triton=True use_chunked_e97=False e97_chunk_size=32 linear_state=False raw_write=False use_split_edit=True log_decay=True
[e97-runtime] backend=hip path=e88-sequential-split-edit-triton use_triton=True use_chunked_e97=False e97_chunk_size=32 linear_state=False raw_write=False use_split_edit=True log_decay=True
[e97-runtime] backend=hip path=e88-sequential-split-edit-triton use_triton=True use_chunked_e97=False e97_chunk_size=32 linear_state=False raw_write=False use_split_edit=True log_decay=True
[e97-runtime] backend=hip path=e88-sequential-split-edit-triton use_triton=True use_chunked_e97=False e97_chunk_size=32 linear_state=False raw_write=False use_split_edit=True log_decay=True
[e97-runtime] backend=hip path=e88-sequential-split-edit-triton use_triton=True use_chunked_e97=False e97_chunk_size=32 linear_state=False raw_write=False use_split_edit=True log_decay=True
[e97-runtime] backend=hip path=e88-sequential-split-edit-triton use_triton=True use_chunked_e97=False e97_chunk_size=32 linear_state=False raw_write=False use_split_edit=True log_decay=True
[e97-runtime] backend=hip path=e88-sequential-split-edit-triton use_triton=True use_chunked_e97=False e97_chunk_size=32 linear_state=False raw_write=False use_split_edit=True log_decay=True
[e97-runtime] backend=hip path=e88-sequential-split-edit-triton use_triton=True use_chunked_e97=False e97_chunk_size=32 linear_state=False raw_write=False use_split_edit=True log_decay=True
[e97-runtime] backend=hip path=e88-sequential-split-edit-triton use_triton=True use_chunked_e97=False e97_chunk_size=32 linear_state=False raw_write=False use_split_edit=True log_decay=True
[e97-runtime] backend=hip path=e88-sequential-split-edit-triton use_triton=True use_chunked_e97=False e97_chunk_size=32 linear_state=False raw_write=False use_split_edit=True log_decay=True
[e97-runtime] backend=hip path=e88-sequential-split-edit-triton use_triton=True use_chunked_e97=False e97_chunk_size=32 linear_state=False raw_write=False use_split_edit=True log_decay=True
[e97-runtime] backend=hip path=e88-sequential-split-edit-triton use_triton=True use_chunked_e97=False e97_chunk_size=32 linear_state=False raw_write=False use_split_edit=True log_decay=True
[e97-runtime] backend=hip path=e88-sequential-split-edit-triton use_triton=True use_chunked_e97=False e97_chunk_size=32 linear_state=False raw_write=False use_split_edit=True log_decay=True
[e97-runtime] backend=hip path=e88-sequential-split-edit-triton use_triton=True use_chunked_e97=False e97_chunk_size=32 linear_state=False raw_write=False use_split_edit=True log_decay=True
[e97-runtime] backend=hip path=e88-sequential-split-edit-triton use_triton=True use_chunked_e97=False e97_chunk_size=32 linear_state=False raw_write=False use_split_edit=True log_decay=True
[e97-runtime] backend=hip path=e88-sequential-split-edit-triton use_triton=True use_chunked_e97=False e97_chunk_size=32 linear_state=False raw_write=False use_split_edit=True log_decay=True
[e97-runtime] backend=hip path=e88-sequential-split-edit-triton use_triton=True use_chunked_e97=False e97_chunk_size=32 linear_state=False raw_write=False use_split_edit=True log_decay=True
[e97-runtime] backend=hip path=e88-sequential-split-edit-triton use_triton=True use_chunked_e97=False e97_chunk_size=32 linear_state=False raw_write=False use_split_edit=True log_decay=True
[e97-runtime] backend=hip path=e88-sequential-split-edit-triton use_triton=True use_chunked_e97=False e97_chunk_size=32 linear_state=False raw_write=False use_split_edit=True log_decay=True
[e97-runtime] backend=hip path=e88-sequential-split-edit-triton use_triton=True use_chunked_e97=False e97_chunk_size=32 linear_state=False raw_write=False use_split_edit=True log_decay=True
[e97-runtime] backend=hip path=e88-sequential-split-edit-triton use_triton=True use_chunked_e97=False e97_chunk_size=32 linear_state=False raw_write=False use_split_edit=True log_decay=True
[e97-runtime] backend=hip path=e88-sequential-split-edit-triton use_triton=True use_chunked_e97=False e97_chunk_size=32 linear_state=False raw_write=False use_split_edit=True log_decay=True
[e97-runtime] backend=hip path=e88-sequential-split-edit-triton use_triton=True use_chunked_e97=False e97_chunk_size=32 linear_state=False raw_write=False use_split_edit=True log_decay=True
[e97-runtime] backend=hip path=e88-sequential-split-edit-triton use_triton=True use_chunked_e97=False e97_chunk_size=32 linear_state=False raw_write=False use_split_edit=True log_decay=True
[e97-runtime] backend=hip path=e88-sequential-split-edit-triton use_triton=True use_chunked_e97=False e97_chunk_size=32 linear_state=False raw_write=False use_split_edit=True log_decay=True
[e97-runtime] backend=hip path=e88-sequential-split-edit-triton use_triton=True use_chunked_e97=False e97_chunk_size=32 linear_state=False raw_write=False use_split_edit=True log_decay=True
[e97-runtime] backend=hip path=e88-sequential-split-edit-triton use_triton=True use_chunked_e97=False e97_chunk_size=32 linear_state=False raw_write=False use_split_edit=True log_decay=True
[e97-runtime] backend=hip path=e88-sequential-split-edit-triton use_triton=True use_chunked_e97=False e97_chunk_size=32 linear_state=False raw_write=False use_split_edit=True log_decay=True
[e97-runtime] backend=hip path=e88-sequential-split-edit-triton use_triton=True use_chunked_e97=False e97_chunk_size=32 linear_state=False raw_write=False use_split_edit=True log_decay=True
[e97-runtime] backend=hip path=e88-sequential-split-edit-triton use_triton=True use_chunked_e97=False e97_chunk_size=32 linear_state=False raw_write=False use_split_edit=True log_decay=True
[e97-runtime] backend=hip path=e88-sequential-split-edit-triton use_triton=True use_chunked_e97=False e97_chunk_size=32 linear_state=False raw_write=False use_split_edit=True log_decay=True
[e97-runtime] backend=hip path=e88-sequential-split-edit-triton use_triton=True use_chunked_e97=False e97_chunk_size=32 linear_state=False raw_write=False use_split_edit=True log_decay=True
[e97-runtime] backend=hip path=e88-sequential-split-edit-triton use_triton=True use_chunked_e97=False e97_chunk_size=32 linear_state=False raw_write=False use_split_edit=True log_decay=True
[e97-runtime] backend=hip path=e88-sequential-split-edit-triton use_triton=True use_chunked_e97=False e97_chunk_size=32 linear_state=False raw_write=False use_split_edit=True log_decay=True
[e97-runtime] backend=hip path=e88-sequential-split-edit-triton use_triton=True use_chunked_e97=False e97_chunk_size=32 linear_state=False raw_write=False use_split_edit=True log_decay=True
[e97-runtime] backend=hip path=e88-sequential-split-edit-triton use_triton=True use_chunked_e97=False e97_chunk_size=32 linear_state=False raw_write=False use_split_edit=True log_decay=True
[e97-runtime] backend=hip path=e88-sequential-split-edit-triton use_triton=True use_chunked_e97=False e97_chunk_size=32 linear_state=False raw_write=False use_split_edit=True log_decay=True
[e97-runtime] backend=hip path=e88-sequential-split-edit-triton use_triton=True use_chunked_e97=False e97_chunk_size=32 linear_state=False raw_write=False use_split_edit=True log_decay=True
[e97-runtime] backend=hip path=e88-sequential-split-edit-triton use_triton=True use_chunked_e97=False e97_chunk_size=32 linear_state=False raw_write=False use_split_edit=True log_decay=True
[e97-runtime] backend=hip path=e88-sequential-split-edit-triton use_triton=True use_chunked_e97=False e97_chunk_size=32 linear_state=False raw_write=False use_split_edit=True log_decay=True
[e97-runtime] backend=hip path=e88-sequential-split-edit-triton use_triton=True use_chunked_e97=False e97_chunk_size=32 linear_state=False raw_write=False use_split_edit=True log_decay=True
[e97-runtime] backend=hip path=e88-sequential-split-edit-triton use_triton=True use_chunked_e97=False e97_chunk_size=32 linear_state=False raw_write=False use_split_edit=True log_decay=True
[e97-runtime] backend=hip path=e88-sequential-split-edit-triton use_triton=True use_chunked_e97=False e97_chunk_size=32 linear_state=False raw_write=False use_split_edit=True log_decay=True
[e97-runtime] backend=hip path=e88-sequential-split-edit-triton use_triton=True use_chunked_e97=False e97_chunk_size=32 linear_state=False raw_write=False use_split_edit=True log_decay=True
[e97-runtime] backend=hip path=e88-sequential-split-edit-triton use_triton=True use_chunked_e97=False e97_chunk_size=32 linear_state=False raw_write=False use_split_edit=True log_decay=True
[e97-runtime] backend=hip path=e88-sequential-split-edit-triton use_triton=True use_chunked_e97=False e97_chunk_size=32 linear_state=False raw_write=False use_split_edit=True log_decay=True
[e97-runtime] backend=hip path=e88-sequential-split-edit-triton use_triton=True use_chunked_e97=False e97_chunk_size=32 linear_state=False raw_write=False use_split_edit=True log_decay=True
[e97-runtime] backend=hip path=e88-sequential-split-edit-triton use_triton=True use_chunked_e97=False e97_chunk_size=32 linear_state=False raw_write=False use_split_edit=True log_decay=True
[e97-runtime] backend=hip path=e88-sequential-split-edit-triton use_triton=True use_chunked_e97=False e97_chunk_size=32 linear_state=False raw_write=False use_split_edit=True log_decay=True
[e97-runtime] backend=hip path=e88-sequential-split-edit-triton use_triton=True use_chunked_e97=False e97_chunk_size=32 linear_state=False raw_write=False use_split_edit=True log_decay=True
[e97-runtime] backend=hip path=e88-sequential-split-edit-triton use_triton=True use_chunked_e97=False e97_chunk_size=32 linear_state=False raw_write=False use_split_edit=True log_decay=True
[e97-runtime] backend=hip path=e88-sequential-split-edit-triton use_triton=True use_chunked_e97=False e97_chunk_size=32 linear_state=False raw_write=False use_split_edit=True log_decay=True
[e97-runtime] backend=hip path=e88-sequential-split-edit-triton use_triton=True use_chunked_e97=False e97_chunk_size=32 linear_state=False raw_write=False use_split_edit=True log_decay=True
[e97-runtime] backend=hip path=e88-sequential-split-edit-triton use_triton=True use_chunked_e97=False e97_chunk_size=32 linear_state=False raw_write=False use_split_edit=True log_decay=True
[e97-runtime] backend=hip path=e88-sequential-split-edit-triton use_triton=True use_chunked_e97=False e97_chunk_size=32 linear_state=False raw_write=False use_split_edit=True log_decay=True
[e97-runtime] backend=hip path=e88-sequential-split-edit-triton use_triton=True use_chunked_e97=False e97_chunk_size=32 linear_state=False raw_write=False use_split_edit=True log_decay=True
[e97-runtime] backend=hip path=e88-sequential-split-edit-triton use_triton=True use_chunked_e97=False e97_chunk_size=32 linear_state=False raw_write=False use_split_edit=True log_decay=True
[e97-runtime] backend=hip path=e88-sequential-split-edit-triton use_triton=True use_chunked_e97=False e97_chunk_size=32 linear_state=False raw_write=False use_split_edit=True log_decay=True
[e97-runtime] backend=hip path=e88-sequential-split-edit-triton use_triton=True use_chunked_e97=False e97_chunk_size=32 linear_state=False raw_write=False use_split_edit=True log_decay=True
[e97-runtime] backend=hip path=e88-sequential-split-edit-triton use_triton=True use_chunked_e97=False e97_chunk_size=32 linear_state=False raw_write=False use_split_edit=True log_decay=True
[e97-runtime] backend=hip path=e88-sequential-split-edit-triton use_triton=True use_chunked_e97=False e97_chunk_size=32 linear_state=False raw_write=False use_split_edit=True log_decay=True
[e97-runtime] backend=hip path=e88-sequential-split-edit-triton use_triton=True use_chunked_e97=False e97_chunk_size=32 linear_state=False raw_write=False use_split_edit=True log_decay=True
[e97-runtime] backend=hip path=e88-sequential-split-edit-triton use_triton=True use_chunked_e97=False e97_chunk_size=32 linear_state=False raw_write=False use_split_edit=True log_decay=True
[e97-runtime] backend=hip path=e88-sequential-split-edit-triton use_triton=True use_chunked_e97=False e97_chunk_size=32 linear_state=False raw_write=False use_split_edit=True log_decay=True
[e97-runtime] backend=hip path=e88-sequential-split-edit-triton use_triton=True use_chunked_e97=False e97_chunk_size=32 linear_state=False raw_write=False use_split_edit=True log_decay=True
[e97-runtime] backend=hip path=e88-sequential-split-edit-triton use_triton=True use_chunked_e97=False e97_chunk_size=32 linear_state=False raw_write=False use_split_edit=True log_decay=True
[e97-runtime] backend=hip path=e88-sequential-split-edit-triton use_triton=True use_chunked_e97=False e97_chunk_size=32 linear_state=False raw_write=False use_split_edit=True log_decay=True
[e97-runtime] backend=hip path=e88-sequential-split-edit-triton use_triton=True use_chunked_e97=False e97_chunk_size=32 linear_state=False raw_write=False use_split_edit=True log_decay=True
[e97-runtime] backend=hip path=e88-sequential-split-edit-triton use_triton=True use_chunked_e97=False e97_chunk_size=32 linear_state=False raw_write=False use_split_edit=True log_decay=True
[e97-runtime] backend=hip path=e88-sequential-split-edit-triton use_triton=True use_chunked_e97=False e97_chunk_size=32 linear_state=False raw_write=False use_split_edit=True log_decay=True
[e97-runtime] backend=hip path=e88-sequential-split-edit-triton use_triton=True use_chunked_e97=False e97_chunk_size=32 linear_state=False raw_write=False use_split_edit=True log_decay=True
[e97-runtime] backend=hip path=e88-sequential-split-edit-triton use_triton=True use_chunked_e97=False e97_chunk_size=32 linear_state=False raw_write=False use_split_edit=True log_decay=True
[e97-runtime] backend=hip path=e88-sequential-split-edit-triton use_triton=True use_chunked_e97=False e97_chunk_size=32 linear_state=False raw_write=False use_split_edit=True log_decay=True
[e97-runtime] backend=hip path=e88-sequential-split-edit-triton use_triton=True use_chunked_e97=False e97_chunk_size=32 linear_state=False raw_write=False use_split_edit=True log_decay=True
[e97-runtime] backend=hip path=e88-sequential-split-edit-triton use_triton=True use_chunked_e97=False e97_chunk_size=32 linear_state=False raw_write=False use_split_edit=True log_decay=True
[e97-runtime] backend=hip path=e88-sequential-split-edit-triton use_triton=True use_chunked_e97=False e97_chunk_size=32 linear_state=False raw_write=False use_split_edit=True log_decay=True
[e97-runtime] backend=hip path=e88-sequential-split-edit-triton use_triton=True use_chunked_e97=False e97_chunk_size=32 linear_state=False raw_write=False use_split_edit=True log_decay=True
[e97-runtime] backend=hip path=e88-sequential-split-edit-triton use_triton=True use_chunked_e97=False e97_chunk_size=32 linear_state=False raw_write=False use_split_edit=True log_decay=True
[e97-runtime] backend=hip path=e88-sequential-split-edit-triton use_triton=True use_chunked_e97=False e97_chunk_size=32 linear_state=False raw_write=False use_split_edit=True log_decay=True
[e97-runtime] backend=hip path=e88-sequential-split-edit-triton use_triton=True use_chunked_e97=False e97_chunk_size=32 linear_state=False raw_write=False use_split_edit=True log_decay=True
[e97-runtime] backend=hip path=e88-sequential-split-edit-triton use_triton=True use_chunked_e97=False e97_chunk_size=32 linear_state=False raw_write=False use_split_edit=True log_decay=True
[e97-runtime] backend=hip path=e88-sequential-split-edit-triton use_triton=True use_chunked_e97=False e97_chunk_size=32 linear_state=False raw_write=False use_split_edit=True log_decay=True
[e97-runtime] backend=hip path=e88-sequential-split-edit-triton use_triton=True use_chunked_e97=False e97_chunk_size=32 linear_state=False raw_write=False use_split_edit=True log_decay=True
[e97-runtime] backend=hip path=e88-sequential-split-edit-triton use_triton=True use_chunked_e97=False e97_chunk_size=32 linear_state=False raw_write=False use_split_edit=True log_decay=True
[e97-runtime] backend=hip path=e88-sequential-split-edit-triton use_triton=True use_chunked_e97=False e97_chunk_size=32 linear_state=False raw_write=False use_split_edit=True log_decay=True
[e97-runtime] backend=hip path=e88-sequential-split-edit-triton use_triton=True use_chunked_e97=False e97_chunk_size=32 linear_state=False raw_write=False use_split_edit=True log_decay=True
[e97-runtime] backend=hip path=e88-sequential-split-edit-triton use_triton=True use_chunked_e97=False e97_chunk_size=32 linear_state=False raw_write=False use_split_edit=True log_decay=True
[e97-runtime] backend=hip path=e88-sequential-split-edit-triton use_triton=True use_chunked_e97=False e97_chunk_size=32 linear_state=False raw_write=False use_split_edit=True log_decay=True
[e97-runtime] backend=hip path=e88-sequential-split-edit-triton use_triton=True use_chunked_e97=False e97_chunk_size=32 linear_state=False raw_write=False use_split_edit=True log_decay=True
[e97-runtime] backend=hip path=e88-sequential-split-edit-triton use_triton=True use_chunked_e97=False e97_chunk_size=32 linear_state=False raw_write=False use_split_edit=True log_decay=True
[e97-runtime] backend=hip path=e88-sequential-split-edit-triton use_triton=True use_chunked_e97=False e97_chunk_size=32 linear_state=False raw_write=False use_split_edit=True log_decay=True
[e97-runtime] backend=hip path=e88-sequential-split-edit-triton use_triton=True use_chunked_e97=False e97_chunk_size=32 linear_state=False raw_write=False use_split_edit=True log_decay=True
[e97-runtime] backend=hip path=e88-sequential-split-edit-triton use_triton=True use_chunked_e97=False e97_chunk_size=32 linear_state=False raw_write=False use_split_edit=True log_decay=True
[e97-runtime] backend=hip path=e88-sequential-split-edit-triton use_triton=True use_chunked_e97=False e97_chunk_size=32 linear_state=False raw_write=False use_split_edit=True log_decay=True
[e97-runtime] backend=hip path=e88-sequential-split-edit-triton use_triton=True use_chunked_e97=False e97_chunk_size=32 linear_state=False raw_write=False use_split_edit=True log_decay=True
[e97-runtime] backend=hip path=e88-sequential-split-edit-triton use_triton=True use_chunked_e97=False e97_chunk_size=32 linear_state=False raw_write=False use_split_edit=True log_decay=True
[e97-runtime] backend=hip path=e88-sequential-split-edit-triton use_triton=True use_chunked_e97=False e97_chunk_size=32 linear_state=False raw_write=False use_split_edit=True log_decay=True
[e97-runtime] backend=hip path=e88-sequential-split-edit-triton use_triton=True use_chunked_e97=False e97_chunk_size=32 linear_state=False raw_write=False use_split_edit=True log_decay=True
[e97-runtime] backend=hip path=e88-sequential-split-edit-triton use_triton=True use_chunked_e97=False e97_chunk_size=32 linear_state=False raw_write=False use_split_edit=True log_decay=True
[e97-runtime] backend=hip path=e88-sequential-split-edit-triton use_triton=True use_chunked_e97=False e97_chunk_size=32 linear_state=False raw_write=False use_split_edit=True log_decay=True
[e97-runtime] backend=hip path=e88-sequential-split-edit-triton use_triton=True use_chunked_e97=False e97_chunk_size=32 linear_state=False raw_write=False use_split_edit=True log_decay=True
[e97-runtime] backend=hip path=e88-sequential-split-edit-triton use_triton=True use_chunked_e97=False e97_chunk_size=32 linear_state=False raw_write=False use_split_edit=True log_decay=True
[e97-runtime] backend=hip path=e88-sequential-split-edit-triton use_triton=True use_chunked_e97=False e97_chunk_size=32 linear_state=False raw_write=False use_split_edit=True log_decay=True
[e97-runtime] backend=hip path=e88-sequential-split-edit-triton use_triton=True use_chunked_e97=False e97_chunk_size=32 linear_state=False raw_write=False use_split_edit=True log_decay=True
[e97-runtime] backend=hip path=e88-sequential-split-edit-triton use_triton=True use_chunked_e97=False e97_chunk_size=32 linear_state=False raw_write=False use_split_edit=True log_decay=True
[e97-runtime] backend=hip path=e88-sequential-split-edit-triton use_triton=True use_chunked_e97=False e97_chunk_size=32 linear_state=False raw_write=False use_split_edit=True log_decay=True
[e97-runtime] backend=hip path=e88-sequential-split-edit-triton use_triton=True use_chunked_e97=False e97_chunk_size=32 linear_state=False raw_write=False use_split_edit=True log_decay=True
[e97-runtime] backend=hip path=e88-sequential-split-edit-triton use_triton=True use_chunked_e97=False e97_chunk_size=32 linear_state=False raw_write=False use_split_edit=True log_decay=True
[e97-runtime] backend=hip path=e88-sequential-split-edit-triton use_triton=True use_chunked_e97=False e97_chunk_size=32 linear_state=False raw_write=False use_split_edit=True log_decay=True
[e97-runtime] backend=hip path=e88-sequential-split-edit-triton use_triton=True use_chunked_e97=False e97_chunk_size=32 linear_state=False raw_write=False use_split_edit=True log_decay=True
[e97-runtime] backend=hip path=e88-sequential-split-edit-triton use_triton=True use_chunked_e97=False e97_chunk_size=32 linear_state=False raw_write=False use_split_edit=True log_decay=True
[e97-runtime] backend=hip path=e88-sequential-split-edit-triton use_triton=True use_chunked_e97=False e97_chunk_size=32 linear_state=False raw_write=False use_split_edit=True log_decay=True
[e97-runtime] backend=hip path=e88-sequential-split-edit-triton use_triton=True use_chunked_e97=False e97_chunk_size=32 linear_state=False raw_write=False use_split_edit=True log_decay=True
[e97-runtime] backend=hip path=e88-sequential-split-edit-triton use_triton=True use_chunked_e97=False e97_chunk_size=32 linear_state=False raw_write=False use_split_edit=True log_decay=True
[e97-runtime] backend=hip path=e88-sequential-split-edit-triton use_triton=True use_chunked_e97=False e97_chunk_size=32 linear_state=False raw_write=False use_split_edit=True log_decay=True
[e97-runtime] backend=hip path=e88-sequential-split-edit-triton use_triton=True use_chunked_e97=False e97_chunk_size=32 linear_state=False raw_write=False use_split_edit=True log_decay=True
[e97-runtime] backend=hip path=e88-sequential-split-edit-triton use_triton=True use_chunked_e97=False e97_chunk_size=32 linear_state=False raw_write=False use_split_edit=True log_decay=True
[e97-runtime] backend=hip path=e88-sequential-split-edit-triton use_triton=True use_chunked_e97=False e97_chunk_size=32 linear_state=False raw_write=False use_split_edit=True log_decay=True
[e97-runtime] backend=hip path=e88-sequential-split-edit-triton use_triton=True use_chunked_e97=False e97_chunk_size=32 linear_state=False raw_write=False use_split_edit=True log_decay=True
[e97-runtime] backend=hip path=e88-sequential-split-edit-triton use_triton=True use_chunked_e97=False e97_chunk_size=32 linear_state=False raw_write=False use_split_edit=True log_decay=True
[e97-runtime] backend=hip path=e88-sequential-split-edit-triton use_triton=True use_chunked_e97=False e97_chunk_size=32 linear_state=False raw_write=False use_split_edit=True log_decay=True
[e97-runtime] backend=hip path=e88-sequential-split-edit-triton use_triton=True use_chunked_e97=False e97_chunk_size=32 linear_state=False raw_write=False use_split_edit=True log_decay=True
[e97-runtime] backend=hip path=e88-sequential-split-edit-triton use_triton=True use_chunked_e97=False e97_chunk_size=32 linear_state=False raw_write=False use_split_edit=True log_decay=True
[e97-runtime] backend=hip path=e88-sequential-split-edit-triton use_triton=True use_chunked_e97=False e97_chunk_size=32 linear_state=False raw_write=False use_split_edit=True log_decay=True
[e97-runtime] backend=hip path=e88-sequential-split-edit-triton use_triton=True use_chunked_e97=False e97_chunk_size=32 linear_state=False raw_write=False use_split_edit=True log_decay=True
[e97-runtime] backend=hip path=e88-sequential-split-edit-triton use_triton=True use_chunked_e97=False e97_chunk_size=32 linear_state=False raw_write=False use_split_edit=True log_decay=True
[e97-runtime] backend=hip path=e88-sequential-split-edit-triton use_triton=True use_chunked_e97=False e97_chunk_size=32 linear_state=False raw_write=False use_split_edit=True log_decay=True
[e97-runtime] backend=hip path=e88-sequential-split-edit-triton use_triton=True use_chunked_e97=False e97_chunk_size=32 linear_state=False raw_write=False use_split_edit=True log_decay=True
[e97-runtime] backend=hip path=e88-sequential-split-edit-triton use_triton=True use_chunked_e97=False e97_chunk_size=32 linear_state=False raw_write=False use_split_edit=True log_decay=True
[e97-runtime] backend=hip path=e88-sequential-split-edit-triton use_triton=True use_chunked_e97=False e97_chunk_size=32 linear_state=False raw_write=False use_split_edit=True log_decay=True
[e97-runtime] backend=hip path=e88-sequential-split-edit-triton use_triton=True use_chunked_e97=False e97_chunk_size=32 linear_state=False raw_write=False use_split_edit=True log_decay=True
[e97-runtime] backend=hip path=e88-sequential-split-edit-triton use_triton=True use_chunked_e97=False e97_chunk_size=32 linear_state=False raw_write=False use_split_edit=True log_decay=True
[e97-runtime] backend=hip path=e88-sequential-split-edit-triton use_triton=True use_chunked_e97=False e97_chunk_size=32 linear_state=False raw_write=False use_split_edit=True log_decay=True
[e97-runtime] backend=hip path=e88-sequential-split-edit-triton use_triton=True use_chunked_e97=False e97_chunk_size=32 linear_state=False raw_write=False use_split_edit=True log_decay=True
[e97-runtime] backend=hip path=e88-sequential-split-edit-triton use_triton=True use_chunked_e97=False e97_chunk_size=32 linear_state=False raw_write=False use_split_edit=True log_decay=True
[e97-runtime] backend=hip path=e88-sequential-split-edit-triton use_triton=True use_chunked_e97=False e97_chunk_size=32 linear_state=False raw_write=False use_split_edit=True log_decay=True
[e97-runtime] backend=hip path=e88-sequential-split-edit-triton use_triton=True use_chunked_e97=False e97_chunk_size=32 linear_state=False raw_write=False use_split_edit=True log_decay=True
[e97-runtime] backend=hip path=e88-sequential-split-edit-triton use_triton=True use_chunked_e97=False e97_chunk_size=32 linear_state=False raw_write=False use_split_edit=True log_decay=True
[e97-runtime] backend=hip path=e88-sequential-split-edit-triton use_triton=True use_chunked_e97=False e97_chunk_size=32 linear_state=False raw_write=False use_split_edit=True log_decay=True
[e97-runtime] backend=hip path=e88-sequential-split-edit-triton use_triton=True use_chunked_e97=False e97_chunk_size=32 linear_state=False raw_write=False use_split_edit=True log_decay=True
[e97-runtime] backend=hip path=e88-sequential-split-edit-triton use_triton=True use_chunked_e97=False e97_chunk_size=32 linear_state=False raw_write=False use_split_edit=True log_decay=True
[e97-runtime] backend=hip path=e88-sequential-split-edit-triton use_triton=True use_chunked_e97=False e97_chunk_size=32 linear_state=False raw_write=False use_split_edit=True log_decay=True
[e97-runtime] backend=hip path=e88-sequential-split-edit-triton use_triton=True use_chunked_e97=False e97_chunk_size=32 linear_state=False raw_write=False use_split_edit=True log_decay=True
[e97-runtime] backend=hip path=e88-sequential-split-edit-triton use_triton=True use_chunked_e97=False e97_chunk_size=32 linear_state=False raw_write=False use_split_edit=True log_decay=True
[e97-runtime] backend=hip path=e88-sequential-split-edit-triton use_triton=True use_chunked_e97=False e97_chunk_size=32 linear_state=False raw_write=False use_split_edit=True log_decay=True
[e97-runtime] backend=hip path=e88-sequential-split-edit-triton use_triton=True use_chunked_e97=False e97_chunk_size=32 linear_state=False raw_write=False use_split_edit=True log_decay=True
[e97-runtime] backend=hip path=e88-sequential-split-edit-triton use_triton=True use_chunked_e97=False e97_chunk_size=32 linear_state=False raw_write=False use_split_edit=True log_decay=True
[e97-runtime] backend=hip path=e88-sequential-split-edit-triton use_triton=True use_chunked_e97=False e97_chunk_size=32 linear_state=False raw_write=False use_split_edit=True log_decay=True
[e97-runtime] backend=hip path=e88-sequential-split-edit-triton use_triton=True use_chunked_e97=False e97_chunk_size=32 linear_state=False raw_write=False use_split_edit=True log_decay=True
[e97-runtime] backend=hip path=e88-sequential-split-edit-triton use_triton=True use_chunked_e97=False e97_chunk_size=32 linear_state=False raw_write=False use_split_edit=True log_decay=True
[e97-runtime] backend=hip path=e88-sequential-split-edit-triton use_triton=True use_chunked_e97=False e97_chunk_size=32 linear_state=False raw_write=False use_split_edit=True log_decay=True
[e97-runtime] backend=hip path=e88-sequential-split-edit-triton use_triton=True use_chunked_e97=False e97_chunk_size=32 linear_state=False raw_write=False use_split_edit=True log_decay=True
[e97-runtime] backend=hip path=e88-sequential-split-edit-triton use_triton=True use_chunked_e97=False e97_chunk_size=32 linear_state=False raw_write=False use_split_edit=True log_decay=True
[e97-runtime] backend=hip path=e88-sequential-split-edit-triton use_triton=True use_chunked_e97=False e97_chunk_size=32 linear_state=False raw_write=False use_split_edit=True log_decay=True
[e97-runtime] backend=hip path=e88-sequential-split-edit-triton use_triton=True use_chunked_e97=False e97_chunk_size=32 linear_state=False raw_write=False use_split_edit=True log_decay=True
[e97-runtime] backend=hip path=e88-sequential-split-edit-triton use_triton=True use_chunked_e97=False e97_chunk_size=32 linear_state=False raw_write=False use_split_edit=True log_decay=True
[e97-runtime] backend=hip path=e88-sequential-split-edit-triton use_triton=True use_chunked_e97=False e97_chunk_size=32 linear_state=False raw_write=False use_split_edit=True log_decay=True
[e97-runtime] backend=hip path=e88-sequential-split-edit-triton use_triton=True use_chunked_e97=False e97_chunk_size=32 linear_state=False raw_write=False use_split_edit=True log_decay=True
[e97-runtime] backend=hip path=e88-sequential-split-edit-triton use_triton=True use_chunked_e97=False e97_chunk_size=32 linear_state=False raw_write=False use_split_edit=True log_decay=True
[e97-runtime] backend=hip path=e88-sequential-split-edit-triton use_triton=True use_chunked_e97=False e97_chunk_size=32 linear_state=False raw_write=False use_split_edit=True log_decay=True
[e97-runtime] backend=hip path=e88-sequential-split-edit-triton use_triton=True use_chunked_e97=False e97_chunk_size=32 linear_state=False raw_write=False use_split_edit=True log_decay=True
[e97-runtime] backend=hip path=e88-sequential-split-edit-triton use_triton=True use_chunked_e97=False e97_chunk_size=32 linear_state=False raw_write=False use_split_edit=True log_decay=True
[e97-runtime] backend=hip path=e88-sequential-split-edit-triton use_triton=True use_chunked_e97=False e97_chunk_size=32 linear_state=False raw_write=False use_split_edit=True log_decay=True
[e97-runtime] backend=hip path=e88-sequential-split-edit-triton use_triton=True use_chunked_e97=False e97_chunk_size=32 linear_state=False raw_write=False use_split_edit=True log_decay=True
[e97-runtime] backend=hip path=e88-sequential-split-edit-triton use_triton=True use_chunked_e97=False e97_chunk_size=32 linear_state=False raw_write=False use_split_edit=True log_decay=True
[e97-runtime] backend=hip path=e88-sequential-split-edit-triton use_triton=True use_chunked_e97=False e97_chunk_size=32 linear_state=False raw_write=False use_split_edit=True log_decay=True
[e97-runtime] backend=hip path=e88-sequential-split-edit-triton use_triton=True use_chunked_e97=False e97_chunk_size=32 linear_state=False raw_write=False use_split_edit=True log_decay=True
[e97-runtime] backend=hip path=e88-sequential-split-edit-triton use_triton=True use_chunked_e97=False e97_chunk_size=32 linear_state=False raw_write=False use_split_edit=True log_decay=True
[e97-runtime] backend=hip path=e88-sequential-split-edit-triton use_triton=True use_chunked_e97=False e97_chunk_size=32 linear_state=False raw_write=False use_split_edit=True log_decay=True
[e97-runtime] backend=hip path=e88-sequential-split-edit-triton use_triton=True use_chunked_e97=False e97_chunk_size=32 linear_state=False raw_write=False use_split_edit=True log_decay=True
[e97-runtime] backend=hip path=e88-sequential-split-edit-triton use_triton=True use_chunked_e97=False e97_chunk_size=32 linear_state=False raw_write=False use_split_edit=True log_decay=True
[e97-runtime] backend=hip path=e88-sequential-split-edit-triton use_triton=True use_chunked_e97=False e97_chunk_size=32 linear_state=False raw_write=False use_split_edit=True log_decay=True
[e97-runtime] backend=hip path=e88-sequential-split-edit-triton use_triton=True use_chunked_e97=False e97_chunk_size=32 linear_state=False raw_write=False use_split_edit=True log_decay=True
[e97-runtime] backend=hip path=e88-sequential-split-edit-triton use_triton=True use_chunked_e97=False e97_chunk_size=32 linear_state=False raw_write=False use_split_edit=True log_decay=True
[e97-runtime] backend=hip path=e88-sequential-split-edit-triton use_triton=True use_chunked_e97=False e97_chunk_size=32 linear_state=False raw_write=False use_split_edit=True log_decay=True
[e97-runtime] backend=hip path=e88-sequential-split-edit-triton use_triton=True use_chunked_e97=False e97_chunk_size=32 linear_state=False raw_write=False use_split_edit=True log_decay=True
[e97-runtime] backend=hip path=e88-sequential-split-edit-triton use_triton=True use_chunked_e97=False e97_chunk_size=32 linear_state=False raw_write=False use_split_edit=True log_decay=True
[e97-runtime] backend=hip path=e88-sequential-split-edit-triton use_triton=True use_chunked_e97=False e97_chunk_size=32 linear_state=False raw_write=False use_split_edit=True log_decay=True
[e97-runtime] backend=hip path=e88-sequential-split-edit-triton use_triton=True use_chunked_e97=False e97_chunk_size=32 linear_state=False raw_write=False use_split_edit=True log_decay=True
[e97-runtime] backend=hip path=e88-sequential-split-edit-triton use_triton=True use_chunked_e97=False e97_chunk_size=32 linear_state=False raw_write=False use_split_edit=True log_decay=True
[e97-runtime] backend=hip path=e88-sequential-split-edit-triton use_triton=True use_chunked_e97=False e97_chunk_size=32 linear_state=False raw_write=False use_split_edit=True log_decay=True
[e97-runtime] backend=hip path=e88-sequential-split-edit-triton use_triton=True use_chunked_e97=False e97_chunk_size=32 linear_state=False raw_write=False use_split_edit=True log_decay=True
[e97-runtime] backend=hip path=e88-sequential-split-edit-triton use_triton=True use_chunked_e97=False e97_chunk_size=32 linear_state=False raw_write=False use_split_edit=True log_decay=True
[e97-runtime] backend=hip path=e88-sequential-split-edit-triton use_triton=True use_chunked_e97=False e97_chunk_size=32 linear_state=False raw_write=False use_split_edit=True log_decay=True
[e97-runtime] backend=hip path=e88-sequential-split-edit-triton use_triton=True use_chunked_e97=False e97_chunk_size=32 linear_state=False raw_write=False use_split_edit=True log_decay=True
[e97-runtime] backend=hip path=e88-sequential-split-edit-triton use_triton=True use_chunked_e97=False e97_chunk_size=32 linear_state=False raw_write=False use_split_edit=True log_decay=True
[e97-runtime] backend=hip path=e88-sequential-split-edit-triton use_triton=True use_chunked_e97=False e97_chunk_size=32 linear_state=False raw_write=False use_split_edit=True log_decay=True
[e97-runtime] backend=hip path=e88-sequential-split-edit-triton use_triton=True use_chunked_e97=False e97_chunk_size=32 linear_state=False raw_write=False use_split_edit=True log_decay=True
[e97-runtime] backend=hip path=e88-sequential-split-edit-triton use_triton=True use_chunked_e97=False e97_chunk_size=32 linear_state=False raw_write=False use_split_edit=True log_decay=True
[e97-runtime] backend=hip path=e88-sequential-split-edit-triton use_triton=True use_chunked_e97=False e97_chunk_size=32 linear_state=False raw_write=False use_split_edit=True log_decay=True
[e97-runtime] backend=hip path=e88-sequential-split-edit-triton use_triton=True use_chunked_e97=False e97_chunk_size=32 linear_state=False raw_write=False use_split_edit=True log_decay=True
[e97-runtime] backend=hip path=e88-sequential-split-edit-triton use_triton=True use_chunked_e97=False e97_chunk_size=32 linear_state=False raw_write=False use_split_edit=True log_decay=True
[e97-runtime] backend=hip path=e88-sequential-split-edit-triton use_triton=True use_chunked_e97=False e97_chunk_size=32 linear_state=False raw_write=False use_split_edit=True log_decay=True
[e97-runtime] backend=hip path=e88-sequential-split-edit-triton use_triton=True use_chunked_e97=False e97_chunk_size=32 linear_state=False raw_write=False use_split_edit=True log_decay=True
[e97-runtime] backend=hip path=e88-sequential-split-edit-triton use_triton=True use_chunked_e97=False e97_chunk_size=32 linear_state=False raw_write=False use_split_edit=True log_decay=True
[e97-runtime] backend=hip path=e88-sequential-split-edit-triton use_triton=True use_chunked_e97=False e97_chunk_size=32 linear_state=False raw_write=False use_split_edit=True log_decay=True
[e97-runtime] backend=hip path=e88-sequential-split-edit-triton use_triton=True use_chunked_e97=False e97_chunk_size=32 linear_state=False raw_write=False use_split_edit=True log_decay=True
[e97-runtime] backend=hip path=e88-sequential-split-edit-triton use_triton=True use_chunked_e97=False e97_chunk_size=32 linear_state=False raw_write=False use_split_edit=True log_decay=True
[e97-runtime] backend=hip path=e88-sequential-split-edit-triton use_triton=True use_chunked_e97=False e97_chunk_size=32 linear_state=False raw_write=False use_split_edit=True log_decay=True
[e97-runtime] backend=hip path=e88-sequential-split-edit-triton use_triton=True use_chunked_e97=False e97_chunk_size=32 linear_state=False raw_write=False use_split_edit=True log_decay=True
[e97-runtime] backend=hip path=e88-sequential-split-edit-triton use_triton=True use_chunked_e97=False e97_chunk_size=32 linear_state=False raw_write=False use_split_edit=True log_decay=True
[e97-runtime] backend=hip path=e88-sequential-split-edit-triton use_triton=True use_chunked_e97=False e97_chunk_size=32 linear_state=False raw_write=False use_split_edit=True log_decay=True
[e97-runtime] backend=hip path=e88-sequential-split-edit-triton use_triton=True use_chunked_e97=False e97_chunk_size=32 linear_state=False raw_write=False use_split_edit=True log_decay=True
[e97-runtime] backend=hip path=e88-sequential-split-edit-triton use_triton=True use_chunked_e97=False e97_chunk_size=32 linear_state=False raw_write=False use_split_edit=True log_decay=True
[e97-runtime] backend=hip path=e88-sequential-split-edit-triton use_triton=True use_chunked_e97=False e97_chunk_size=32 linear_state=False raw_write=False use_split_edit=True log_decay=True
[e97-runtime] backend=hip path=e88-sequential-split-edit-triton use_triton=True use_chunked_e97=False e97_chunk_size=32 linear_state=False raw_write=False use_split_edit=True log_decay=True
[e97-runtime] backend=hip path=e88-sequential-split-edit-triton use_triton=True use_chunked_e97=False e97_chunk_size=32 linear_state=False raw_write=False use_split_edit=True log_decay=True
[e97-runtime] backend=hip path=e88-sequential-split-edit-triton use_triton=True use_chunked_e97=False e97_chunk_size=32 linear_state=False raw_write=False use_split_edit=True log_decay=True
[e97-runtime] backend=hip path=e88-sequential-split-edit-triton use_triton=True use_chunked_e97=False e97_chunk_size=32 linear_state=False raw_write=False use_split_edit=True log_decay=True
[e97-runtime] backend=hip path=e88-sequential-split-edit-triton use_triton=True use_chunked_e97=False e97_chunk_size=32 linear_state=False raw_write=False use_split_edit=True log_decay=True
[e97-runtime] backend=hip path=e88-sequential-split-edit-triton use_triton=True use_chunked_e97=False e97_chunk_size=32 linear_state=False raw_write=False use_split_edit=True log_decay=True
[e97-runtime] backend=hip path=e88-sequential-split-edit-triton use_triton=True use_chunked_e97=False e97_chunk_size=32 linear_state=False raw_write=False use_split_edit=True log_decay=True
[e97-runtime] backend=hip path=e88-sequential-split-edit-triton use_triton=True use_chunked_e97=False e97_chunk_size=32 linear_state=False raw_write=False use_split_edit=True log_decay=True
[e97-runtime] backend=hip path=e88-sequential-split-edit-triton use_triton=True use_chunked_e97=False e97_chunk_size=32 linear_state=False raw_write=False use_split_edit=True log_decay=True
[e97-runtime] backend=hip path=e88-sequential-split-edit-triton use_triton=True use_chunked_e97=False e97_chunk_size=32 linear_state=False raw_write=False use_split_edit=True log_decay=True
[e97-runtime] backend=hip path=e88-sequential-split-edit-triton use_triton=True use_chunked_e97=False e97_chunk_size=32 linear_state=False raw_write=False use_split_edit=True log_decay=True
[e97-runtime] backend=hip path=e88-sequential-split-edit-triton use_triton=True use_chunked_e97=False e97_chunk_size=32 linear_state=False raw_write=False use_split_edit=True log_decay=True
[e97-runtime] backend=hip path=e88-sequential-split-edit-triton use_triton=True use_chunked_e97=False e97_chunk_size=32 linear_state=False raw_write=False use_split_edit=True log_decay=True
[e97-runtime] backend=hip path=e88-sequential-split-edit-triton use_triton=True use_chunked_e97=False e97_chunk_size=32 linear_state=False raw_write=False use_split_edit=True log_decay=True
[e97-runtime] backend=hip path=e88-sequential-split-edit-triton use_triton=True use_chunked_e97=False e97_chunk_size=32 linear_state=False raw_write=False use_split_edit=True log_decay=True
[e97-runtime] backend=hip path=e88-sequential-split-edit-triton use_triton=True use_chunked_e97=False e97_chunk_size=32 linear_state=False raw_write=False use_split_edit=True log_decay=True
[e97-runtime] backend=hip path=e88-sequential-split-edit-triton use_triton=True use_chunked_e97=False e97_chunk_size=32 linear_state=False raw_write=False use_split_edit=True log_decay=True
[e97-runtime] backend=hip path=e88-sequential-split-edit-triton use_triton=True use_chunked_e97=False e97_chunk_size=32 linear_state=False raw_write=False use_split_edit=True log_decay=True
[e97-runtime] backend=hip path=e88-sequential-split-edit-triton use_triton=True use_chunked_e97=False e97_chunk_size=32 linear_state=False raw_write=False use_split_edit=True log_decay=True
[e97-runtime] backend=hip path=e88-sequential-split-edit-triton use_triton=True use_chunked_e97=False e97_chunk_size=32 linear_state=False raw_write=False use_split_edit=True log_decay=True
[e97-runtime] backend=hip path=e88-sequential-split-edit-triton use_triton=True use_chunked_e97=False e97_chunk_size=32 linear_state=False raw_write=False use_split_edit=True log_decay=True
[e97-runtime] backend=hip path=e88-sequential-split-edit-triton use_triton=True use_chunked_e97=False e97_chunk_size=32 linear_state=False raw_write=False use_split_edit=True log_decay=True
[e97-runtime] backend=hip path=e88-sequential-split-edit-triton use_triton=True use_chunked_e97=False e97_chunk_size=32 linear_state=False raw_write=False use_split_edit=True log_decay=True
[e97-runtime] backend=hip path=e88-sequential-split-edit-triton use_triton=True use_chunked_e97=False e97_chunk_size=32 linear_state=False raw_write=False use_split_edit=True log_decay=True
[e97-runtime] backend=hip path=e88-sequential-split-edit-triton use_triton=True use_chunked_e97=False e97_chunk_size=32 linear_state=False raw_write=False use_split_edit=True log_decay=True
[e97-runtime] backend=hip path=e88-sequential-split-edit-triton use_triton=True use_chunked_e97=False e97_chunk_size=32 linear_state=False raw_write=False use_split_edit=True log_decay=True
[e97-runtime] backend=hip path=e88-sequential-split-edit-triton use_triton=True use_chunked_e97=False e97_chunk_size=32 linear_state=False raw_write=False use_split_edit=True log_decay=True
[e97-runtime] backend=hip path=e88-sequential-split-edit-triton use_triton=True use_chunked_e97=False e97_chunk_size=32 linear_state=False raw_write=False use_split_edit=True log_decay=True
[e97-runtime] backend=hip path=e88-sequential-split-edit-triton use_triton=True use_chunked_e97=False e97_chunk_size=32 linear_state=False raw_write=False use_split_edit=True log_decay=True
[e97-runtime] backend=hip path=e88-sequential-split-edit-triton use_triton=True use_chunked_e97=False e97_chunk_size=32 linear_state=False raw_write=False use_split_edit=True log_decay=True
[e97-runtime] backend=hip path=e88-sequential-split-edit-triton use_triton=True use_chunked_e97=False e97_chunk_size=32 linear_state=False raw_write=False use_split_edit=True log_decay=True
[e97-runtime] backend=hip path=e88-sequential-split-edit-triton use_triton=True use_chunked_e97=False e97_chunk_size=32 linear_state=False raw_write=False use_split_edit=True log_decay=True
[e97-runtime] backend=hip path=e88-sequential-split-edit-triton use_triton=True use_chunked_e97=False e97_chunk_size=32 linear_state=False raw_write=False use_split_edit=True log_decay=True
[e97-runtime] backend=hip path=e88-sequential-split-edit-triton use_triton=True use_chunked_e97=False e97_chunk_size=32 linear_state=False raw_write=False use_split_edit=True log_decay=True
[e97-runtime] backend=hip path=e88-sequential-split-edit-triton use_triton=True use_chunked_e97=False e97_chunk_size=32 linear_state=False raw_write=False use_split_edit=True log_decay=True
[e97-runtime] backend=hip path=e88-sequential-split-edit-triton use_triton=True use_chunked_e97=False e97_chunk_size=32 linear_state=False raw_write=False use_split_edit=True log_decay=True
[e97-runtime] backend=hip path=e88-sequential-split-edit-triton use_triton=True use_chunked_e97=False e97_chunk_size=32 linear_state=False raw_write=False use_split_edit=True log_decay=True
[e97-runtime] backend=hip path=e88-sequential-split-edit-triton use_triton=True use_chunked_e97=False e97_chunk_size=32 linear_state=False raw_write=False use_split_edit=True log_decay=True
[e97-runtime] backend=hip path=e88-sequential-split-edit-triton use_triton=True use_chunked_e97=False e97_chunk_size=32 linear_state=False raw_write=False use_split_edit=True log_decay=True
[e97-runtime] backend=hip path=e88-sequential-split-edit-triton use_triton=True use_chunked_e97=False e97_chunk_size=32 linear_state=False raw_write=False use_split_edit=True log_decay=True
[e97-runtime] backend=hip path=e88-sequential-split-edit-triton use_triton=True use_chunked_e97=False e97_chunk_size=32 linear_state=False raw_write=False use_split_edit=True log_decay=True
[e97-runtime] backend=hip path=e88-sequential-split-edit-triton use_triton=True use_chunked_e97=False e97_chunk_size=32 linear_state=False raw_write=False use_split_edit=True log_decay=True
[e97-runtime] backend=hip path=e88-sequential-split-edit-triton use_triton=True use_chunked_e97=False e97_chunk_size=32 linear_state=False raw_write=False use_split_edit=True log_decay=True
[e97-runtime] backend=hip path=e88-sequential-split-edit-triton use_triton=True use_chunked_e97=False e97_chunk_size=32 linear_state=False raw_write=False use_split_edit=True log_decay=True
[e97-runtime] backend=hip path=e88-sequential-split-edit-triton use_triton=True use_chunked_e97=False e97_chunk_size=32 linear_state=False raw_write=False use_split_edit=True log_decay=True
[e97-runtime] backend=hip path=e88-sequential-split-edit-triton use_triton=True use_chunked_e97=False e97_chunk_size=32 linear_state=False raw_write=False use_split_edit=True log_decay=True
[e97-runtime] backend=hip path=e88-sequential-split-edit-triton use_triton=True use_chunked_e97=False e97_chunk_size=32 linear_state=False raw_write=False use_split_edit=True log_decay=True
[e97-runtime] backend=hip path=e88-sequential-split-edit-triton use_triton=True use_chunked_e97=False e97_chunk_size=32 linear_state=False raw_write=False use_split_edit=True log_decay=True
[e97-runtime] backend=hip path=e88-sequential-split-edit-triton use_triton=True use_chunked_e97=False e97_chunk_size=32 linear_state=False raw_write=False use_split_edit=True log_decay=True
[e97-runtime] backend=hip path=e88-sequential-split-edit-triton use_triton=True use_chunked_e97=False e97_chunk_size=32 linear_state=False raw_write=False use_split_edit=True log_decay=True
[e97-runtime] backend=hip path=e88-sequential-split-edit-triton use_triton=True use_chunked_e97=False e97_chunk_size=32 linear_state=False raw_write=False use_split_edit=True log_decay=True
[e97-runtime] backend=hip path=e88-sequential-split-edit-triton use_triton=True use_chunked_e97=False e97_chunk_size=32 linear_state=False raw_write=False use_split_edit=True log_decay=True
[e97-runtime] backend=hip path=e88-sequential-split-edit-triton use_triton=True use_chunked_e97=False e97_chunk_size=32 linear_state=False raw_write=False use_split_edit=True log_decay=True
[e97-runtime] backend=hip path=e88-sequential-split-edit-triton use_triton=True use_chunked_e97=False e97_chunk_size=32 linear_state=False raw_write=False use_split_edit=True log_decay=True
[e97-runtime] backend=hip path=e88-sequential-split-edit-triton use_triton=True use_chunked_e97=False e97_chunk_size=32 linear_state=False raw_write=False use_split_edit=True log_decay=True
[e97-runtime] backend=hip path=e88-sequential-split-edit-triton use_triton=True use_chunked_e97=False e97_chunk_size=32 linear_state=False raw_write=False use_split_edit=True log_decay=True
[e97-runtime] backend=hip path=e88-sequential-split-edit-triton use_triton=True use_chunked_e97=False e97_chunk_size=32 linear_state=False raw_write=False use_split_edit=True log_decay=True
[e97-runtime] backend=hip path=e88-sequential-split-edit-triton use_triton=True use_chunked_e97=False e97_chunk_size=32 linear_state=False raw_write=False use_split_edit=True log_decay=True
[e97-runtime] backend=hip path=e88-sequential-split-edit-triton use_triton=True use_chunked_e97=False e97_chunk_size=32 linear_state=False raw_write=False use_split_edit=True log_decay=True
[e97-runtime] backend=hip path=e88-sequential-split-edit-triton use_triton=True use_chunked_e97=False e97_chunk_size=32 linear_state=False raw_write=False use_split_edit=True log_decay=True
[e97-runtime] backend=hip path=e88-sequential-split-edit-triton use_triton=True use_chunked_e97=False e97_chunk_size=32 linear_state=False raw_write=False use_split_edit=True log_decay=True
[e97-runtime] backend=hip path=e88-sequential-split-edit-triton use_triton=True use_chunked_e97=False e97_chunk_size=32 linear_state=False raw_write=False use_split_edit=True log_decay=True
[e97-runtime] backend=hip path=e88-sequential-split-edit-triton use_triton=True use_chunked_e97=False e97_chunk_size=32 linear_state=False raw_write=False use_split_edit=True log_decay=True
[e97-runtime] backend=hip path=e88-sequential-split-edit-triton use_triton=True use_chunked_e97=False e97_chunk_size=32 linear_state=False raw_write=False use_split_edit=True log_decay=True
[e97-runtime] backend=hip path=e88-sequential-split-edit-triton use_triton=True use_chunked_e97=False e97_chunk_size=32 linear_state=False raw_write=False use_split_edit=True log_decay=True
[e97-runtime] backend=hip path=e88-sequential-split-edit-triton use_triton=True use_chunked_e97=False e97_chunk_size=32 linear_state=False raw_write=False use_split_edit=True log_decay=True
[e97-runtime] backend=hip path=e88-sequential-split-edit-triton use_triton=True use_chunked_e97=False e97_chunk_size=32 linear_state=False raw_write=False use_split_edit=True log_decay=True
[e97-runtime] backend=hip path=e88-sequential-split-edit-triton use_triton=True use_chunked_e97=False e97_chunk_size=32 linear_state=False raw_write=False use_split_edit=True log_decay=True
[e97-runtime] backend=hip path=e88-sequential-split-edit-triton use_triton=True use_chunked_e97=False e97_chunk_size=32 linear_state=False raw_write=False use_split_edit=True log_decay=True
[e97-runtime] backend=hip path=e88-sequential-split-edit-triton use_triton=True use_chunked_e97=False e97_chunk_size=32 linear_state=False raw_write=False use_split_edit=True log_decay=True
[e97-runtime] backend=hip path=e88-sequential-split-edit-triton use_triton=True use_chunked_e97=False e97_chunk_size=32 linear_state=False raw_write=False use_split_edit=True log_decay=True
[e97-runtime] backend=hip path=e88-sequential-split-edit-triton use_triton=True use_chunked_e97=False e97_chunk_size=32 linear_state=False raw_write=False use_split_edit=True log_decay=True
[e97-runtime] backend=hip path=e88-sequential-split-edit-triton use_triton=True use_chunked_e97=False e97_chunk_size=32 linear_state=False raw_write=False use_split_edit=True log_decay=True
[e97-runtime] backend=hip path=e88-sequential-split-edit-triton use_triton=True use_chunked_e97=False e97_chunk_size=32 linear_state=False raw_write=False use_split_edit=True log_decay=True
[e97-runtime] backend=hip path=e88-sequential-split-edit-triton use_triton=True use_chunked_e97=False e97_chunk_size=32 linear_state=False raw_write=False use_split_edit=True log_decay=True
[e97-runtime] backend=hip path=e88-sequential-split-edit-triton use_triton=True use_chunked_e97=False e97_chunk_size=32 linear_state=False raw_write=False use_split_edit=True log_decay=True
[e97-runtime] backend=hip path=e88-sequential-split-edit-triton use_triton=True use_chunked_e97=False e97_chunk_size=32 linear_state=False raw_write=False use_split_edit=True log_decay=True
[e97-runtime] backend=hip path=e88-sequential-split-edit-triton use_triton=True use_chunked_e97=False e97_chunk_size=32 linear_state=False raw_write=False use_split_edit=True log_decay=True
[e97-runtime] backend=hip path=e88-sequential-split-edit-triton use_triton=True use_chunked_e97=False e97_chunk_size=32 linear_state=False raw_write=False use_split_edit=True log_decay=True
[e97-runtime] backend=hip path=e88-sequential-split-edit-triton use_triton=True use_chunked_e97=False e97_chunk_size=32 linear_state=False raw_write=False use_split_edit=True log_decay=True
[e97-runtime] backend=hip path=e88-sequential-split-edit-triton use_triton=True use_chunked_e97=False e97_chunk_size=32 linear_state=False raw_write=False use_split_edit=True log_decay=True
[e97-runtime] backend=hip path=e88-sequential-split-edit-triton use_triton=True use_chunked_e97=False e97_chunk_size=32 linear_state=False raw_write=False use_split_edit=True log_decay=True
[e97-runtime] backend=hip path=e88-sequential-split-edit-triton use_triton=True use_chunked_e97=False e97_chunk_size=32 linear_state=False raw_write=False use_split_edit=True log_decay=True
[e97-runtime] backend=hip path=e88-sequential-split-edit-triton use_triton=True use_chunked_e97=False e97_chunk_size=32 linear_state=False raw_write=False use_split_edit=True log_decay=True
[e97-runtime] backend=hip path=e88-sequential-split-edit-triton use_triton=True use_chunked_e97=False e97_chunk_size=32 linear_state=False raw_write=False use_split_edit=True log_decay=True
[e97-runtime] backend=hip path=e88-sequential-split-edit-triton use_triton=True use_chunked_e97=False e97_chunk_size=32 linear_state=False raw_write=False use_split_edit=True log_decay=True
[e97-runtime] backend=hip path=e88-sequential-split-edit-triton use_triton=True use_chunked_e97=False e97_chunk_size=32 linear_state=False raw_write=False use_split_edit=True log_decay=True
[e97-runtime] backend=hip path=e88-sequential-split-edit-triton use_triton=True use_chunked_e97=False e97_chunk_size=32 linear_state=False raw_write=False use_split_edit=True log_decay=True
[e97-runtime] backend=hip path=e88-sequential-split-edit-triton use_triton=True use_chunked_e97=False e97_chunk_size=32 linear_state=False raw_write=False use_split_edit=True log_decay=True
[e97-runtime] backend=hip path=e88-sequential-split-edit-triton use_triton=True use_chunked_e97=False e97_chunk_size=32 linear_state=False raw_write=False use_split_edit=True log_decay=True
[e97-runtime] backend=hip path=e88-sequential-split-edit-triton use_triton=True use_chunked_e97=False e97_chunk_size=32 linear_state=False raw_write=False use_split_edit=True log_decay=True
[e97-runtime] backend=hip path=e88-sequential-split-edit-triton use_triton=True use_chunked_e97=False e97_chunk_size=32 linear_state=False raw_write=False use_split_edit=True log_decay=True
[e97-runtime] backend=hip path=e88-sequential-split-edit-triton use_triton=True use_chunked_e97=False e97_chunk_size=32 linear_state=False raw_write=False use_split_edit=True log_decay=True
[e97-runtime] backend=hip path=e88-sequential-split-edit-triton use_triton=True use_chunked_e97=False e97_chunk_size=32 linear_state=False raw_write=False use_split_edit=True log_decay=True
[e97-runtime] backend=hip path=e88-sequential-split-edit-triton use_triton=True use_chunked_e97=False e97_chunk_size=32 linear_state=False raw_write=False use_split_edit=True log_decay=True
[e97-runtime] backend=hip path=e88-sequential-split-edit-triton use_triton=True use_chunked_e97=False e97_chunk_size=32 linear_state=False raw_write=False use_split_edit=True log_decay=True
[e97-runtime] backend=hip path=e88-sequential-split-edit-triton use_triton=True use_chunked_e97=False e97_chunk_size=32 linear_state=False raw_write=False use_split_edit=True log_decay=True
[e97-runtime] backend=hip path=e88-sequential-split-edit-triton use_triton=True use_chunked_e97=False e97_chunk_size=32 linear_state=False raw_write=False use_split_edit=True log_decay=True
[e97-runtime] backend=hip path=e88-sequential-split-edit-triton use_triton=True use_chunked_e97=False e97_chunk_size=32 linear_state=False raw_write=False use_split_edit=True log_decay=True
[e97-runtime] backend=hip path=e88-sequential-split-edit-triton use_triton=True use_chunked_e97=False e97_chunk_size=32 linear_state=False raw_write=False use_split_edit=True log_decay=True
[e97-runtime] backend=hip path=e88-sequential-split-edit-triton use_triton=True use_chunked_e97=False e97_chunk_size=32 linear_state=False raw_write=False use_split_edit=True log_decay=True
[e97-runtime] backend=hip path=e88-sequential-split-edit-triton use_triton=True use_chunked_e97=False e97_chunk_size=32 linear_state=False raw_write=False use_split_edit=True log_decay=True
[e97-runtime] backend=hip path=e88-sequential-split-edit-triton use_triton=True use_chunked_e97=False e97_chunk_size=32 linear_state=False raw_write=False use_split_edit=True log_decay=True
[e97-runtime] backend=hip path=e88-sequential-split-edit-triton use_triton=True use_chunked_e97=False e97_chunk_size=32 linear_state=False raw_write=False use_split_edit=True log_decay=True
[e97-runtime] backend=hip path=e88-sequential-split-edit-triton use_triton=True use_chunked_e97=False e97_chunk_size=32 linear_state=False raw_write=False use_split_edit=True log_decay=True
[e97-runtime] backend=hip path=e88-sequential-split-edit-triton use_triton=True use_chunked_e97=False e97_chunk_size=32 linear_state=False raw_write=False use_split_edit=True log_decay=True
[e97-runtime] backend=hip path=e88-sequential-split-edit-triton use_triton=True use_chunked_e97=False e97_chunk_size=32 linear_state=False raw_write=False use_split_edit=True log_decay=True
[e97-runtime] backend=hip path=e88-sequential-split-edit-triton use_triton=True use_chunked_e97=False e97_chunk_size=32 linear_state=False raw_write=False use_split_edit=True log_decay=True
[e97-runtime] backend=hip path=e88-sequential-split-edit-triton use_triton=True use_chunked_e97=False e97_chunk_size=32 linear_state=False raw_write=False use_split_edit=True log_decay=True
[e97-runtime] backend=hip path=e88-sequential-split-edit-triton use_triton=True use_chunked_e97=False e97_chunk_size=32 linear_state=False raw_write=False use_split_edit=True log_decay=True
[e97-runtime] backend=hip path=e88-sequential-split-edit-triton use_triton=True use_chunked_e97=False e97_chunk_size=32 linear_state=False raw_write=False use_split_edit=True log_decay=True
[e97-runtime] backend=hip path=e88-sequential-split-edit-triton use_triton=True use_chunked_e97=False e97_chunk_size=32 linear_state=False raw_write=False use_split_edit=True log_decay=True
[e97-runtime] backend=hip path=e88-sequential-split-edit-triton use_triton=True use_chunked_e97=False e97_chunk_size=32 linear_state=False raw_write=False use_split_edit=True log_decay=True
[e97-runtime] backend=hip path=e88-sequential-split-edit-triton use_triton=True use_chunked_e97=False e97_chunk_size=32 linear_state=False raw_write=False use_split_edit=True log_decay=True
[e97-runtime] backend=hip path=e88-sequential-split-edit-triton use_triton=True use_chunked_e97=False e97_chunk_size=32 linear_state=False raw_write=False use_split_edit=True log_decay=True
[e97-runtime] backend=hip path=e88-sequential-split-edit-triton use_triton=True use_chunked_e97=False e97_chunk_size=32 linear_state=False raw_write=False use_split_edit=True log_decay=True
[e97-runtime] backend=hip path=e88-sequential-split-edit-triton use_triton=True use_chunked_e97=False e97_chunk_size=32 linear_state=False raw_write=False use_split_edit=True log_decay=True
[e97-runtime] backend=hip path=e88-sequential-split-edit-triton use_triton=True use_chunked_e97=False e97_chunk_size=32 linear_state=False raw_write=False use_split_edit=True log_decay=True
[e97-runtime] backend=hip path=e88-sequential-split-edit-triton use_triton=True use_chunked_e97=False e97_chunk_size=32 linear_state=False raw_write=False use_split_edit=True log_decay=True
[e97-runtime] backend=hip path=e88-sequential-split-edit-triton use_triton=True use_chunked_e97=False e97_chunk_size=32 linear_state=False raw_write=False use_split_edit=True log_decay=True
[e97-runtime] backend=hip path=e88-sequential-split-edit-triton use_triton=True use_chunked_e97=False e97_chunk_size=32 linear_state=False raw_write=False use_split_edit=True log_decay=True
[e97-runtime] backend=hip path=e88-sequential-split-edit-triton use_triton=True use_chunked_e97=False e97_chunk_size=32 linear_state=False raw_write=False use_split_edit=True log_decay=True
[e97-runtime] backend=hip path=e88-sequential-split-edit-triton use_triton=True use_chunked_e97=False e97_chunk_size=32 linear_state=False raw_write=False use_split_edit=True log_decay=True
[e97-runtime] backend=hip path=e88-sequential-split-edit-triton use_triton=True use_chunked_e97=False e97_chunk_size=32 linear_state=False raw_write=False use_split_edit=True log_decay=True
[e97-runtime] backend=hip path=e88-sequential-split-edit-triton use_triton=True use_chunked_e97=False e97_chunk_size=32 linear_state=False raw_write=False use_split_edit=True log_decay=True
[e97-runtime] backend=hip path=e88-sequential-split-edit-triton use_triton=True use_chunked_e97=False e97_chunk_size=32 linear_state=False raw_write=False use_split_edit=True log_decay=True
[e97-runtime] backend=hip path=e88-sequential-split-edit-triton use_triton=True use_chunked_e97=False e97_chunk_size=32 linear_state=False raw_write=False use_split_edit=True log_decay=True
[e97-runtime] backend=hip path=e88-sequential-split-edit-triton use_triton=True use_chunked_e97=False e97_chunk_size=32 linear_state=False raw_write=False use_split_edit=True log_decay=True
[e97-runtime] backend=hip path=e88-sequential-split-edit-triton use_triton=True use_chunked_e97=False e97_chunk_size=32 linear_state=False raw_write=False use_split_edit=True log_decay=True
[e97-runtime] backend=hip path=e88-sequential-split-edit-triton use_triton=True use_chunked_e97=False e97_chunk_size=32 linear_state=False raw_write=False use_split_edit=True log_decay=True
[e97-runtime] backend=hip path=e88-sequential-split-edit-triton use_triton=True use_chunked_e97=False e97_chunk_size=32 linear_state=False raw_write=False use_split_edit=True log_decay=True
[e97-runtime] backend=hip path=e88-sequential-split-edit-triton use_triton=True use_chunked_e97=False e97_chunk_size=32 linear_state=False raw_write=False use_split_edit=True log_decay=True
[e97-runtime] backend=hip path=e88-sequential-split-edit-triton use_triton=True use_chunked_e97=False e97_chunk_size=32 linear_state=False raw_write=False use_split_edit=True log_decay=True
[e97-runtime] backend=hip path=e88-sequential-split-edit-triton use_triton=True use_chunked_e97=False e97_chunk_size=32 linear_state=False raw_write=False use_split_edit=True log_decay=True
[e97-runtime] backend=hip path=e88-sequential-split-edit-triton use_triton=True use_chunked_e97=False e97_chunk_size=32 linear_state=False raw_write=False use_split_edit=True log_decay=True
[e97-runtime] backend=hip path=e88-sequential-split-edit-triton use_triton=True use_chunked_e97=False e97_chunk_size=32 linear_state=False raw_write=False use_split_edit=True log_decay=True
[e97-runtime] backend=hip path=e88-sequential-split-edit-triton use_triton=True use_chunked_e97=False e97_chunk_size=32 linear_state=False raw_write=False use_split_edit=True log_decay=True
[e97-runtime] backend=hip path=e88-sequential-split-edit-triton use_triton=True use_chunked_e97=False e97_chunk_size=32 linear_state=False raw_write=False use_split_edit=True log_decay=True
[e97-runtime] backend=hip path=e88-sequential-split-edit-triton use_triton=True use_chunked_e97=False e97_chunk_size=32 linear_state=False raw_write=False use_split_edit=True log_decay=True
[e97-runtime] backend=hip path=e88-sequential-split-edit-triton use_triton=True use_chunked_e97=False e97_chunk_size=32 linear_state=False raw_write=False use_split_edit=True log_decay=True
[e97-runtime] backend=hip path=e88-sequential-split-edit-triton use_triton=True use_chunked_e97=False e97_chunk_size=32 linear_state=False raw_write=False use_split_edit=True log_decay=True
[e97-runtime] backend=hip path=e88-sequential-split-edit-triton use_triton=True use_chunked_e97=False e97_chunk_size=32 linear_state=False raw_write=False use_split_edit=True log_decay=True
[e97-runtime] backend=hip path=e88-sequential-split-edit-triton use_triton=True use_chunked_e97=False e97_chunk_size=32 linear_state=False raw_write=False use_split_edit=True log_decay=True
[e97-runtime] backend=hip path=e88-sequential-split-edit-triton use_triton=True use_chunked_e97=False e97_chunk_size=32 linear_state=False raw_write=False use_split_edit=True log_decay=True
[e97-runtime] backend=hip path=e88-sequential-split-edit-triton use_triton=True use_chunked_e97=False e97_chunk_size=32 linear_state=False raw_write=False use_split_edit=True log_decay=True
[e97-runtime] backend=hip path=e88-sequential-split-edit-triton use_triton=True use_chunked_e97=False e97_chunk_size=32 linear_state=False raw_write=False use_split_edit=True log_decay=True
[e97-runtime] backend=hip path=e88-sequential-split-edit-triton use_triton=True use_chunked_e97=False e97_chunk_size=32 linear_state=False raw_write=False use_split_edit=True log_decay=True
[e97-runtime] backend=hip path=e88-sequential-split-edit-triton use_triton=True use_chunked_e97=False e97_chunk_size=32 linear_state=False raw_write=False use_split_edit=True log_decay=True
[e97-runtime] backend=hip path=e88-sequential-split-edit-triton use_triton=True use_chunked_e97=False e97_chunk_size=32 linear_state=False raw_write=False use_split_edit=True log_decay=True
[e97-runtime] backend=hip path=e88-sequential-split-edit-triton use_triton=True use_chunked_e97=False e97_chunk_size=32 linear_state=False raw_write=False use_split_edit=True log_decay=True
[e97-runtime] backend=hip path=e88-sequential-split-edit-triton use_triton=True use_chunked_e97=False e97_chunk_size=32 linear_state=False raw_write=False use_split_edit=True log_decay=True
[e97-runtime] backend=hip path=e88-sequential-split-edit-triton use_triton=True use_chunked_e97=False e97_chunk_size=32 linear_state=False raw_write=False use_split_edit=True log_decay=True
[e97-runtime] backend=hip path=e88-sequential-split-edit-triton use_triton=True use_chunked_e97=False e97_chunk_size=32 linear_state=False raw_write=False use_split_edit=True log_decay=True
[e97-runtime] backend=hip path=e88-sequential-split-edit-triton use_triton=True use_chunked_e97=False e97_chunk_size=32 linear_state=False raw_write=False use_split_edit=True log_decay=True
[e97-runtime] backend=hip path=e88-sequential-split-edit-triton use_triton=True use_chunked_e97=False e97_chunk_size=32 linear_state=False raw_write=False use_split_edit=True log_decay=True
[e97-runtime] backend=hip path=e88-sequential-split-edit-triton use_triton=True use_chunked_e97=False e97_chunk_size=32 linear_state=False raw_write=False use_split_edit=True log_decay=True
[e97-runtime] backend=hip path=e88-sequential-split-edit-triton use_triton=True use_chunked_e97=False e97_chunk_size=32 linear_state=False raw_write=False use_split_edit=True log_decay=True
[e97-runtime] backend=hip path=e88-sequential-split-edit-triton use_triton=True use_chunked_e97=False e97_chunk_size=32 linear_state=False raw_write=False use_split_edit=True log_decay=True
[e97-runtime] backend=hip path=e88-sequential-split-edit-triton use_triton=True use_chunked_e97=False e97_chunk_size=32 linear_state=False raw_write=False use_split_edit=True log_decay=True
[e97-runtime] backend=hip path=e88-sequential-split-edit-triton use_triton=True use_chunked_e97=False e97_chunk_size=32 linear_state=False raw_write=False use_split_edit=True log_decay=True
[e97-runtime] backend=hip path=e88-sequential-split-edit-triton use_triton=True use_chunked_e97=False e97_chunk_size=32 linear_state=False raw_write=False use_split_edit=True log_decay=True
[e97-runtime] backend=hip path=e88-sequential-split-edit-triton use_triton=True use_chunked_e97=False e97_chunk_size=32 linear_state=False raw_write=False use_split_edit=True log_decay=True
[e97-runtime] backend=hip path=e88-sequential-split-edit-triton use_triton=True use_chunked_e97=False e97_chunk_size=32 linear_state=False raw_write=False use_split_edit=True log_decay=True
[e97-runtime] backend=hip path=e88-sequential-split-edit-triton use_triton=True use_chunked_e97=False e97_chunk_size=32 linear_state=False raw_write=False use_split_edit=True log_decay=True
[e97-runtime] backend=hip path=e88-sequential-split-edit-triton use_triton=True use_chunked_e97=False e97_chunk_size=32 linear_state=False raw_write=False use_split_edit=True log_decay=True
[e97-runtime] backend=hip path=e88-sequential-split-edit-triton use_triton=True use_chunked_e97=False e97_chunk_size=32 linear_state=False raw_write=False use_split_edit=True log_decay=True
[e97-runtime] backend=hip path=e88-sequential-split-edit-triton use_triton=True use_chunked_e97=False e97_chunk_size=32 linear_state=False raw_write=False use_split_edit=True log_decay=True
[e97-runtime] backend=hip path=e88-sequential-split-edit-triton use_triton=True use_chunked_e97=False e97_chunk_size=32 linear_state=False raw_write=False use_split_edit=True log_decay=True
[e97-runtime] backend=hip path=e88-sequential-split-edit-triton use_triton=True use_chunked_e97=False e97_chunk_size=32 linear_state=False raw_write=False use_split_edit=True log_decay=True
[e97-runtime] backend=hip path=e88-sequential-split-edit-triton use_triton=True use_chunked_e97=False e97_chunk_size=32 linear_state=False raw_write=False use_split_edit=True log_decay=True
[e97-runtime] backend=hip path=e88-sequential-split-edit-triton use_triton=True use_chunked_e97=False e97_chunk_size=32 linear_state=False raw_write=False use_split_edit=True log_decay=True
[e97-runtime] backend=hip path=e88-sequential-split-edit-triton use_triton=True use_chunked_e97=False e97_chunk_size=32 linear_state=False raw_write=False use_split_edit=True log_decay=True
[e97-runtime] backend=hip path=e88-sequential-split-edit-triton use_triton=True use_chunked_e97=False e97_chunk_size=32 linear_state=False raw_write=False use_split_edit=True log_decay=True
[e97-runtime] backend=hip path=e88-sequential-split-edit-triton use_triton=True use_chunked_e97=False e97_chunk_size=32 linear_state=False raw_write=False use_split_edit=True log_decay=True
[e97-runtime] backend=hip path=e88-sequential-split-edit-triton use_triton=True use_chunked_e97=False e97_chunk_size=32 linear_state=False raw_write=False use_split_edit=True log_decay=True
[e97-runtime] backend=hip path=e88-sequential-split-edit-triton use_triton=True use_chunked_e97=False e97_chunk_size=32 linear_state=False raw_write=False use_split_edit=True log_decay=True
[e97-runtime] backend=hip path=e88-sequential-split-edit-triton use_triton=True use_chunked_e97=False e97_chunk_size=32 linear_state=False raw_write=False use_split_edit=True log_decay=True
[e97-runtime] backend=hip path=e88-sequential-split-edit-triton use_triton=True use_chunked_e97=False e97_chunk_size=32 linear_state=False raw_write=False use_split_edit=True log_decay=True
[e97-runtime] backend=hip path=e88-sequential-split-edit-triton use_triton=True use_chunked_e97=False e97_chunk_size=32 linear_state=False raw_write=False use_split_edit=True log_decay=True
[e97-runtime] backend=hip path=e88-sequential-split-edit-triton use_triton=True use_chunked_e97=False e97_chunk_size=32 linear_state=False raw_write=False use_split_edit=True log_decay=True
[e97-runtime] backend=hip path=e88-sequential-split-edit-triton use_triton=True use_chunked_e97=False e97_chunk_size=32 linear_state=False raw_write=False use_split_edit=True log_decay=True
[e97-runtime] backend=hip path=e88-sequential-split-edit-triton use_triton=True use_chunked_e97=False e97_chunk_size=32 linear_state=False raw_write=False use_split_edit=True log_decay=True
[e97-runtime] backend=hip path=e88-sequential-split-edit-triton use_triton=True use_chunked_e97=False e97_chunk_size=32 linear_state=False raw_write=False use_split_edit=True log_decay=True
[e97-runtime] backend=hip path=e88-sequential-split-edit-triton use_triton=True use_chunked_e97=False e97_chunk_size=32 linear_state=False raw_write=False use_split_edit=True log_decay=True
[e97-runtime] backend=hip path=e88-sequential-split-edit-triton use_triton=True use_chunked_e97=False e97_chunk_size=32 linear_state=False raw_write=False use_split_edit=True log_decay=True
[e97-runtime] backend=hip path=e88-sequential-split-edit-triton use_triton=True use_chunked_e97=False e97_chunk_size=32 linear_state=False raw_write=False use_split_edit=True log_decay=True
[e97-runtime] backend=hip path=e88-sequential-split-edit-triton use_triton=True use_chunked_e97=False e97_chunk_size=32 linear_state=False raw_write=False use_split_edit=True log_decay=True
[e97-runtime] backend=hip path=e88-sequential-split-edit-triton use_triton=True use_chunked_e97=False e97_chunk_size=32 linear_state=False raw_write=False use_split_edit=True log_decay=True
[e97-runtime] backend=hip path=e88-sequential-split-edit-triton use_triton=True use_chunked_e97=False e97_chunk_size=32 linear_state=False raw_write=False use_split_edit=True log_decay=True
[e97-runtime] backend=hip path=e88-sequential-split-edit-triton use_triton=True use_chunked_e97=False e97_chunk_size=32 linear_state=False raw_write=False use_split_edit=True log_decay=True
[e97-runtime] backend=hip path=e88-sequential-split-edit-triton use_triton=True use_chunked_e97=False e97_chunk_size=32 linear_state=False raw_write=False use_split_edit=True log_decay=True
[e97-runtime] backend=hip path=e88-sequential-split-edit-triton use_triton=True use_chunked_e97=False e97_chunk_size=32 linear_state=False raw_write=False use_split_edit=True log_decay=True
[e97-runtime] backend=hip path=e88-sequential-split-edit-triton use_triton=True use_chunked_e97=False e97_chunk_size=32 linear_state=False raw_write=False use_split_edit=True log_decay=True
[e97-runtime] backend=hip path=e88-sequential-split-edit-triton use_triton=True use_chunked_e97=False e97_chunk_size=32 linear_state=False raw_write=False use_split_edit=True log_decay=True
[e97-runtime] backend=hip path=e88-sequential-split-edit-triton use_triton=True use_chunked_e97=False e97_chunk_size=32 linear_state=False raw_write=False use_split_edit=True log_decay=True
[e97-runtime] backend=hip path=e88-sequential-split-edit-triton use_triton=True use_chunked_e97=False e97_chunk_size=32 linear_state=False raw_write=False use_split_edit=True log_decay=True
[e97-runtime] backend=hip path=e88-sequential-split-edit-triton use_triton=True use_chunked_e97=False e97_chunk_size=32 linear_state=False raw_write=False use_split_edit=True log_decay=True
[e97-runtime] backend=hip path=e88-sequential-split-edit-triton use_triton=True use_chunked_e97=False e97_chunk_size=32 linear_state=False raw_write=False use_split_edit=True log_decay=True
[e97-runtime] backend=hip path=e88-sequential-split-edit-triton use_triton=True use_chunked_e97=False e97_chunk_size=32 linear_state=False raw_write=False use_split_edit=True log_decay=True
[e97-runtime] backend=hip path=e88-sequential-split-edit-triton use_triton=True use_chunked_e97=False e97_chunk_size=32 linear_state=False raw_write=False use_split_edit=True log_decay=True
[e97-runtime] backend=hip path=e88-sequential-split-edit-triton use_triton=True use_chunked_e97=False e97_chunk_size=32 linear_state=False raw_write=False use_split_edit=True log_decay=True
[e97-runtime] backend=hip path=e88-sequential-split-edit-triton use_triton=True use_chunked_e97=False e97_chunk_size=32 linear_state=False raw_write=False use_split_edit=True log_decay=True
[e97-runtime] backend=hip path=e88-sequential-split-edit-triton use_triton=True use_chunked_e97=False e97_chunk_size=32 linear_state=False raw_write=False use_split_edit=True log_decay=True
[e97-runtime] backend=hip path=e88-sequential-split-edit-triton use_triton=True use_chunked_e97=False e97_chunk_size=32 linear_state=False raw_write=False use_split_edit=True log_decay=True
[e97-runtime] backend=hip path=e88-sequential-split-edit-triton use_triton=True use_chunked_e97=False e97_chunk_size=32 linear_state=False raw_write=False use_split_edit=True log_decay=True
[e97-runtime] backend=hip path=e88-sequential-split-edit-triton use_triton=True use_chunked_e97=False e97_chunk_size=32 linear_state=False raw_write=False use_split_edit=True log_decay=True
[e97-runtime] backend=hip path=e88-sequential-split-edit-triton use_triton=True use_chunked_e97=False e97_chunk_size=32 linear_state=False raw_write=False use_split_edit=True log_decay=True
[e97-runtime] backend=hip path=e88-sequential-split-edit-triton use_triton=True use_chunked_e97=False e97_chunk_size=32 linear_state=False raw_write=False use_split_edit=True log_decay=True
[e97-runtime] backend=hip path=e88-sequential-split-edit-triton use_triton=True use_chunked_e97=False e97_chunk_size=32 linear_state=False raw_write=False use_split_edit=True log_decay=True
[e97-runtime] backend=hip path=e88-sequential-split-edit-triton use_triton=True use_chunked_e97=False e97_chunk_size=32 linear_state=False raw_write=False use_split_edit=True log_decay=True
[e97-runtime] backend=hip path=e88-sequential-split-edit-triton use_triton=True use_chunked_e97=False e97_chunk_size=32 linear_state=False raw_write=False use_split_edit=True log_decay=True
[e97-runtime] backend=hip path=e88-sequential-split-edit-triton use_triton=True use_chunked_e97=False e97_chunk_size=32 linear_state=False raw_write=False use_split_edit=True log_decay=True
[e97-runtime] backend=hip path=e88-sequential-split-edit-triton use_triton=True use_chunked_e97=False e97_chunk_size=32 linear_state=False raw_write=False use_split_edit=True log_decay=True
[e97-runtime] backend=hip path=e88-sequential-split-edit-triton use_triton=True use_chunked_e97=False e97_chunk_size=32 linear_state=False raw_write=False use_split_edit=True log_decay=True
[e97-runtime] backend=hip path=e88-sequential-split-edit-triton use_triton=True use_chunked_e97=False e97_chunk_size=32 linear_state=False raw_write=False use_split_edit=True log_decay=True
[e97-runtime] backend=hip path=e88-sequential-split-edit-triton use_triton=True use_chunked_e97=False e97_chunk_size=32 linear_state=False raw_write=False use_split_edit=True log_decay=True
[e97-runtime] backend=hip path=e88-sequential-split-edit-triton use_triton=True use_chunked_e97=False e97_chunk_size=32 linear_state=False raw_write=False use_split_edit=True log_decay=True
[e97-runtime] backend=hip path=e88-sequential-split-edit-triton use_triton=True use_chunked_e97=False e97_chunk_size=32 linear_state=False raw_write=False use_split_edit=True log_decay=True
[e97-runtime] backend=hip path=e88-sequential-split-edit-triton use_triton=True use_chunked_e97=False e97_chunk_size=32 linear_state=False raw_write=False use_split_edit=True log_decay=True
[e97-runtime] backend=hip path=e88-sequential-split-edit-triton use_triton=True use_chunked_e97=False e97_chunk_size=32 linear_state=False raw_write=False use_split_edit=True log_decay=True
[e97-runtime] backend=hip path=e88-sequential-split-edit-triton use_triton=True use_chunked_e97=False e97_chunk_size=32 linear_state=False raw_write=False use_split_edit=True log_decay=True
[e97-runtime] backend=hip path=e88-sequential-split-edit-triton use_triton=True use_chunked_e97=False e97_chunk_size=32 linear_state=False raw_write=False use_split_edit=True log_decay=True
[e97-runtime] backend=hip path=e88-sequential-split-edit-triton use_triton=True use_chunked_e97=False e97_chunk_size=32 linear_state=False raw_write=False use_split_edit=True log_decay=True
[e97-runtime] backend=hip path=e88-sequential-split-edit-triton use_triton=True use_chunked_e97=False e97_chunk_size=32 linear_state=False raw_write=False use_split_edit=True log_decay=True
[e97-runtime] backend=hip path=e88-sequential-split-edit-triton use_triton=True use_chunked_e97=False e97_chunk_size=32 linear_state=False raw_write=False use_split_edit=True log_decay=True
[e97-runtime] backend=hip path=e88-sequential-split-edit-triton use_triton=True use_chunked_e97=False e97_chunk_size=32 linear_state=False raw_write=False use_split_edit=True log_decay=True
[e97-runtime] backend=hip path=e88-sequential-split-edit-triton use_triton=True use_chunked_e97=False e97_chunk_size=32 linear_state=False raw_write=False use_split_edit=True log_decay=True
[e97-runtime] backend=hip path=e88-sequential-split-edit-triton use_triton=True use_chunked_e97=False e97_chunk_size=32 linear_state=False raw_write=False use_split_edit=True log_decay=True
[e97-runtime] backend=hip path=e88-sequential-split-edit-triton use_triton=True use_chunked_e97=False e97_chunk_size=32 linear_state=False raw_write=False use_split_edit=True log_decay=True
[e97-runtime] backend=hip path=e88-sequential-split-edit-triton use_triton=True use_chunked_e97=False e97_chunk_size=32 linear_state=False raw_write=False use_split_edit=True log_decay=True
[e97-runtime] backend=hip path=e88-sequential-split-edit-triton use_triton=True use_chunked_e97=False e97_chunk_size=32 linear_state=False raw_write=False use_split_edit=True log_decay=True
[e97-runtime] backend=hip path=e88-sequential-split-edit-triton use_triton=True use_chunked_e97=False e97_chunk_size=32 linear_state=False raw_write=False use_split_edit=True log_decay=True
[e97-runtime] backend=hip path=e88-sequential-split-edit-triton use_triton=True use_chunked_e97=False e97_chunk_size=32 linear_state=False raw_write=False use_split_edit=True log_decay=True
[e97-runtime] backend=hip path=e88-sequential-split-edit-triton use_triton=True use_chunked_e97=False e97_chunk_size=32 linear_state=False raw_write=False use_split_edit=True log_decay=True
[e97-runtime] backend=hip path=e88-sequential-split-edit-triton use_triton=True use_chunked_e97=False e97_chunk_size=32 linear_state=False raw_write=False use_split_edit=True log_decay=True
[e97-runtime] backend=hip path=e88-sequential-split-edit-triton use_triton=True use_chunked_e97=False e97_chunk_size=32 linear_state=False raw_write=False use_split_edit=True log_decay=True
[e97-runtime] backend=hip path=e88-sequential-split-edit-triton use_triton=True use_chunked_e97=False e97_chunk_size=32 linear_state=False raw_write=False use_split_edit=True log_decay=True
[e97-runtime] backend=hip path=e88-sequential-split-edit-triton use_triton=True use_chunked_e97=False e97_chunk_size=32 linear_state=False raw_write=False use_split_edit=True log_decay=True
[e97-runtime] backend=hip path=e88-sequential-split-edit-triton use_triton=True use_chunked_e97=False e97_chunk_size=32 linear_state=False raw_write=False use_split_edit=True log_decay=True
[e97-runtime] backend=hip path=e88-sequential-split-edit-triton use_triton=True use_chunked_e97=False e97_chunk_size=32 linear_state=False raw_write=False use_split_edit=True log_decay=True
[e97-runtime] backend=hip path=e88-sequential-split-edit-triton use_triton=True use_chunked_e97=False e97_chunk_size=32 linear_state=False raw_write=False use_split_edit=True log_decay=True
[e97-runtime] backend=hip path=e88-sequential-split-edit-triton use_triton=True use_chunked_e97=False e97_chunk_size=32 linear_state=False raw_write=False use_split_edit=True log_decay=True
[e97-runtime] backend=hip path=e88-sequential-split-edit-triton use_triton=True use_chunked_e97=False e97_chunk_size=32 linear_state=False raw_write=False use_split_edit=True log_decay=True
[e97-runtime] backend=hip path=e88-sequential-split-edit-triton use_triton=True use_chunked_e97=False e97_chunk_size=32 linear_state=False raw_write=False use_split_edit=True log_decay=True
[e97-runtime] backend=hip path=e88-sequential-split-edit-triton use_triton=True use_chunked_e97=False e97_chunk_size=32 linear_state=False raw_write=False use_split_edit=True log_decay=True
[e97-runtime] backend=hip path=e88-sequential-split-edit-triton use_triton=True use_chunked_e97=False e97_chunk_size=32 linear_state=False raw_write=False use_split_edit=True log_decay=True
[e97-runtime] backend=hip path=e88-sequential-split-edit-triton use_triton=True use_chunked_e97=False e97_chunk_size=32 linear_state=False raw_write=False use_split_edit=True log_decay=True
[e97-runtime] backend=hip path=e88-sequential-split-edit-triton use_triton=True use_chunked_e97=False e97_chunk_size=32 linear_state=False raw_write=False use_split_edit=True log_decay=True
[e97-runtime] backend=hip path=e88-sequential-split-edit-triton use_triton=True use_chunked_e97=False e97_chunk_size=32 linear_state=False raw_write=False use_split_edit=True log_decay=True
[e97-runtime] backend=hip path=e88-sequential-split-edit-triton use_triton=True use_chunked_e97=False e97_chunk_size=32 linear_state=False raw_write=False use_split_edit=True log_decay=True
[e97-runtime] backend=hip path=e88-sequential-split-edit-triton use_triton=True use_chunked_e97=False e97_chunk_size=32 linear_state=False raw_write=False use_split_edit=True log_decay=True
[e97-runtime] backend=hip path=e88-sequential-split-edit-triton use_triton=True use_chunked_e97=False e97_chunk_size=32 linear_state=False raw_write=False use_split_edit=True log_decay=True
[e97-runtime] backend=hip path=e88-sequential-split-edit-triton use_triton=True use_chunked_e97=False e97_chunk_size=32 linear_state=False raw_write=False use_split_edit=True log_decay=True
[e97-runtime] backend=hip path=e88-sequential-split-edit-triton use_triton=True use_chunked_e97=False e97_chunk_size=32 linear_state=False raw_write=False use_split_edit=True log_decay=True
[e97-runtime] backend=hip path=e88-sequential-split-edit-triton use_triton=True use_chunked_e97=False e97_chunk_size=32 linear_state=False raw_write=False use_split_edit=True log_decay=True
[e97-runtime] backend=hip path=e88-sequential-split-edit-triton use_triton=True use_chunked_e97=False e97_chunk_size=32 linear_state=False raw_write=False use_split_edit=True log_decay=True
[e97-runtime] backend=hip path=e88-sequential-split-edit-triton use_triton=True use_chunked_e97=False e97_chunk_size=32 linear_state=False raw_write=False use_split_edit=True log_decay=True
[e97-runtime] backend=hip path=e88-sequential-split-edit-triton use_triton=True use_chunked_e97=False e97_chunk_size=32 linear_state=False raw_write=False use_split_edit=True log_decay=True
[e97-runtime] backend=hip path=e88-sequential-split-edit-triton use_triton=True use_chunked_e97=False e97_chunk_size=32 linear_state=False raw_write=False use_split_edit=True log_decay=True
[e97-runtime] backend=hip path=e88-sequential-split-edit-triton use_triton=True use_chunked_e97=False e97_chunk_size=32 linear_state=False raw_write=False use_split_edit=True log_decay=True
[e97-runtime] backend=hip path=e88-sequential-split-edit-triton use_triton=True use_chunked_e97=False e97_chunk_size=32 linear_state=False raw_write=False use_split_edit=True log_decay=True
[e97-runtime] backend=hip path=e88-sequential-split-edit-triton use_triton=True use_chunked_e97=False e97_chunk_size=32 linear_state=False raw_write=False use_split_edit=True log_decay=True
[e97-runtime] backend=hip path=e88-sequential-split-edit-triton use_triton=True use_chunked_e97=False e97_chunk_size=32 linear_state=False raw_write=False use_split_edit=True log_decay=True
[e97-runtime] backend=hip path=e88-sequential-split-edit-triton use_triton=True use_chunked_e97=False e97_chunk_size=32 linear_state=False raw_write=False use_split_edit=True log_decay=True
[e97-runtime] backend=hip path=e88-sequential-split-edit-triton use_triton=True use_chunked_e97=False e97_chunk_size=32 linear_state=False raw_write=False use_split_edit=True log_decay=True
[e97-runtime] backend=hip path=e88-sequential-split-edit-triton use_triton=True use_chunked_e97=False e97_chunk_size=32 linear_state=False raw_write=False use_split_edit=True log_decay=True
[e97-runtime] backend=hip path=e88-sequential-split-edit-triton use_triton=True use_chunked_e97=False e97_chunk_size=32 linear_state=False raw_write=False use_split_edit=True log_decay=True
[e97-runtime] backend=hip path=e88-sequential-split-edit-triton use_triton=True use_chunked_e97=False e97_chunk_size=32 linear_state=False raw_write=False use_split_edit=True log_decay=True
[e97-runtime] backend=hip path=e88-sequential-split-edit-triton use_triton=True use_chunked_e97=False e97_chunk_size=32 linear_state=False raw_write=False use_split_edit=True log_decay=True
[e97-runtime] backend=hip path=e88-sequential-split-edit-triton use_triton=True use_chunked_e97=False e97_chunk_size=32 linear_state=False raw_write=False use_split_edit=True log_decay=True
[e97-runtime] backend=hip path=e88-sequential-split-edit-triton use_triton=True use_chunked_e97=False e97_chunk_size=32 linear_state=False raw_write=False use_split_edit=True log_decay=True
[e97-runtime] backend=hip path=e88-sequential-split-edit-triton use_triton=True use_chunked_e97=False e97_chunk_size=32 linear_state=False raw_write=False use_split_edit=True log_decay=True
[e97-runtime] backend=hip path=e88-sequential-split-edit-triton use_triton=True use_chunked_e97=False e97_chunk_size=32 linear_state=False raw_write=False use_split_edit=True log_decay=True
[e97-runtime] backend=hip path=e88-sequential-split-edit-triton use_triton=True use_chunked_e97=False e97_chunk_size=32 linear_state=False raw_write=False use_split_edit=True log_decay=True
[e97-runtime] backend=hip path=e88-sequential-split-edit-triton use_triton=True use_chunked_e97=False e97_chunk_size=32 linear_state=False raw_write=False use_split_edit=True log_decay=True
[e97-runtime] backend=hip path=e88-sequential-split-edit-triton use_triton=True use_chunked_e97=False e97_chunk_size=32 linear_state=False raw_write=False use_split_edit=True log_decay=True
[e97-runtime] backend=hip path=e88-sequential-split-edit-triton use_triton=True use_chunked_e97=False e97_chunk_size=32 linear_state=False raw_write=False use_split_edit=True log_decay=True
[e97-runtime] backend=hip path=e88-sequential-split-edit-triton use_triton=True use_chunked_e97=False e97_chunk_size=32 linear_state=False raw_write=False use_split_edit=True log_decay=True
[e97-runtime] backend=hip path=e88-sequential-split-edit-triton use_triton=True use_chunked_e97=False e97_chunk_size=32 linear_state=False raw_write=False use_split_edit=True log_decay=True
[e97-runtime] backend=hip path=e88-sequential-split-edit-triton use_triton=True use_chunked_e97=False e97_chunk_size=32 linear_state=False raw_write=False use_split_edit=True log_decay=True
[e97-runtime] backend=hip path=e88-sequential-split-edit-triton use_triton=True use_chunked_e97=False e97_chunk_size=32 linear_state=False raw_write=False use_split_edit=True log_decay=True
[e97-runtime] backend=hip path=e88-sequential-split-edit-triton use_triton=True use_chunked_e97=False e97_chunk_size=32 linear_state=False raw_write=False use_split_edit=True log_decay=True
[e97-runtime] backend=hip path=e88-sequential-split-edit-triton use_triton=True use_chunked_e97=False e97_chunk_size=32 linear_state=False raw_write=False use_split_edit=True log_decay=True
[e97-runtime] backend=hip path=e88-sequential-split-edit-triton use_triton=True use_chunked_e97=False e97_chunk_size=32 linear_state=False raw_write=False use_split_edit=True log_decay=True
[e97-runtime] backend=hip path=e88-sequential-split-edit-triton use_triton=True use_chunked_e97=False e97_chunk_size=32 linear_state=False raw_write=False use_split_edit=True log_decay=True
[e97-runtime] backend=hip path=e88-sequential-split-edit-triton use_triton=True use_chunked_e97=False e97_chunk_size=32 linear_state=False raw_write=False use_split_edit=True log_decay=True
[e97-runtime] backend=hip path=e88-sequential-split-edit-triton use_triton=True use_chunked_e97=False e97_chunk_size=32 linear_state=False raw_write=False use_split_edit=True log_decay=True
[e97-runtime] backend=hip path=e88-sequential-split-edit-triton use_triton=True use_chunked_e97=False e97_chunk_size=32 linear_state=False raw_write=False use_split_edit=True log_decay=True
[e97-runtime] backend=hip path=e88-sequential-split-edit-triton use_triton=True use_chunked_e97=False e97_chunk_size=32 linear_state=False raw_write=False use_split_edit=True log_decay=True
[e97-runtime] backend=hip path=e88-sequential-split-edit-triton use_triton=True use_chunked_e97=False e97_chunk_size=32 linear_state=False raw_write=False use_split_edit=True log_decay=True
[e97-runtime] backend=hip path=e88-sequential-split-edit-triton use_triton=True use_chunked_e97=False e97_chunk_size=32 linear_state=False raw_write=False use_split_edit=True log_decay=True
[e97-runtime] backend=hip path=e88-sequential-split-edit-triton use_triton=True use_chunked_e97=False e97_chunk_size=32 linear_state=False raw_write=False use_split_edit=True log_decay=True
[e97-runtime] backend=hip path=e88-sequential-split-edit-triton use_triton=True use_chunked_e97=False e97_chunk_size=32 linear_state=False raw_write=False use_split_edit=True log_decay=True
[e97-runtime] backend=hip path=e88-sequential-split-edit-triton use_triton=True use_chunked_e97=False e97_chunk_size=32 linear_state=False raw_write=False use_split_edit=True log_decay=True
[e97-runtime] backend=hip path=e88-sequential-split-edit-triton use_triton=True use_chunked_e97=False e97_chunk_size=32 linear_state=False raw_write=False use_split_edit=True log_decay=True
[e97-runtime] backend=hip path=e88-sequential-split-edit-triton use_triton=True use_chunked_e97=False e97_chunk_size=32 linear_state=False raw_write=False use_split_edit=True log_decay=True
[e97-runtime] backend=hip path=e88-sequential-split-edit-triton use_triton=True use_chunked_e97=False e97_chunk_size=32 linear_state=False raw_write=False use_split_edit=True log_decay=True
[e97-runtime] backend=hip path=e88-sequential-split-edit-triton use_triton=True use_chunked_e97=False e97_chunk_size=32 linear_state=False raw_write=False use_split_edit=True log_decay=True
[e97-runtime] backend=hip path=e88-sequential-split-edit-triton use_triton=True use_chunked_e97=False e97_chunk_size=32 linear_state=False raw_write=False use_split_edit=True log_decay=True
[e97-runtime] backend=hip path=e88-sequential-split-edit-triton use_triton=True use_chunked_e97=False e97_chunk_size=32 linear_state=False raw_write=False use_split_edit=True log_decay=True
[e97-runtime] backend=hip path=e88-sequential-split-edit-triton use_triton=True use_chunked_e97=False e97_chunk_size=32 linear_state=False raw_write=False use_split_edit=True log_decay=True
[e97-runtime] backend=hip path=e88-sequential-split-edit-triton use_triton=True use_chunked_e97=False e97_chunk_size=32 linear_state=False raw_write=False use_split_edit=True log_decay=True
[e97-runtime] backend=hip path=e88-sequential-split-edit-triton use_triton=True use_chunked_e97=False e97_chunk_size=32 linear_state=False raw_write=False use_split_edit=True log_decay=True
[e97-runtime] backend=hip path=e88-sequential-split-edit-triton use_triton=True use_chunked_e97=False e97_chunk_size=32 linear_state=False raw_write=False use_split_edit=True log_decay=True
[e97-runtime] backend=hip path=e88-sequential-split-edit-triton use_triton=True use_chunked_e97=False e97_chunk_size=32 linear_state=False raw_write=False use_split_edit=True log_decay=True
[e97-runtime] backend=hip path=e88-sequential-split-edit-triton use_triton=True use_chunked_e97=False e97_chunk_size=32 linear_state=False raw_write=False use_split_edit=True log_decay=True
[e97-runtime] backend=hip path=e88-sequential-split-edit-triton use_triton=True use_chunked_e97=False e97_chunk_size=32 linear_state=False raw_write=False use_split_edit=True log_decay=True
[e97-runtime] backend=hip path=e88-sequential-split-edit-triton use_triton=True use_chunked_e97=False e97_chunk_size=32 linear_state=False raw_write=False use_split_edit=True log_decay=True
[e97-runtime] backend=hip path=e88-sequential-split-edit-triton use_triton=True use_chunked_e97=False e97_chunk_size=32 linear_state=False raw_write=False use_split_edit=True log_decay=True
[e97-runtime] backend=hip path=e88-sequential-split-edit-triton use_triton=True use_chunked_e97=False e97_chunk_size=32 linear_state=False raw_write=False use_split_edit=True log_decay=True
[e97-runtime] backend=hip path=e88-sequential-split-edit-triton use_triton=True use_chunked_e97=False e97_chunk_size=32 linear_state=False raw_write=False use_split_edit=True log_decay=True
[e97-runtime] backend=hip path=e88-sequential-split-edit-triton use_triton=True use_chunked_e97=False e97_chunk_size=32 linear_state=False raw_write=False use_split_edit=True log_decay=True
[e97-runtime] backend=hip path=e88-sequential-split-edit-triton use_triton=True use_chunked_e97=False e97_chunk_size=32 linear_state=False raw_write=False use_split_edit=True log_decay=True
[e97-runtime] backend=hip path=e88-sequential-split-edit-triton use_triton=True use_chunked_e97=False e97_chunk_size=32 linear_state=False raw_write=False use_split_edit=True log_decay=True
[e97-runtime] backend=hip path=e88-sequential-split-edit-triton use_triton=True use_chunked_e97=False e97_chunk_size=32 linear_state=False raw_write=False use_split_edit=True log_decay=True
[e97-runtime] backend=hip path=e88-sequential-split-edit-triton use_triton=True use_chunked_e97=False e97_chunk_size=32 linear_state=False raw_write=False use_split_edit=True log_decay=True
[e97-runtime] backend=hip path=e88-sequential-split-edit-triton use_triton=True use_chunked_e97=False e97_chunk_size=32 linear_state=False raw_write=False use_split_edit=True log_decay=True
[e97-runtime] backend=hip path=e88-sequential-split-edit-triton use_triton=True use_chunked_e97=False e97_chunk_size=32 linear_state=False raw_write=False use_split_edit=True log_decay=True
[e97-runtime] backend=hip path=e88-sequential-split-edit-triton use_triton=True use_chunked_e97=False e97_chunk_size=32 linear_state=False raw_write=False use_split_edit=True log_decay=True
[e97-runtime] backend=hip path=e88-sequential-split-edit-triton use_triton=True use_chunked_e97=False e97_chunk_size=32 linear_state=False raw_write=False use_split_edit=True log_decay=True
[e97-runtime] backend=hip path=e88-sequential-split-edit-triton use_triton=True use_chunked_e97=False e97_chunk_size=32 linear_state=False raw_write=False use_split_edit=True log_decay=True
[e97-runtime] backend=hip path=e88-sequential-split-edit-triton use_triton=True use_chunked_e97=False e97_chunk_size=32 linear_state=False raw_write=False use_split_edit=True log_decay=True
[e97-runtime] backend=hip path=e88-sequential-split-edit-triton use_triton=True use_chunked_e97=False e97_chunk_size=32 linear_state=False raw_write=False use_split_edit=True log_decay=True
[e97-runtime] backend=hip path=e88-sequential-split-edit-triton use_triton=True use_chunked_e97=False e97_chunk_size=32 linear_state=False raw_write=False use_split_edit=True log_decay=True
[e97-runtime] backend=hip path=e88-sequential-split-edit-triton use_triton=True use_chunked_e97=False e97_chunk_size=32 linear_state=False raw_write=False use_split_edit=True log_decay=True
[e97-runtime] backend=hip path=e88-sequential-split-edit-triton use_triton=True use_chunked_e97=False e97_chunk_size=32 linear_state=False raw_write=False use_split_edit=True log_decay=True
[e97-runtime] backend=hip path=e88-sequential-split-edit-triton use_triton=True use_chunked_e97=False e97_chunk_size=32 linear_state=False raw_write=False use_split_edit=True log_decay=True
[e97-runtime] backend=hip path=e88-sequential-split-edit-triton use_triton=True use_chunked_e97=False e97_chunk_size=32 linear_state=False raw_write=False use_split_edit=True log_decay=True
[e97-runtime] backend=hip path=e88-sequential-split-edit-triton use_triton=True use_chunked_e97=False e97_chunk_size=32 linear_state=False raw_write=False use_split_edit=True log_decay=True
[e97-runtime] backend=hip path=e88-sequential-split-edit-triton use_triton=True use_chunked_e97=False e97_chunk_size=32 linear_state=False raw_write=False use_split_edit=True log_decay=True
[e97-runtime] backend=hip path=e88-sequential-split-edit-triton use_triton=True use_chunked_e97=False e97_chunk_size=32 linear_state=False raw_write=False use_split_edit=True log_decay=True
[e97-runtime] backend=hip path=e88-sequential-split-edit-triton use_triton=True use_chunked_e97=False e97_chunk_size=32 linear_state=False raw_write=False use_split_edit=True log_decay=True
[e97-runtime] backend=hip path=e88-sequential-split-edit-triton use_triton=True use_chunked_e97=False e97_chunk_size=32 linear_state=False raw_write=False use_split_edit=True log_decay=True
[e97-runtime] backend=hip path=e88-sequential-split-edit-triton use_triton=True use_chunked_e97=False e97_chunk_size=32 linear_state=False raw_write=False use_split_edit=True log_decay=True
[e97-runtime] backend=hip path=e88-sequential-split-edit-triton use_triton=True use_chunked_e97=False e97_chunk_size=32 linear_state=False raw_write=False use_split_edit=True log_decay=True
[e97-runtime] backend=hip path=e88-sequential-split-edit-triton use_triton=True use_chunked_e97=False e97_chunk_size=32 linear_state=False raw_write=False use_split_edit=True log_decay=True
[e97-runtime] backend=hip path=e88-sequential-split-edit-triton use_triton=True use_chunked_e97=False e97_chunk_size=32 linear_state=False raw_write=False use_split_edit=True log_decay=True
[e97-runtime] backend=hip path=e88-sequential-split-edit-triton use_triton=True use_chunked_e97=False e97_chunk_size=32 linear_state=False raw_write=False use_split_edit=True log_decay=True
[e97-runtime] backend=hip path=e88-sequential-split-edit-triton use_triton=True use_chunked_e97=False e97_chunk_size=32 linear_state=False raw_write=False use_split_edit=True log_decay=True
[e97-runtime] backend=hip path=e88-sequential-split-edit-triton use_triton=True use_chunked_e97=False e97_chunk_size=32 linear_state=False raw_write=False use_split_edit=True log_decay=True
[e97-runtime] backend=hip path=e88-sequential-split-edit-triton use_triton=True use_chunked_e97=False e97_chunk_size=32 linear_state=False raw_write=False use_split_edit=True log_decay=True
[e97-runtime] backend=hip path=e88-sequential-split-edit-triton use_triton=True use_chunked_e97=False e97_chunk_size=32 linear_state=False raw_write=False use_split_edit=True log_decay=True
[e97-runtime] backend=hip path=e88-sequential-split-edit-triton use_triton=True use_chunked_e97=False e97_chunk_size=32 linear_state=False raw_write=False use_split_edit=True log_decay=True
[e97-runtime] backend=hip path=e88-sequential-split-edit-triton use_triton=True use_chunked_e97=False e97_chunk_size=32 linear_state=False raw_write=False use_split_edit=True log_decay=True
[e97-runtime] backend=hip path=e88-sequential-split-edit-triton use_triton=True use_chunked_e97=False e97_chunk_size=32 linear_state=False raw_write=False use_split_edit=True log_decay=True
[e97-runtime] backend=hip path=e88-sequential-split-edit-triton use_triton=True use_chunked_e97=False e97_chunk_size=32 linear_state=False raw_write=False use_split_edit=True log_decay=True
[e97-runtime] backend=hip path=e88-sequential-split-edit-triton use_triton=True use_chunked_e97=False e97_chunk_size=32 linear_state=False raw_write=False use_split_edit=True log_decay=True
[e97-runtime] backend=hip path=e88-sequential-split-edit-triton use_triton=True use_chunked_e97=False e97_chunk_size=32 linear_state=False raw_write=False use_split_edit=True log_decay=True
[e97-runtime] backend=hip path=e88-sequential-split-edit-triton use_triton=True use_chunked_e97=False e97_chunk_size=32 linear_state=False raw_write=False use_split_edit=True log_decay=True
[e97-runtime] backend=hip path=e88-sequential-split-edit-triton use_triton=True use_chunked_e97=False e97_chunk_size=32 linear_state=False raw_write=False use_split_edit=True log_decay=True
[e97-runtime] backend=hip path=e88-sequential-split-edit-triton use_triton=True use_chunked_e97=False e97_chunk_size=32 linear_state=False raw_write=False use_split_edit=True log_decay=True
[e97-runtime] backend=hip path=e88-sequential-split-edit-triton use_triton=True use_chunked_e97=False e97_chunk_size=32 linear_state=False raw_write=False use_split_edit=True log_decay=True
[e97-runtime] backend=hip path=e88-sequential-split-edit-triton use_triton=True use_chunked_e97=False e97_chunk_size=32 linear_state=False raw_write=False use_split_edit=True log_decay=True
[e97-runtime] backend=hip path=e88-sequential-split-edit-triton use_triton=True use_chunked_e97=False e97_chunk_size=32 linear_state=False raw_write=False use_split_edit=True log_decay=True
[e97-runtime] backend=hip path=e88-sequential-split-edit-triton use_triton=True use_chunked_e97=False e97_chunk_size=32 linear_state=False raw_write=False use_split_edit=True log_decay=True
[e97-runtime] backend=hip path=e88-sequential-split-edit-triton use_triton=True use_chunked_e97=False e97_chunk_size=32 linear_state=False raw_write=False use_split_edit=True log_decay=True
[e97-runtime] backend=hip path=e88-sequential-split-edit-triton use_triton=True use_chunked_e97=False e97_chunk_size=32 linear_state=False raw_write=False use_split_edit=True log_decay=True
[e97-runtime] backend=hip path=e88-sequential-split-edit-triton use_triton=True use_chunked_e97=False e97_chunk_size=32 linear_state=False raw_write=False use_split_edit=True log_decay=True
[e97-runtime] backend=hip path=e88-sequential-split-edit-triton use_triton=True use_chunked_e97=False e97_chunk_size=32 linear_state=False raw_write=False use_split_edit=True log_decay=True
[e97-runtime] backend=hip path=e88-sequential-split-edit-triton use_triton=True use_chunked_e97=False e97_chunk_size=32 linear_state=False raw_write=False use_split_edit=True log_decay=True
[e97-runtime] backend=hip path=e88-sequential-split-edit-triton use_triton=True use_chunked_e97=False e97_chunk_size=32 linear_state=False raw_write=False use_split_edit=True log_decay=True
[e97-runtime] backend=hip path=e88-sequential-split-edit-triton use_triton=True use_chunked_e97=False e97_chunk_size=32 linear_state=False raw_write=False use_split_edit=True log_decay=True
[e97-runtime] backend=hip path=e88-sequential-split-edit-triton use_triton=True use_chunked_e97=False e97_chunk_size=32 linear_state=False raw_write=False use_split_edit=True log_decay=True
[e97-runtime] backend=hip path=e88-sequential-split-edit-triton use_triton=True use_chunked_e97=False e97_chunk_size=32 linear_state=False raw_write=False use_split_edit=True log_decay=True
[e97-runtime] backend=hip path=e88-sequential-split-edit-triton use_triton=True use_chunked_e97=False e97_chunk_size=32 linear_state=False raw_write=False use_split_edit=True log_decay=True
[e97-runtime] backend=hip path=e88-sequential-split-edit-triton use_triton=True use_chunked_e97=False e97_chunk_size=32 linear_state=False raw_write=False use_split_edit=True log_decay=True
[e97-runtime] backend=hip path=e88-sequential-split-edit-triton use_triton=True use_chunked_e97=False e97_chunk_size=32 linear_state=False raw_write=False use_split_edit=True log_decay=True
[e97-runtime] backend=hip path=e88-sequential-split-edit-triton use_triton=True use_chunked_e97=False e97_chunk_size=32 linear_state=False raw_write=False use_split_edit=True log_decay=True
[e97-runtime] backend=hip path=e88-sequential-split-edit-triton use_triton=True use_chunked_e97=False e97_chunk_size=32 linear_state=False raw_write=False use_split_edit=True log_decay=True
[e97-runtime] backend=hip path=e88-sequential-split-edit-triton use_triton=True use_chunked_e97=False e97_chunk_size=32 linear_state=False raw_write=False use_split_edit=True log_decay=True
[e97-runtime] backend=hip path=e88-sequential-split-edit-triton use_triton=True use_chunked_e97=False e97_chunk_size=32 linear_state=False raw_write=False use_split_edit=True log_decay=True
[e97-runtime] backend=hip path=e88-sequential-split-edit-triton use_triton=True use_chunked_e97=False e97_chunk_size=32 linear_state=False raw_write=False use_split_edit=True log_decay=True
[e97-runtime] backend=hip path=e88-sequential-split-edit-triton use_triton=True use_chunked_e97=False e97_chunk_size=32 linear_state=False raw_write=False use_split_edit=True log_decay=True
[e97-runtime] backend=hip path=e88-sequential-split-edit-triton use_triton=True use_chunked_e97=False e97_chunk_size=32 linear_state=False raw_write=False use_split_edit=True log_decay=True
[e97-runtime] backend=hip path=e88-sequential-split-edit-triton use_triton=True use_chunked_e97=False e97_chunk_size=32 linear_state=False raw_write=False use_split_edit=True log_decay=True
[e97-runtime] backend=hip path=e88-sequential-split-edit-triton use_triton=True use_chunked_e97=False e97_chunk_size=32 linear_state=False raw_write=False use_split_edit=True log_decay=True
[e97-runtime] backend=hip path=e88-sequential-split-edit-triton use_triton=True use_chunked_e97=False e97_chunk_size=32 linear_state=False raw_write=False use_split_edit=True log_decay=True
[e97-runtime] backend=hip path=e88-sequential-split-edit-triton use_triton=True use_chunked_e97=False e97_chunk_size=32 linear_state=False raw_write=False use_split_edit=True log_decay=True
[e97-runtime] backend=hip path=e88-sequential-split-edit-triton use_triton=True use_chunked_e97=False e97_chunk_size=32 linear_state=False raw_write=False use_split_edit=True log_decay=True
[e97-runtime] backend=hip path=e88-sequential-split-edit-triton use_triton=True use_chunked_e97=False e97_chunk_size=32 linear_state=False raw_write=False use_split_edit=True log_decay=True
[e97-runtime] backend=hip path=e88-sequential-split-edit-triton use_triton=True use_chunked_e97=False e97_chunk_size=32 linear_state=False raw_write=False use_split_edit=True log_decay=True
[e97-runtime] backend=hip path=e88-sequential-split-edit-triton use_triton=True use_chunked_e97=False e97_chunk_size=32 linear_state=False raw_write=False use_split_edit=True log_decay=True
[e97-runtime] backend=hip path=e88-sequential-split-edit-triton use_triton=True use_chunked_e97=False e97_chunk_size=32 linear_state=False raw_write=False use_split_edit=True log_decay=True
[e97-runtime] backend=hip path=e88-sequential-split-edit-triton use_triton=True use_chunked_e97=False e97_chunk_size=32 linear_state=False raw_write=False use_split_edit=True log_decay=True
[e97-runtime] backend=hip path=e88-sequential-split-edit-triton use_triton=True use_chunked_e97=False e97_chunk_size=32 linear_state=False raw_write=False use_split_edit=True log_decay=True
[e97-runtime] backend=hip path=e88-sequential-split-edit-triton use_triton=True use_chunked_e97=False e97_chunk_size=32 linear_state=False raw_write=False use_split_edit=True log_decay=True
[e97-runtime] backend=hip path=e88-sequential-split-edit-triton use_triton=True use_chunked_e97=False e97_chunk_size=32 linear_state=False raw_write=False use_split_edit=True log_decay=True
[e97-runtime] backend=hip path=e88-sequential-split-edit-triton use_triton=True use_chunked_e97=False e97_chunk_size=32 linear_state=False raw_write=False use_split_edit=True log_decay=True
[e97-runtime] backend=hip path=e88-sequential-split-edit-triton use_triton=True use_chunked_e97=False e97_chunk_size=32 linear_state=False raw_write=False use_split_edit=True log_decay=True
[e97-runtime] backend=hip path=e88-sequential-split-edit-triton use_triton=True use_chunked_e97=False e97_chunk_size=32 linear_state=False raw_write=False use_split_edit=True log_decay=True
[e97-runtime] backend=hip path=e88-sequential-split-edit-triton use_triton=True use_chunked_e97=False e97_chunk_size=32 linear_state=False raw_write=False use_split_edit=True log_decay=True
[e97-runtime] backend=hip path=e88-sequential-split-edit-triton use_triton=True use_chunked_e97=False e97_chunk_size=32 linear_state=False raw_write=False use_split_edit=True log_decay=True
[e97-runtime] backend=hip path=e88-sequential-split-edit-triton use_triton=True use_chunked_e97=False e97_chunk_size=32 linear_state=False raw_write=False use_split_edit=True log_decay=True
[e97-runtime] backend=hip path=e88-sequential-split-edit-triton use_triton=True use_chunked_e97=False e97_chunk_size=32 linear_state=False raw_write=False use_split_edit=True log_decay=True
[e97-runtime] backend=hip path=e88-sequential-split-edit-triton use_triton=True use_chunked_e97=False e97_chunk_size=32 linear_state=False raw_write=False use_split_edit=True log_decay=True
[e97-runtime] backend=hip path=e88-sequential-split-edit-triton use_triton=True use_chunked_e97=False e97_chunk_size=32 linear_state=False raw_write=False use_split_edit=True log_decay=True
[e97-runtime] backend=hip path=e88-sequential-split-edit-triton use_triton=True use_chunked_e97=False e97_chunk_size=32 linear_state=False raw_write=False use_split_edit=True log_decay=True
[e97-runtime] backend=hip path=e88-sequential-split-edit-triton use_triton=True use_chunked_e97=False e97_chunk_size=32 linear_state=False raw_write=False use_split_edit=True log_decay=True
[e97-runtime] backend=hip path=e88-sequential-split-edit-triton use_triton=True use_chunked_e97=False e97_chunk_size=32 linear_state=False raw_write=False use_split_edit=True log_decay=True
[e97-runtime] backend=hip path=e88-sequential-split-edit-triton use_triton=True use_chunked_e97=False e97_chunk_size=32 linear_state=False raw_write=False use_split_edit=True log_decay=True
[e97-runtime] backend=hip path=e88-sequential-split-edit-triton use_triton=True use_chunked_e97=False e97_chunk_size=32 linear_state=False raw_write=False use_split_edit=True log_decay=True
[e97-runtime] backend=hip path=e88-sequential-split-edit-triton use_triton=True use_chunked_e97=False e97_chunk_size=32 linear_state=False raw_write=False use_split_edit=True log_decay=True
[e97-runtime] backend=hip path=e88-sequential-split-edit-triton use_triton=True use_chunked_e97=False e97_chunk_size=32 linear_state=False raw_write=False use_split_edit=True log_decay=True
[e97-runtime] backend=hip path=e88-sequential-split-edit-triton use_triton=True use_chunked_e97=False e97_chunk_size=32 linear_state=False raw_write=False use_split_edit=True log_decay=True
[e97-runtime] backend=hip path=e88-sequential-split-edit-triton use_triton=True use_chunked_e97=False e97_chunk_size=32 linear_state=False raw_write=False use_split_edit=True log_decay=True
[e97-runtime] backend=hip path=e88-sequential-split-edit-triton use_triton=True use_chunked_e97=False e97_chunk_size=32 linear_state=False raw_write=False use_split_edit=True log_decay=True
[e97-runtime] backend=hip path=e88-sequential-split-edit-triton use_triton=True use_chunked_e97=False e97_chunk_size=32 linear_state=False raw_write=False use_split_edit=True log_decay=True
[e97-runtime] backend=hip path=e88-sequential-split-edit-triton use_triton=True use_chunked_e97=False e97_chunk_size=32 linear_state=False raw_write=False use_split_edit=True log_decay=True
[e97-runtime] backend=hip path=e88-sequential-split-edit-triton use_triton=True use_chunked_e97=False e97_chunk_size=32 linear_state=False raw_write=False use_split_edit=True log_decay=True
[e97-runtime] backend=hip path=e88-sequential-split-edit-triton use_triton=True use_chunked_e97=False e97_chunk_size=32 linear_state=False raw_write=False use_split_edit=True log_decay=True
[e97-runtime] backend=hip path=e88-sequential-split-edit-triton use_triton=True use_chunked_e97=False e97_chunk_size=32 linear_state=False raw_write=False use_split_edit=True log_decay=True
[e97-runtime] backend=hip path=e88-sequential-split-edit-triton use_triton=True use_chunked_e97=False e97_chunk_size=32 linear_state=False raw_write=False use_split_edit=True log_decay=True
[e97-runtime] backend=hip path=e88-sequential-split-edit-triton use_triton=True use_chunked_e97=False e97_chunk_size=32 linear_state=False raw_write=False use_split_edit=True log_decay=True
[e97-runtime] backend=hip path=e88-sequential-split-edit-triton use_triton=True use_chunked_e97=False e97_chunk_size=32 linear_state=False raw_write=False use_split_edit=True log_decay=True
[e97-runtime] backend=hip path=e88-sequential-split-edit-triton use_triton=True use_chunked_e97=False e97_chunk_size=32 linear_state=False raw_write=False use_split_edit=True log_decay=True
[e97-runtime] backend=hip path=e88-sequential-split-edit-triton use_triton=True use_chunked_e97=False e97_chunk_size=32 linear_state=False raw_write=False use_split_edit=True log_decay=True
[e97-runtime] backend=hip path=e88-sequential-split-edit-triton use_triton=True use_chunked_e97=False e97_chunk_size=32 linear_state=False raw_write=False use_split_edit=True log_decay=True
[e97-runtime] backend=hip path=e88-sequential-split-edit-triton use_triton=True use_chunked_e97=False e97_chunk_size=32 linear_state=False raw_write=False use_split_edit=True log_decay=True
[e97-runtime] backend=hip path=e88-sequential-split-edit-triton use_triton=True use_chunked_e97=False e97_chunk_size=32 linear_state=False raw_write=False use_split_edit=True log_decay=True
[e97-runtime] backend=hip path=e88-sequential-split-edit-triton use_triton=True use_chunked_e97=False e97_chunk_size=32 linear_state=False raw_write=False use_split_edit=True log_decay=True
[e97-runtime] backend=hip path=e88-sequential-split-edit-triton use_triton=True use_chunked_e97=False e97_chunk_size=32 linear_state=False raw_write=False use_split_edit=True log_decay=True
[e97-runtime] backend=hip path=e88-sequential-split-edit-triton use_triton=True use_chunked_e97=False e97_chunk_size=32 linear_state=False raw_write=False use_split_edit=True log_decay=True
[e97-runtime] backend=hip path=e88-sequential-split-edit-triton use_triton=True use_chunked_e97=False e97_chunk_size=32 linear_state=False raw_write=False use_split_edit=True log_decay=True
[e97-runtime] backend=hip path=e88-sequential-split-edit-triton use_triton=True use_chunked_e97=False e97_chunk_size=32 linear_state=False raw_write=False use_split_edit=True log_decay=True
[e97-runtime] backend=hip path=e88-sequential-split-edit-triton use_triton=True use_chunked_e97=False e97_chunk_size=32 linear_state=False raw_write=False use_split_edit=True log_decay=True
[e97-runtime] backend=hip path=e88-sequential-split-edit-triton use_triton=True use_chunked_e97=False e97_chunk_size=32 linear_state=False raw_write=False use_split_edit=True log_decay=True
[e97-runtime] backend=hip path=e88-sequential-split-edit-triton use_triton=True use_chunked_e97=False e97_chunk_size=32 linear_state=False raw_write=False use_split_edit=True log_decay=True
[e97-runtime] backend=hip path=e88-sequential-split-edit-triton use_triton=True use_chunked_e97=False e97_chunk_size=32 linear_state=False raw_write=False use_split_edit=True log_decay=True
[e97-runtime] backend=hip path=e88-sequential-split-edit-triton use_triton=True use_chunked_e97=False e97_chunk_size=32 linear_state=False raw_write=False use_split_edit=True log_decay=True
[e97-runtime] backend=hip path=e88-sequential-split-edit-triton use_triton=True use_chunked_e97=False e97_chunk_size=32 linear_state=False raw_write=False use_split_edit=True log_decay=True
[e97-runtime] backend=hip path=e88-sequential-split-edit-triton use_triton=True use_chunked_e97=False e97_chunk_size=32 linear_state=False raw_write=False use_split_edit=True log_decay=True
[e97-runtime] backend=hip path=e88-sequential-split-edit-triton use_triton=True use_chunked_e97=False e97_chunk_size=32 linear_state=False raw_write=False use_split_edit=True log_decay=True
[e97-runtime] backend=hip path=e88-sequential-split-edit-triton use_triton=True use_chunked_e97=False e97_chunk_size=32 linear_state=False raw_write=False use_split_edit=True log_decay=True
[e97-runtime] backend=hip path=e88-sequential-split-edit-triton use_triton=True use_chunked_e97=False e97_chunk_size=32 linear_state=False raw_write=False use_split_edit=True log_decay=True
[e97-runtime] backend=hip path=e88-sequential-split-edit-triton use_triton=True use_chunked_e97=False e97_chunk_size=32 linear_state=False raw_write=False use_split_edit=True log_decay=True
[e97-runtime] backend=hip path=e88-sequential-split-edit-triton use_triton=True use_chunked_e97=False e97_chunk_size=32 linear_state=False raw_write=False use_split_edit=True log_decay=True
[e97-runtime] backend=hip path=e88-sequential-split-edit-triton use_triton=True use_chunked_e97=False e97_chunk_size=32 linear_state=False raw_write=False use_split_edit=True log_decay=True
[e97-runtime] backend=hip path=e88-sequential-split-edit-triton use_triton=True use_chunked_e97=False e97_chunk_size=32 linear_state=False raw_write=False use_split_edit=True log_decay=True
[e97-runtime] backend=hip path=e88-sequential-split-edit-triton use_triton=True use_chunked_e97=False e97_chunk_size=32 linear_state=False raw_write=False use_split_edit=True log_decay=True
[e97-runtime] backend=hip path=e88-sequential-split-edit-triton use_triton=True use_chunked_e97=False e97_chunk_size=32 linear_state=False raw_write=False use_split_edit=True log_decay=True
[e97-runtime] backend=hip path=e88-sequential-split-edit-triton use_triton=True use_chunked_e97=False e97_chunk_size=32 linear_state=False raw_write=False use_split_edit=True log_decay=True
[e97-runtime] backend=hip path=e88-sequential-split-edit-triton use_triton=True use_chunked_e97=False e97_chunk_size=32 linear_state=False raw_write=False use_split_edit=True log_decay=True
[e97-runtime] backend=hip path=e88-sequential-split-edit-triton use_triton=True use_chunked_e97=False e97_chunk_size=32 linear_state=False raw_write=False use_split_edit=True log_decay=True
[e97-runtime] backend=hip path=e88-sequential-split-edit-triton use_triton=True use_chunked_e97=False e97_chunk_size=32 linear_state=False raw_write=False use_split_edit=True log_decay=True
[e97-runtime] backend=hip path=e88-sequential-split-edit-triton use_triton=True use_chunked_e97=False e97_chunk_size=32 linear_state=False raw_write=False use_split_edit=True log_decay=True
[e97-runtime] backend=hip path=e88-sequential-split-edit-triton use_triton=True use_chunked_e97=False e97_chunk_size=32 linear_state=False raw_write=False use_split_edit=True log_decay=True
[e97-runtime] backend=hip path=e88-sequential-split-edit-triton use_triton=True use_chunked_e97=False e97_chunk_size=32 linear_state=False raw_write=False use_split_edit=True log_decay=True
[e97-runtime] backend=hip path=e88-sequential-split-edit-triton use_triton=True use_chunked_e97=False e97_chunk_size=32 linear_state=False raw_write=False use_split_edit=True log_decay=True
[e97-runtime] backend=hip path=e88-sequential-split-edit-triton use_triton=True use_chunked_e97=False e97_chunk_size=32 linear_state=False raw_write=False use_split_edit=True log_decay=True
[e97-runtime] backend=hip path=e88-sequential-split-edit-triton use_triton=True use_chunked_e97=False e97_chunk_size=32 linear_state=False raw_write=False use_split_edit=True log_decay=True
[e97-runtime] backend=hip path=e88-sequential-split-edit-triton use_triton=True use_chunked_e97=False e97_chunk_size=32 linear_state=False raw_write=False use_split_edit=True log_decay=True
[e97-runtime] backend=hip path=e88-sequential-split-edit-triton use_triton=True use_chunked_e97=False e97_chunk_size=32 linear_state=False raw_write=False use_split_edit=True log_decay=True
[e97-runtime] backend=hip path=e88-sequential-split-edit-triton use_triton=True use_chunked_e97=False e97_chunk_size=32 linear_state=False raw_write=False use_split_edit=True log_decay=True
[e97-runtime] backend=hip path=e88-sequential-split-edit-triton use_triton=True use_chunked_e97=False e97_chunk_size=32 linear_state=False raw_write=False use_split_edit=True log_decay=True
[e97-runtime] backend=hip path=e88-sequential-split-edit-triton use_triton=True use_chunked_e97=False e97_chunk_size=32 linear_state=False raw_write=False use_split_edit=True log_decay=True
[e97-runtime] backend=hip path=e88-sequential-split-edit-triton use_triton=True use_chunked_e97=False e97_chunk_size=32 linear_state=False raw_write=False use_split_edit=True log_decay=True
[e97-runtime] backend=hip path=e88-sequential-split-edit-triton use_triton=True use_chunked_e97=False e97_chunk_size=32 linear_state=False raw_write=False use_split_edit=True log_decay=True
[e97-runtime] backend=hip path=e88-sequential-split-edit-triton use_triton=True use_chunked_e97=False e97_chunk_size=32 linear_state=False raw_write=False use_split_edit=True log_decay=True
[e97-runtime] backend=hip path=e88-sequential-split-edit-triton use_triton=True use_chunked_e97=False e97_chunk_size=32 linear_state=False raw_write=False use_split_edit=True log_decay=True
[e97-runtime] backend=hip path=e88-sequential-split-edit-triton use_triton=True use_chunked_e97=False e97_chunk_size=32 linear_state=False raw_write=False use_split_edit=True log_decay=True
[e97-runtime] backend=hip path=e88-sequential-split-edit-triton use_triton=True use_chunked_e97=False e97_chunk_size=32 linear_state=False raw_write=False use_split_edit=True log_decay=True
[e97-runtime] backend=hip path=e88-sequential-split-edit-triton use_triton=True use_chunked_e97=False e97_chunk_size=32 linear_state=False raw_write=False use_split_edit=True log_decay=True
[e97-runtime] backend=hip path=e88-sequential-split-edit-triton use_triton=True use_chunked_e97=False e97_chunk_size=32 linear_state=False raw_write=False use_split_edit=True log_decay=True
[e97-runtime] backend=hip path=e88-sequential-split-edit-triton use_triton=True use_chunked_e97=False e97_chunk_size=32 linear_state=False raw_write=False use_split_edit=True log_decay=True
[e97-runtime] backend=hip path=e88-sequential-split-edit-triton use_triton=True use_chunked_e97=False e97_chunk_size=32 linear_state=False raw_write=False use_split_edit=True log_decay=True
[e97-runtime] backend=hip path=e88-sequential-split-edit-triton use_triton=True use_chunked_e97=False e97_chunk_size=32 linear_state=False raw_write=False use_split_edit=True log_decay=True
[e97-runtime] backend=hip path=e88-sequential-split-edit-triton use_triton=True use_chunked_e97=False e97_chunk_size=32 linear_state=False raw_write=False use_split_edit=True log_decay=True
[e97-runtime] backend=hip path=e88-sequential-split-edit-triton use_triton=True use_chunked_e97=False e97_chunk_size=32 linear_state=False raw_write=False use_split_edit=True log_decay=True
[e97-runtime] backend=hip path=e88-sequential-split-edit-triton use_triton=True use_chunked_e97=False e97_chunk_size=32 linear_state=False raw_write=False use_split_edit=True log_decay=True
[e97-runtime] backend=hip path=e88-sequential-split-edit-triton use_triton=True use_chunked_e97=False e97_chunk_size=32 linear_state=False raw_write=False use_split_edit=True log_decay=True
[e97-runtime] backend=hip path=e88-sequential-split-edit-triton use_triton=True use_chunked_e97=False e97_chunk_size=32 linear_state=False raw_write=False use_split_edit=True log_decay=True
[e97-runtime] backend=hip path=e88-sequential-split-edit-triton use_triton=True use_chunked_e97=False e97_chunk_size=32 linear_state=False raw_write=False use_split_edit=True log_decay=True
  warmup 1/1 | loss 3.0453
Compile/autotune warmup took 6.3s

Starting training from step 1065000...
Batch size: 4, Chunk size: 2048
Gradient accumulation: 1, Effective batch: 4

Time-based training: 10.0 min budget (after compile warmup). Init took 65.4s, 600.0s remaining for training.
  warmup 1/1 | loss 2.6834
Compile/autotune warmup took 6.6s

Starting training from step 1065000...
Batch size: 4, Chunk size: 2048
Gradient accumulation: 1, Effective batch: 4

Time-based training: 10.0 min budget (after compile warmup). Init took 64.3s, 600.0s remaining for training.
  warmup 1/1 | loss 2.4725
Compile/autotune warmup took 6.3s

Starting training from step 1065000...
Batch size: 4, Chunk size: 2048
Gradient accumulation: 1, Effective batch: 4

Time-based training: 10.0 min budget (after compile warmup). Init took 65.4s, 600.0s remaining for training.
  warmup 1/1 | loss 2.5931
Compile/autotune warmup took 6.6s

Starting training from step 1065000...
Batch size: 4, Chunk size: 2048
Gradient accumulation: 1, Effective batch: 4

Time-based training: 10.0 min budget (after compile warmup). Init took 64.4s, 600.0s remaining for training.
  warmup 1/1 | loss 2.4653
Compile/autotune warmup took 6.6s

Starting training from step 1065000...
Batch size: 4, Chunk size: 2048
Gradient accumulation: 1, Effective batch: 4

Time-based training: 10.0 min budget (after compile warmup). Init took 64.4s, 600.0s remaining for training.
  warmup 1/1 | loss 2.9862
Compile/autotune warmup took 6.6s

Starting training from step 1065000...
Batch size: 4, Chunk size: 2048
Gradient accumulation: 1, Effective batch: 4

Time-based training: 10.0 min budget (after compile warmup). Init took 64.4s, 600.0s remaining for training.
  warmup 1/1 | loss 2.4524
Compile/autotune warmup took 6.6s

Starting training from step 1065000...
Batch size: 4, Chunk size: 2048
Gradient accumulation: 1, Effective batch: 4

Time-based training: 10.0 min budget (after compile warmup). Init took 64.5s, 600.0s remaining for training.
  warmup 1/1 | loss 2.9493
Compile/autotune warmup took 6.7s

Starting training from step 1065000...
Batch size: 4, Chunk size: 2048
Gradient accumulation: 1, Effective batch: 4

Time-based training: 10.0 min budget (after compile warmup). Init took 64.4s, 600.0s remaining for training.
  warmup 1/1 | loss 2.7557
Compile/autotune warmup took 6.6s

Starting training from step 1065000...
Batch size: 4, Chunk size: 2048
Gradient accumulation: 1, Effective batch: 4

Time-based training: 10.0 min budget (after compile warmup). Init took 64.6s, 600.0s remaining for training.
  warmup 1/1 | loss 2.4491
Compile/autotune warmup took 6.6s

Starting training from step 1065000...
Batch size: 4, Chunk size: 2048
Gradient accumulation: 1, Effective batch: 4

Time-based training: 10.0 min budget (after compile warmup). Init took 64.5s, 600.0s remaining for training.
  warmup 1/1 | loss 2.7281
Compile/autotune warmup took 6.6s

Starting training from step 1065000...
Batch size: 4, Chunk size: 2048
Gradient accumulation: 1, Effective batch: 4

Time-based training: 10.0 min budget (after compile warmup). Init took 64.4s, 600.0s remaining for training.
  warmup 1/1 | loss 2.4677
Compile/autotune warmup took 6.7s

Starting training from step 1065000...
Batch size: 4, Chunk size: 2048
Gradient accumulation: 1, Effective batch: 4

Time-based training: 10.0 min budget (after compile warmup). Init took 64.4s, 600.0s remaining for training.
  warmup 1/1 | loss 1.5799
Compile/autotune warmup took 6.6s

Starting training from step 1065000...
Batch size: 4, Chunk size: 2048
Gradient accumulation: 1, Effective batch: 4

Time-based training: 10.0 min budget (after compile warmup). Init took 64.5s, 600.0s remaining for training.
  warmup 1/1 | loss 2.9806
Compile/autotune warmup took 6.7s

Starting training from step 1065000...
Batch size: 4, Chunk size: 2048
Gradient accumulation: 1, Effective batch: 4

Time-based training: 10.0 min budget (after compile warmup). Init took 64.4s, 600.0s remaining for training.
  warmup 1/1 | loss 2.3417
Compile/autotune warmup took 6.6s

Starting training from step 1065000...
Batch size: 4, Chunk size: 2048
Gradient accumulation: 1, Effective batch: 4

Time-based training: 10.0 min budget (after compile warmup). Init took 64.6s, 600.0s remaining for training.
  warmup 1/1 | loss 2.5055
Compile/autotune warmup took 6.6s

Starting training from step 1065000...
Batch size: 4, Chunk size: 2048
Gradient accumulation: 1, Effective batch: 4

Time-based training: 10.0 min budget (after compile warmup). Init took 64.5s, 600.0s remaining for training.
  warmup 1/1 | loss 2.8262
Compile/autotune warmup took 6.6s

Starting training from step 1065000...
Batch size: 4, Chunk size: 2048
Gradient accumulation: 1, Effective batch: 4

Time-based training: 10.0 min budget (after compile warmup). Init took 64.6s, 600.0s remaining for training.
  warmup 1/1 | loss 2.9707
Compile/autotune warmup took 6.6s

Starting training from step 1065000...
Batch size: 4, Chunk size: 2048
Gradient accumulation: 1, Effective batch: 4

Time-based training: 10.0 min budget (after compile warmup). Init took 64.6s, 600.0s remaining for training.
  warmup 1/1 | loss 2.1329
Compile/autotune warmup took 6.7s

Starting training from step 1065000...
Batch size: 4, Chunk size: 2048
Gradient accumulation: 1, Effective batch: 4

Time-based training: 10.0 min budget (after compile warmup). Init took 64.5s, 600.0s remaining for training.
  warmup 1/1 | loss 2.2844
Compile/autotune warmup took 6.7s

Starting training from step 1065000...
Batch size: 4, Chunk size: 2048
Gradient accumulation: 1, Effective batch: 4

Time-based training: 10.0 min budget (after compile warmup). Init took 64.5s, 600.0s remaining for training.
  warmup 1/1 | loss 2.1784
Compile/autotune warmup took 6.7s

Starting training from step 1065000...
Batch size: 4, Chunk size: 2048
Gradient accumulation: 1, Effective batch: 4

Time-based training: 10.0 min budget (after compile warmup). Init took 64.5s, 600.0s remaining for training.
  warmup 1/1 | loss 2.0521
Compile/autotune warmup took 6.7s

Starting training from step 1065000...
Batch size: 4, Chunk size: 2048
Gradient accumulation: 1, Effective batch: 4

Time-based training: 10.0 min budget (after compile warmup). Init took 64.5s, 600.0s remaining for training.
  warmup 1/1 | loss 2.3128
Compile/autotune warmup took 6.5s

Starting training from step 1065000...
Batch size: 4, Chunk size: 2048
Gradient accumulation: 1, Effective batch: 4

  warmup 1/1 | loss 2.2559
Compile/autotune warmup took 6.7s

Starting training from step 1065000...
Batch size: 4, Chunk size: 2048
Gradient accumulation: 1, Effective batch: 4

Time-based training: 10.0 min budget (after compile warmup). Init took 64.5s, 600.0s remaining for training.
  warmup 1/1 | loss 2.7921
Compile/autotune warmup took 6.7s

Starting training from step 1065000...
Batch size: 4, Chunk size: 2048
Gradient accumulation: 1, Effective batch: 4

Time-based training: 10.0 min budget (after compile warmup). Init took 64.5s, 600.0s remaining for training.
Time-based training: 10.0 min budget (after compile warmup). Init took 64.5s, 600.0s remaining for training.
  warmup 1/1 | loss 2.7793
Compile/autotune warmup took 6.7s

Starting training from step 1065000...
Batch size: 4, Chunk size: 2048
Gradient accumulation: 1, Effective batch: 4

Time-based training: 10.0 min budget (after compile warmup). Init took 64.5s, 600.0s remaining for training.
  warmup 1/1 | loss 2.0943
Compile/autotune warmup took 6.4s

Starting training from step 1065000...
Batch size: 4, Chunk size: 2048
Gradient accumulation: 1, Effective batch: 4

Time-based training: 10.0 min budget (after compile warmup). Init took 65.5s, 600.0s remaining for training.
  warmup 1/1 | loss 3.3018
Compile/autotune warmup took 6.4s

Starting training from step 1065000...
Batch size: 4, Chunk size: 2048
Gradient accumulation: 1, Effective batch: 4

  warmup 1/1 | loss 2.9496
Compile/autotune warmup took 6.4s

Starting training from step 1065000...
Batch size: 4, Chunk size: 2048
Gradient accumulation: 1, Effective batch: 4

Time-based training: 10.0 min budget (after compile warmup). Init took 65.5s, 600.0s remaining for training.
Time-based training: 10.0 min budget (after compile warmup). Init took 65.5s, 600.0s remaining for training.
  warmup 1/1 | loss 2.6060
Compile/autotune warmup took 6.5s

Starting training from step 1065000...
Batch size: 4, Chunk size: 2048
Gradient accumulation: 1, Effective batch: 4

Time-based training: 10.0 min budget (after compile warmup). Init took 65.5s, 600.0s remaining for training.
  warmup 1/1 | loss 2.6352
Compile/autotune warmup took 6.5s

Starting training from step 1065000...
Batch size: 4, Chunk size: 2048
Gradient accumulation: 1, Effective batch: 4

Time-based training: 10.0 min budget (after compile warmup). Init took 65.5s, 600.0s remaining for training.
  warmup 1/1 | loss 2.5911
Compile/autotune warmup took 6.8s

Starting training from step 1065000...
Batch size: 4, Chunk size: 2048
Gradient accumulation: 1, Effective batch: 4

Time-based training: 10.0 min budget (after compile warmup). Init took 67.1s, 600.0s remaining for training.
  warmup 1/1 | loss 2.9932
Compile/autotune warmup took 6.8s

Starting training from step 1065000...
Batch size: 4, Chunk size: 2048
Gradient accumulation: 1, Effective batch: 4
  warmup 1/1 | loss 1.8761
Compile/autotune warmup took 6.8s

Starting training from step 1065000...
Batch size: 4, Chunk size: 2048
Gradient accumulation: 1, Effective batch: 4

Time-based training: 10.0 min budget (after compile warmup). Init took 67.1s, 600.0s remaining for training.

Time-based training: 10.0 min budget (after compile warmup). Init took 67.1s, 600.0s remaining for training.
  warmup 1/1 | loss 2.2114
Compile/autotune warmup took 6.8s

Starting training from step 1065000...
Batch size: 4, Chunk size: 2048
Gradient accumulation: 1, Effective batch: 4

Time-based training: 10.0 min budget (after compile warmup). Init took 67.1s, 600.0s remaining for training.
  warmup 1/1 | loss 2.4729
Compile/autotune warmup took 6.8s

Starting training from step 1065000...
Batch size: 4, Chunk size: 2048
Gradient accumulation: 1, Effective batch: 4

Time-based training: 10.0 min budget (after compile warmup). Init took 67.1s, 600.0s remaining for training.
  warmup 1/1 | loss 2.3009
Compile/autotune warmup took 6.5s

Starting training from step 1065000...
Batch size: 4, Chunk size: 2048
Gradient accumulation: 1, Effective batch: 4

Time-based training: 10.0 min budget (after compile warmup). Init took 64.7s, 600.0s remaining for training.
  warmup 1/1 | loss 2.8820
Compile/autotune warmup took 6.5s

Starting training from step 1065000...
Batch size: 4, Chunk size: 2048
Gradient accumulation: 1, Effective batch: 4

Time-based training: 10.0 min budget (after compile warmup). Init took 65.5s, 600.0s remaining for training.
  warmup 1/1 | loss 2.8690
Compile/autotune warmup took 6.8s

Starting training from step 1065000...
Batch size: 4, Chunk size: 2048
Gradient accumulation: 1, Effective batch: 4

Time-based training: 10.0 min budget (after compile warmup). Init took 65.0s, 600.0s remaining for training.
  warmup 1/1 | loss 3.0910
Compile/autotune warmup took 6.8s

Starting training from step 1065000...
Batch size: 4, Chunk size: 2048
Gradient accumulation: 1, Effective batch: 4

Time-based training: 10.0 min budget (after compile warmup). Init took 65.0s, 600.0s remaining for training.
  warmup 1/1 | loss 2.4996
Compile/autotune warmup took 6.8s

Starting training from step 1065000...
Batch size: 4, Chunk size: 2048
Gradient accumulation: 1, Effective batch: 4

Time-based training: 10.0 min budget (after compile warmup). Init took 65.0s, 600.0s remaining for training.
  warmup 1/1 | loss 2.3865
Compile/autotune warmup took 6.8s

Starting training from step 1065000...
Batch size: 4, Chunk size: 2048
Gradient accumulation: 1, Effective batch: 4

Time-based training: 10.0 min budget (after compile warmup). Init took 65.0s, 600.0s remaining for training.
  warmup 1/1 | loss 2.6267
Compile/autotune warmup took 6.5s

Starting training from step 1065000...
Batch size: 4, Chunk size: 2048
Gradient accumulation: 1, Effective batch: 4

Time-based training: 10.0 min budget (after compile warmup). Init took 64.8s, 600.0s remaining for training.
  warmup 1/1 | loss 2.6804
Compile/autotune warmup took 6.5s

Starting training from step 1065000...
Batch size: 4, Chunk size: 2048
Gradient accumulation: 1, Effective batch: 4

Time-based training: 10.0 min budget (after compile warmup). Init took 64.8s, 600.0s remaining for training.
  warmup 1/1 | loss 2.5840
Compile/autotune warmup took 6.8s

Starting training from step 1065000...
Batch size: 4, Chunk size: 2048
Gradient accumulation: 1, Effective batch: 4

Time-based training: 10.0 min budget (after compile warmup). Init took 65.0s, 600.0s remaining for training.
  warmup 1/1 | loss 2.3586
Compile/autotune warmup took 6.5s

Starting training from step 1065000...
Batch size: 4, Chunk size: 2048
Gradient accumulation: 1, Effective batch: 4

Time-based training: 10.0 min budget (after compile warmup). Init took 64.8s, 600.0s remaining for training.
  warmup 1/1 | loss 2.1015
Compile/autotune warmup took 6.5s

Starting training from step 1065000...
Batch size: 4, Chunk size: 2048
Gradient accumulation: 1, Effective batch: 4

Time-based training: 10.0 min budget (after compile warmup). Init took 64.8s, 600.0s remaining for training.
  warmup 1/1 | loss 2.2457
Compile/autotune warmup took 6.8s

Starting training from step 1065000...
Batch size: 4, Chunk size: 2048
Gradient accumulation: 1, Effective batch: 4

Time-based training: 10.0 min budget (after compile warmup). Init took 67.1s, 600.0s remaining for training.
  warmup 1/1 | loss 2.6776
Compile/autotune warmup took 6.8s

Starting training from step 1065000...
Batch size: 4, Chunk size: 2048
Gradient accumulation: 1, Effective batch: 4

Time-based training: 10.0 min budget (after compile warmup). Init took 67.1s, 600.0s remaining for training.
  warmup 1/1 | loss 2.1030
Compile/autotune warmup took 6.8s

Starting training from step 1065000...
Batch size: 4, Chunk size: 2048
Gradient accumulation: 1, Effective batch: 4

Time-based training: 10.0 min budget (after compile warmup). Init took 67.1s, 600.0s remaining for training.
  warmup 1/1 | loss 2.3468
Compile/autotune warmup took 6.5s

Starting training from step 1065000...
Batch size: 4, Chunk size: 2048
Gradient accumulation: 1, Effective batch: 4

Time-based training: 10.0 min budget (after compile warmup). Init took 64.8s, 600.0s remaining for training.
  warmup 1/1 | loss 3.0069
Compile/autotune warmup took 6.8s

Starting training from step 1065000...
Batch size: 4, Chunk size: 2048
Gradient accumulation: 1, Effective batch: 4

Time-based training: 10.0 min budget (after compile warmup). Init took 65.0s, 600.0s remaining for training.
  warmup 1/1 | loss 1.9845
Compile/autotune warmup took 6.8s

Starting training from step 1065000...
Batch size: 4, Chunk size: 2048
Gradient accumulation: 1, Effective batch: 4

Time-based training: 10.0 min budget (after compile warmup). Init took 65.0s, 600.0s remaining for training.
  warmup 1/1 | loss 2.5113
Compile/autotune warmup took 6.8s

Starting training from step 1065000...
Batch size: 4, Chunk size: 2048
Gradient accumulation: 1, Effective batch: 4

Time-based training: 10.0 min budget (after compile warmup). Init took 65.0s, 600.0s remaining for training.
  warmup 1/1 | loss 2.1007
Compile/autotune warmup took 6.5s

Starting training from step 1065000...
Batch size: 4, Chunk size: 2048
Gradient accumulation: 1, Effective batch: 4

Time-based training: 10.0 min budget (after compile warmup). Init took 64.8s, 600.0s remaining for training.
  warmup 1/1 | loss 2.2712
Compile/autotune warmup took 6.6s

Starting training from step 1065000...
Batch size: 4, Chunk size: 2048
Gradient accumulation: 1, Effective batch: 4

Time-based training: 10.0 min budget (after compile warmup). Init took 64.8s, 600.0s remaining for training.
  warmup 1/1 | loss 2.7009
Compile/autotune warmup took 7.4s

Starting training from step 1065000...
Batch size: 4, Chunk size: 2048
Gradient accumulation: 1, Effective batch: 4

Time-based training: 10.0 min budget (after compile warmup). Init took 65.8s, 600.0s remaining for training.
  warmup 1/1 | loss 2.3711
Compile/autotune warmup took 7.4s

Starting training from step 1065000...
Batch size: 4, Chunk size: 2048
Gradient accumulation: 1, Effective batch: 4
  warmup 1/1 | loss 2.6210
Compile/autotune warmup took 7.4s

Starting training from step 1065000...
Batch size: 4, Chunk size: 2048
Gradient accumulation: 1, Effective batch: 4


Time-based training: 10.0 min budget (after compile warmup). Init took 65.8s, 600.0s remaining for training.
Time-based training: 10.0 min budget (after compile warmup). Init took 65.8s, 600.0s remaining for training.
  warmup 1/1 | loss 2.5496
Compile/autotune warmup took 7.4s

Starting training from step 1065000...
Batch size: 4, Chunk size: 2048
Gradient accumulation: 1, Effective batch: 4

Time-based training: 10.0 min budget (after compile warmup). Init took 65.8s, 600.0s remaining for training.
  warmup 1/1 | loss 2.4505
Compile/autotune warmup took 7.4s

Starting training from step 1065000...
Batch size: 4, Chunk size: 2048
Gradient accumulation: 1, Effective batch: 4

Time-based training: 10.0 min budget (after compile warmup). Init took 65.8s, 600.0s remaining for training.
  warmup 1/1 | loss 2.8963
Compile/autotune warmup took 7.4s

Starting training from step 1065000...
Batch size: 4, Chunk size: 2048
Gradient accumulation: 1, Effective batch: 4

Time-based training: 10.0 min budget (after compile warmup). Init took 65.8s, 600.0s remaining for training.
  warmup 1/1 | loss 2.4805
Compile/autotune warmup took 7.4s

Starting training from step 1065000...
Batch size: 4, Chunk size: 2048
Gradient accumulation: 1, Effective batch: 4

Time-based training: 10.0 min budget (after compile warmup). Init took 65.8s, 600.0s remaining for training.
  warmup 1/1 | loss 2.6077
Compile/autotune warmup took 7.4s

Starting training from step 1065000...
Batch size: 4, Chunk size: 2048
Gradient accumulation: 1, Effective batch: 4

Time-based training: 10.0 min budget (after compile warmup). Init took 65.8s, 600.0s remaining for training.
step 1065001 | loss 1.7864 | lr 1.01e-03 | grad 1.22 | tok/s 2779 | global_tok/s 177883 | elapsed_h 0.001 | time 2026-07-07T11:55:35+00:00
step 1065002 | loss 2.6337 | lr 1.01e-03 | grad 0.84 | tok/s 5412 | global_tok/s 346394 | elapsed_h 0.001 | time 2026-07-07T11:55:36+00:00
step 1065003 | loss 2.5888 | lr 1.01e-03 | grad 0.77 | tok/s 5487 | global_tok/s 351179 | elapsed_h 0.002 | time 2026-07-07T11:55:38+00:00
step 1065004 | loss 2.5341 | lr 1.01e-03 | grad 0.80 | tok/s 5355 | global_tok/s 342700 | elapsed_h 0.002 | time 2026-07-07T11:55:39+00:00
step 1065005 | loss 2.3802 | lr 1.01e-03 | grad 0.76 | tok/s 5373 | global_tok/s 343878 | elapsed_h 0.003 | time 2026-07-07T11:55:41+00:00
step 1065006 | loss 2.5737 | lr 1.01e-03 | grad 0.80 | tok/s 5386 | global_tok/s 344720 | elapsed_h 0.003 | time 2026-07-07T11:55:43+00:00
step 1065007 | loss 2.6112 | lr 1.01e-03 | grad 0.82 | tok/s 5289 | global_tok/s 338486 | elapsed_h 0.003 | time 2026-07-07T11:55:44+00:00
step 1065008 | loss 2.5449 | lr 1.01e-03 | grad 0.88 | tok/s 5355 | global_tok/s 342744 | elapsed_h 0.004 | time 2026-07-07T11:55:46+00:00
step 1065009 | loss 2.4792 | lr 1.01e-03 | grad 0.70 | tok/s 5389 | global_tok/s 344868 | elapsed_h 0.004 | time 2026-07-07T11:55:47+00:00
step 1065010 | loss 2.3887 | lr 1.01e-03 | grad 0.90 | tok/s 5334 | global_tok/s 341405 | elapsed_h 0.005 | time 2026-07-07T11:55:49+00:00
step 1065011 | loss 2.4165 | lr 1.01e-03 | grad 0.86 | tok/s 3878 | global_tok/s 248183 | elapsed_h 0.005 | time 2026-07-07T11:55:51+00:00
step 1065012 | loss 2.3360 | lr 1.01e-03 | grad 0.96 | tok/s 5303 | global_tok/s 339412 | elapsed_h 0.006 | time 2026-07-07T11:55:53+00:00
step 1065013 | loss 2.8172 | lr 1.01e-03 | grad 0.76 | tok/s 5299 | global_tok/s 339133 | elapsed_h 0.006 | time 2026-07-07T11:55:54+00:00
step 1065014 | loss 2.8391 | lr 1.01e-03 | grad 0.79 | tok/s 5327 | global_tok/s 340953 | elapsed_h 0.007 | time 2026-07-07T11:55:56+00:00
step 1065015 | loss 2.3685 | lr 1.01e-03 | grad 0.90 | tok/s 5391 | global_tok/s 345038 | elapsed_h 0.007 | time 2026-07-07T11:55:57+00:00
step 1065016 | loss 2.4284 | lr 1.01e-03 | grad 0.83 | tok/s 5302 | global_tok/s 339307 | elapsed_h 0.008 | time 2026-07-07T11:55:59+00:00
step 1065017 | loss 2.5488 | lr 1.01e-03 | grad 0.79 | tok/s 5402 | global_tok/s 345698 | elapsed_h 0.008 | time 2026-07-07T11:56:01+00:00
step 1065018 | loss 2.2041 | lr 1.01e-03 | grad 0.78 | tok/s 5353 | global_tok/s 342565 | elapsed_h 0.008 | time 2026-07-07T11:56:02+00:00
step 1065019 | loss 2.6633 | lr 1.01e-03 | grad 0.89 | tok/s 5405 | global_tok/s 345907 | elapsed_h 0.009 | time 2026-07-07T11:56:04+00:00
step 1065020 | loss 2.8122 | lr 1.01e-03 | grad 0.89 | tok/s 5412 | global_tok/s 346346 | elapsed_h 0.009 | time 2026-07-07T11:56:05+00:00
step 1065021 | loss 2.8225 | lr 1.01e-03 | grad 0.79 | tok/s 4253 | global_tok/s 272192 | elapsed_h 0.010 | time 2026-07-07T11:56:07+00:00
step 1065022 | loss 2.5379 | lr 1.01e-03 | grad 0.73 | tok/s 5292 | global_tok/s 338667 | elapsed_h 0.010 | time 2026-07-07T11:56:09+00:00
step 1065023 | loss 1.7891 | lr 1.01e-03 | grad 0.71 | tok/s 5328 | global_tok/s 340971 | elapsed_h 0.011 | time 2026-07-07T11:56:11+00:00
step 1065024 | loss 2.0604 | lr 1.01e-03 | grad 0.69 | tok/s 5351 | global_tok/s 342454 | elapsed_h 0.011 | time 2026-07-07T11:56:12+00:00
step 1065025 | loss 2.2054 | lr 1.01e-03 | grad 0.89 | tok/s 5488 | global_tok/s 351238 | elapsed_h 0.012 | time 2026-07-07T11:56:14+00:00
step 1065026 | loss 2.9119 | lr 1.01e-03 | grad 0.75 | tok/s 5331 | global_tok/s 341168 | elapsed_h 0.012 | time 2026-07-07T11:56:15+00:00
step 1065027 | loss 2.6239 | lr 1.01e-03 | grad 0.85 | tok/s 5381 | global_tok/s 344375 | elapsed_h 0.013 | time 2026-07-07T11:56:17+00:00
step 1065028 | loss 2.2001 | lr 1.01e-03 | grad 0.78 | tok/s 5311 | global_tok/s 339897 | elapsed_h 0.013 | time 2026-07-07T11:56:19+00:00
step 1065029 | loss 2.2363 | lr 1.01e-03 | grad 0.81 | tok/s 5324 | global_tok/s 340709 | elapsed_h 0.013 | time 2026-07-07T11:56:20+00:00
step 1065030 | loss 2.8343 | lr 1.01e-03 | grad 0.74 | tok/s 5347 | global_tok/s 342213 | elapsed_h 0.014 | time 2026-07-07T11:56:22+00:00
step 1065031 | loss 2.4606 | lr 1.01e-03 | grad 0.73 | tok/s 4202 | global_tok/s 268943 | elapsed_h 0.014 | time 2026-07-07T11:56:24+00:00
step 1065032 | loss 2.9375 | lr 1.01e-03 | grad 0.77 | tok/s 5353 | global_tok/s 342574 | elapsed_h 0.015 | time 2026-07-07T11:56:25+00:00
step 1065033 | loss 2.4542 | lr 1.01e-03 | grad 0.80 | tok/s 5353 | global_tok/s 342622 | elapsed_h 0.015 | time 2026-07-07T11:56:27+00:00
step 1065034 | loss 2.1694 | lr 1.01e-03 | grad 0.78 | tok/s 5281 | global_tok/s 337958 | elapsed_h 0.016 | time 2026-07-07T11:56:29+00:00
step 1065035 | loss 2.2907 | lr 1.01e-03 | grad 0.89 | tok/s 5373 | global_tok/s 343880 | elapsed_h 0.016 | time 2026-07-07T11:56:30+00:00
step 1065036 | loss 2.8041 | lr 1.01e-03 | grad 0.76 | tok/s 5190 | global_tok/s 332160 | elapsed_h 0.017 | time 2026-07-07T11:56:32+00:00
step 1065037 | loss 3.0593 | lr 1.01e-03 | grad 0.74 | tok/s 5351 | global_tok/s 342495 | elapsed_h 0.017 | time 2026-07-07T11:56:33+00:00
step 1065038 | loss 2.3197 | lr 1.01e-03 | grad 0.78 | tok/s 5396 | global_tok/s 345346 | elapsed_h 0.018 | time 2026-07-07T11:56:35+00:00
step 1065039 | loss 2.7598 | lr 1.01e-03 | grad 0.79 | tok/s 5387 | global_tok/s 344776 | elapsed_h 0.018 | time 2026-07-07T11:56:37+00:00
[DiLoCoMergeDebug] rank=0 step=1065040 merge=1 label=sf_x bucket=0 numel=1286589072 dtype=torch.bfloat16 phase=enter
[DiLoCoMergeDebug] rank=0 step=1065040 merge=1 label=sf_x bucket=0 numel=1286589072 dtype=torch.bfloat16 phase=exit elapsed_s=0.000284
[DiLoCoMergeDebug] rank=0 step=1065040 merge=1 label=sf_z bucket=0 numel=1286586696 dtype=torch.bfloat16 phase=enter
[DiLoCoMergeDebug] rank=0 step=1065040 merge=1 label=sf_z bucket=0 numel=1286586696 dtype=torch.bfloat16 phase=exit elapsed_s=0.000137
  >>> [DiLoCo] merge #1 at step 1065040: averaged model weights across 64 ranks in 2639 ms (amortized over 40 steps)
step 1065040 | loss 2.6873 | lr 1.01e-03 | grad 0.89 | tok/s 1970 | global_tok/s 126077 | elapsed_h 0.019 | time 2026-07-07T11:56:41+00:00
  >>> saved checkpoint: checkpoint_step_1065040_loss_2.6873.pt
step 1065041 | loss 2.8831 | lr 1.01e-03 | grad 0.84 | tok/s 936 | global_tok/s 59892 | elapsed_h 0.022 | time 2026-07-07T11:56:49+00:00
step 1065042 | loss 2.0788 | lr 1.01e-03 | grad 0.79 | tok/s 5360 | global_tok/s 343020 | elapsed_h 0.022 | time 2026-07-07T11:56:51+00:00
step 1065043 | loss 2.5366 | lr 1.01e-03 | grad 0.75 | tok/s 5348 | global_tok/s 342273 | elapsed_h 0.022 | time 2026-07-07T11:56:53+00:00
step 1065044 | loss 2.3046 | lr 1.01e-03 | grad 0.79 | tok/s 5376 | global_tok/s 344061 | elapsed_h 0.023 | time 2026-07-07T11:56:54+00:00
step 1065045 | loss 2.2699 | lr 1.01e-03 | grad 0.85 | tok/s 5366 | global_tok/s 343413 | elapsed_h 0.023 | time 2026-07-07T11:56:56+00:00
step 1065046 | loss 2.7081 | lr 1.01e-03 | grad 0.79 | tok/s 5407 | global_tok/s 346051 | elapsed_h 0.024 | time 2026-07-07T11:56:57+00:00
step 1065047 | loss 2.5881 | lr 1.01e-03 | grad 0.88 | tok/s 5367 | global_tok/s 343476 | elapsed_h 0.024 | time 2026-07-07T11:56:59+00:00
step 1065048 | loss 2.4284 | lr 1.01e-03 | grad 0.72 | tok/s 5432 | global_tok/s 347657 | elapsed_h 0.025 | time 2026-07-07T11:57:01+00:00
step 1065049 | loss 2.2019 | lr 1.01e-03 | grad 0.71 | tok/s 5217 | global_tok/s 333916 | elapsed_h 0.025 | time 2026-07-07T11:57:02+00:00
step 1065050 | loss 2.6008 | lr 1.01e-03 | grad 0.73 | tok/s 5320 | global_tok/s 340478 | elapsed_h 0.026 | time 2026-07-07T11:57:04+00:00
step 1065051 | loss 2.9877 | lr 1.01e-03 | grad 0.82 | tok/s 4450 | global_tok/s 284824 | elapsed_h 0.026 | time 2026-07-07T11:57:06+00:00
step 1065052 | loss 2.3402 | lr 1.01e-03 | grad 0.76 | tok/s 5434 | global_tok/s 347777 | elapsed_h 0.027 | time 2026-07-07T11:57:07+00:00
step 1065053 | loss 2.7094 | lr 1.01e-03 | grad 0.73 | tok/s 5463 | global_tok/s 349619 | elapsed_h 0.027 | time 2026-07-07T11:57:09+00:00
step 1065054 | loss 2.3512 | lr 1.01e-03 | grad 0.81 | tok/s 5327 | global_tok/s 340905 | elapsed_h 0.027 | time 2026-07-07T11:57:10+00:00
step 1065055 | loss 2.7878 | lr 1.01e-03 | grad 0.78 | tok/s 5459 | global_tok/s 349372 | elapsed_h 0.028 | time 2026-07-07T11:57:12+00:00
step 1065056 | loss 2.8844 | lr 1.01e-03 | grad 0.75 | tok/s 5333 | global_tok/s 341294 | elapsed_h 0.028 | time 2026-07-07T11:57:14+00:00
step 1065057 | loss 2.4626 | lr 1.01e-03 | grad 0.78 | tok/s 5420 | global_tok/s 346909 | elapsed_h 0.029 | time 2026-07-07T11:57:15+00:00
step 1065058 | loss 2.5970 | lr 1.01e-03 | grad 0.74 | tok/s 5339 | global_tok/s 341706 | elapsed_h 0.029 | time 2026-07-07T11:57:17+00:00
step 1065059 | loss 2.7459 | lr 1.01e-03 | grad 0.73 | tok/s 5349 | global_tok/s 342349 | elapsed_h 0.030 | time 2026-07-07T11:57:18+00:00
step 1065060 | loss 2.6355 | lr 1.01e-03 | grad 0.96 | tok/s 5383 | global_tok/s 344506 | elapsed_h 0.030 | time 2026-07-07T11:57:20+00:00
step 1065061 | loss 2.5274 | lr 1.01e-03 | grad 0.83 | tok/s 4193 | global_tok/s 268366 | elapsed_h 0.031 | time 2026-07-07T11:57:22+00:00
step 1065062 | loss 2.0981 | lr 1.01e-03 | grad 0.83 | tok/s 5334 | global_tok/s 341400 | elapsed_h 0.031 | time 2026-07-07T11:57:24+00:00
step 1065063 | loss 2.8169 | lr 1.01e-03 | grad 0.75 | tok/s 5376 | global_tok/s 344093 | elapsed_h 0.032 | time 2026-07-07T11:57:25+00:00
step 1065064 | loss 2.7357 | lr 1.01e-03 | grad 0.88 | tok/s 5204 | global_tok/s 333041 | elapsed_h 0.032 | time 2026-07-07T11:57:27+00:00
step 1065065 | loss 2.5959 | lr 1.01e-03 | grad 0.76 | tok/s 5353 | global_tok/s 342593 | elapsed_h 0.032 | time 2026-07-07T11:57:28+00:00
step 1065066 | loss 2.4019 | lr 1.01e-03 | grad 0.84 | tok/s 5424 | global_tok/s 347141 | elapsed_h 0.033 | time 2026-07-07T11:57:30+00:00
step 1065067 | loss 2.0246 | lr 1.01e-03 | grad 0.80 | tok/s 5391 | global_tok/s 345037 | elapsed_h 0.033 | time 2026-07-07T11:57:31+00:00
step 1065068 | loss 2.8586 | lr 1.01e-03 | grad 0.79 | tok/s 5335 | global_tok/s 341410 | elapsed_h 0.034 | time 2026-07-07T11:57:33+00:00
step 1065069 | loss 2.4264 | lr 1.01e-03 | grad 0.85 | tok/s 5376 | global_tok/s 344052 | elapsed_h 0.034 | time 2026-07-07T11:57:35+00:00
step 1065070 | loss 2.8436 | lr 1.01e-03 | grad 0.75 | tok/s 5323 | global_tok/s 340702 | elapsed_h 0.035 | time 2026-07-07T11:57:36+00:00
step 1065071 | loss 2.6210 | lr 1.01e-03 | grad 0.81 | tok/s 4270 | global_tok/s 273276 | elapsed_h 0.035 | time 2026-07-07T11:57:38+00:00
step 1065072 | loss 3.1704 | lr 1.01e-03 | grad 0.86 | tok/s 5288 | global_tok/s 338426 | elapsed_h 0.036 | time 2026-07-07T11:57:40+00:00
step 1065073 | loss 2.3415 | lr 1.01e-03 | grad 0.79 | tok/s 5386 | global_tok/s 344704 | elapsed_h 0.036 | time 2026-07-07T11:57:41+00:00
step 1065074 | loss 2.6833 | lr 1.01e-03 | grad 0.79 | tok/s 5252 | global_tok/s 336134 | elapsed_h 0.036 | time 2026-07-07T11:57:43+00:00
step 1065075 | loss 2.4355 | lr 1.01e-03 | grad 0.72 | tok/s 5414 | global_tok/s 346468 | elapsed_h 0.037 | time 2026-07-07T11:57:45+00:00
step 1065076 | loss 2.5643 | lr 1.01e-03 | grad 0.82 | tok/s 5260 | global_tok/s 336628 | elapsed_h 0.037 | time 2026-07-07T11:57:46+00:00
step 1065077 | loss 2.2663 | lr 1.01e-03 | grad 0.72 | tok/s 5343 | global_tok/s 341968 | elapsed_h 0.038 | time 2026-07-07T11:57:48+00:00
step 1065078 | loss 2.8475 | lr 1.01e-03 | grad 0.76 | tok/s 5492 | global_tok/s 351466 | elapsed_h 0.038 | time 2026-07-07T11:57:49+00:00
step 1065079 | loss 1.6142 | lr 1.01e-03 | grad 0.74 | tok/s 5428 | global_tok/s 347419 | elapsed_h 0.039 | time 2026-07-07T11:57:51+00:00
[DiLoCoMergeDebug] rank=0 step=1065080 merge=2 label=sf_x bucket=0 numel=1286589072 dtype=torch.bfloat16 phase=enter
[DiLoCoMergeDebug] rank=0 step=1065080 merge=2 label=sf_x bucket=0 numel=1286589072 dtype=torch.bfloat16 phase=exit elapsed_s=0.000208
[DiLoCoMergeDebug] rank=0 step=1065080 merge=2 label=sf_z bucket=0 numel=1286586696 dtype=torch.bfloat16 phase=enter
[DiLoCoMergeDebug] rank=0 step=1065080 merge=2 label=sf_z bucket=0 numel=1286586696 dtype=torch.bfloat16 phase=exit elapsed_s=0.000110
  >>> [DiLoCo] merge #2 at step 1065080: averaged model weights across 64 ranks in 2467 ms (amortized over 40 steps)
step 1065080 | loss 2.4875 | lr 1.01e-03 | grad 0.80 | tok/s 2049 | global_tok/s 131154 | elapsed_h 0.040 | time 2026-07-07T11:57:55+00:00
  >>> saved checkpoint: checkpoint_step_1065080_loss_2.4875.pt
step 1065081 | loss 2.3946 | lr 1.01e-03 | grad 0.84 | tok/s 973 | global_tok/s 62290 | elapsed_h 0.042 | time 2026-07-07T11:58:03+00:00
step 1065082 | loss 2.3733 | lr 1.01e-03 | grad 0.74 | tok/s 5363 | global_tok/s 343218 | elapsed_h 0.043 | time 2026-07-07T11:58:05+00:00
step 1065083 | loss 2.3620 | lr 1.01e-03 | grad 0.78 | tok/s 5432 | global_tok/s 347676 | elapsed_h 0.043 | time 2026-07-07T11:58:07+00:00
step 1065084 | loss 2.3534 | lr 1.01e-03 | grad 0.84 | tok/s 5412 | global_tok/s 346370 | elapsed_h 0.043 | time 2026-07-07T11:58:08+00:00
step 1065085 | loss 2.9667 | lr 1.01e-03 | grad 0.84 | tok/s 5282 | global_tok/s 338045 | elapsed_h 0.044 | time 2026-07-07T11:58:10+00:00
step 1065086 | loss 2.7685 | lr 1.01e-03 | grad 0.79 | tok/s 5362 | global_tok/s 343192 | elapsed_h 0.044 | time 2026-07-07T11:58:11+00:00
step 1065087 | loss 2.3963 | lr 1.01e-03 | grad 0.88 | tok/s 5364 | global_tok/s 343311 | elapsed_h 0.045 | time 2026-07-07T11:58:13+00:00
step 1065088 | loss 1.5756 | lr 1.01e-03 | grad 0.69 | tok/s 5368 | global_tok/s 343531 | elapsed_h 0.045 | time 2026-07-07T11:58:15+00:00
step 1065089 | loss 1.8856 | lr 1.01e-03 | grad 0.74 | tok/s 5323 | global_tok/s 340650 | elapsed_h 0.046 | time 2026-07-07T11:58:16+00:00
step 1065090 | loss 2.7961 | lr 1.01e-03 | grad 0.77 | tok/s 5350 | global_tok/s 342387 | elapsed_h 0.046 | time 2026-07-07T11:58:18+00:00
step 1065091 | loss 2.4757 | lr 1.01e-03 | grad 0.76 | tok/s 4235 | global_tok/s 271009 | elapsed_h 0.047 | time 2026-07-07T11:58:20+00:00
step 1065092 | loss 3.2251 | lr 1.01e-03 | grad 0.79 | tok/s 5429 | global_tok/s 347448 | elapsed_h 0.047 | time 2026-07-07T11:58:21+00:00
step 1065093 | loss 2.4141 | lr 1.01e-03 | grad 0.73 | tok/s 5436 | global_tok/s 347933 | elapsed_h 0.048 | time 2026-07-07T11:58:23+00:00
step 1065094 | loss 2.1232 | lr 1.01e-03 | grad 0.72 | tok/s 5300 | global_tok/s 339182 | elapsed_h 0.048 | time 2026-07-07T11:58:24+00:00
step 1065095 | loss 2.2819 | lr 1.01e-03 | grad 0.76 | tok/s 5339 | global_tok/s 341693 | elapsed_h 0.048 | time 2026-07-07T11:58:26+00:00
step 1065096 | loss 2.6543 | lr 1.01e-03 | grad 0.79 | tok/s 5253 | global_tok/s 336216 | elapsed_h 0.049 | time 2026-07-07T11:58:28+00:00
step 1065097 | loss 2.4793 | lr 1.01e-03 | grad 1.13 | tok/s 5271 | global_tok/s 337320 | elapsed_h 0.049 | time 2026-07-07T11:58:29+00:00
step 1065098 | loss 3.0767 | lr 1.01e-03 | grad 0.84 | tok/s 5457 | global_tok/s 349224 | elapsed_h 0.050 | time 2026-07-07T11:58:31+00:00
step 1065099 | loss 2.3445 | lr 1.01e-03 | grad 0.84 | tok/s 5389 | global_tok/s 344912 | elapsed_h 0.050 | time 2026-07-07T11:58:32+00:00
step 1065100 | loss 3.3704 | lr 1.01e-03 | grad 0.71 | tok/s 5321 | global_tok/s 340543 | elapsed_h 0.051 | time 2026-07-07T11:58:34+00:00
step 1065101 | loss 2.1034 | lr 1.01e-03 | grad 0.85 | tok/s 4283 | global_tok/s 274127 | elapsed_h 0.051 | time 2026-07-07T11:58:36+00:00
step 1065102 | loss 3.0425 | lr 1.01e-03 | grad 0.88 | tok/s 5385 | global_tok/s 344654 | elapsed_h 0.052 | time 2026-07-07T11:58:38+00:00
step 1065103 | loss 2.3954 | lr 1.01e-03 | grad 0.87 | tok/s 5302 | global_tok/s 339320 | elapsed_h 0.052 | time 2026-07-07T11:58:39+00:00
step 1065104 | loss 2.4131 | lr 1.01e-03 | grad 0.74 | tok/s 5253 | global_tok/s 336180 | elapsed_h 0.053 | time 2026-07-07T11:58:41+00:00
step 1065105 | loss 2.1653 | lr 1.01e-03 | grad 0.79 | tok/s 5346 | global_tok/s 342153 | elapsed_h 0.053 | time 2026-07-07T11:58:42+00:00
step 1065106 | loss 2.4401 | lr 1.01e-03 | grad 0.70 | tok/s 5393 | global_tok/s 345127 | elapsed_h 0.053 | time 2026-07-07T11:58:44+00:00
step 1065107 | loss 1.8043 | lr 1.01e-03 | grad 0.67 | tok/s 5448 | global_tok/s 348652 | elapsed_h 0.054 | time 2026-07-07T11:58:46+00:00
step 1065108 | loss 2.8701 | lr 1.01e-03 | grad 0.91 | tok/s 5434 | global_tok/s 347755 | elapsed_h 0.054 | time 2026-07-07T11:58:47+00:00
step 1065109 | loss 2.0327 | lr 1.01e-03 | grad 0.88 | tok/s 5348 | global_tok/s 342278 | elapsed_h 0.055 | time 2026-07-07T11:58:49+00:00
step 1065110 | loss 2.4073 | lr 1.01e-03 | grad 0.87 | tok/s 5406 | global_tok/s 345986 | elapsed_h 0.055 | time 2026-07-07T11:58:50+00:00
step 1065111 | loss 2.6282 | lr 1.01e-03 | grad 0.80 | tok/s 4236 | global_tok/s 271126 | elapsed_h 0.056 | time 2026-07-07T11:58:52+00:00
step 1065112 | loss 2.6482 | lr 1.01e-03 | grad 1.04 | tok/s 5284 | global_tok/s 338203 | elapsed_h 0.056 | time 2026-07-07T11:58:54+00:00
step 1065113 | loss 2.3435 | lr 1.01e-03 | grad 0.79 | tok/s 5314 | global_tok/s 340118 | elapsed_h 0.057 | time 2026-07-07T11:58:56+00:00
step 1065114 | loss 2.5862 | lr 1.01e-03 | grad 0.89 | tok/s 5255 | global_tok/s 336301 | elapsed_h 0.057 | time 2026-07-07T11:58:57+00:00
step 1065115 | loss 2.9316 | lr 1.01e-03 | grad 0.81 | tok/s 5233 | global_tok/s 334896 | elapsed_h 0.058 | time 2026-07-07T11:58:59+00:00
step 1065116 | loss 2.4743 | lr 1.01e-03 | grad 0.71 | tok/s 5338 | global_tok/s 341637 | elapsed_h 0.058 | time 2026-07-07T11:59:00+00:00
step 1065117 | loss 2.4286 | lr 1.01e-03 | grad 0.77 | tok/s 5396 | global_tok/s 345372 | elapsed_h 0.058 | time 2026-07-07T11:59:02+00:00
step 1065118 | loss 2.3689 | lr 1.01e-03 | grad 0.81 | tok/s 5491 | global_tok/s 351416 | elapsed_h 0.059 | time 2026-07-07T11:59:04+00:00
step 1065119 | loss 2.9341 | lr 1.01e-03 | grad 0.86 | tok/s 5218 | global_tok/s 333947 | elapsed_h 0.059 | time 2026-07-07T11:59:05+00:00
[DiLoCoMergeDebug] rank=0 step=1065120 merge=3 label=sf_x bucket=0 numel=1286589072 dtype=torch.bfloat16 phase=enter
[DiLoCoMergeDebug] rank=0 step=1065120 merge=3 label=sf_x bucket=0 numel=1286589072 dtype=torch.bfloat16 phase=exit elapsed_s=0.000190
[DiLoCoMergeDebug] rank=0 step=1065120 merge=3 label=sf_z bucket=0 numel=1286586696 dtype=torch.bfloat16 phase=enter
[DiLoCoMergeDebug] rank=0 step=1065120 merge=3 label=sf_z bucket=0 numel=1286586696 dtype=torch.bfloat16 phase=exit elapsed_s=0.000111
  >>> [DiLoCo] merge #3 at step 1065120: averaged model weights across 64 ranks in 2396 ms (amortized over 40 steps)
step 1065120 | loss 2.9155 | lr 1.01e-03 | grad 0.79 | tok/s 2083 | global_tok/s 133315 | elapsed_h 0.060 | time 2026-07-07T11:59:09+00:00
  >>> saved checkpoint: checkpoint_step_1065120_loss_2.9155.pt
step 1065121 | loss 2.5888 | lr 1.01e-03 | grad 0.70 | tok/s 929 | global_tok/s 59472 | elapsed_h 0.063 | time 2026-07-07T11:59:18+00:00
step 1065122 | loss 2.2519 | lr 1.01e-03 | grad 0.72 | tok/s 5395 | global_tok/s 345270 | elapsed_h 0.063 | time 2026-07-07T11:59:20+00:00
step 1065123 | loss 2.5191 | lr 1.01e-03 | grad 0.71 | tok/s 5350 | global_tok/s 342404 | elapsed_h 0.064 | time 2026-07-07T11:59:21+00:00
step 1065124 | loss 2.8060 | lr 1.01e-03 | grad 0.73 | tok/s 5337 | global_tok/s 341560 | elapsed_h 0.064 | time 2026-07-07T11:59:23+00:00
step 1065125 | loss 3.1223 | lr 1.01e-03 | grad 0.76 | tok/s 5383 | global_tok/s 344515 | elapsed_h 0.065 | time 2026-07-07T11:59:24+00:00
step 1065126 | loss 1.9958 | lr 1.01e-03 | grad 0.82 | tok/s 5444 | global_tok/s 348438 | elapsed_h 0.065 | time 2026-07-07T11:59:26+00:00
step 1065127 | loss 2.2921 | lr 1.01e-03 | grad 0.77 | tok/s 5347 | global_tok/s 342213 | elapsed_h 0.065 | time 2026-07-07T11:59:27+00:00
step 1065128 | loss 2.6405 | lr 1.01e-03 | grad 0.78 | tok/s 5298 | global_tok/s 339075 | elapsed_h 0.066 | time 2026-07-07T11:59:29+00:00
step 1065129 | loss 2.6731 | lr 1.01e-03 | grad 0.84 | tok/s 5381 | global_tok/s 344389 | elapsed_h 0.066 | time 2026-07-07T11:59:31+00:00
step 1065130 | loss 1.8170 | lr 1.01e-03 | grad 0.71 | tok/s 5385 | global_tok/s 344668 | elapsed_h 0.067 | time 2026-07-07T11:59:32+00:00
step 1065131 | loss 2.8590 | lr 1.01e-03 | grad 0.75 | tok/s 4234 | global_tok/s 270975 | elapsed_h 0.067 | time 2026-07-07T11:59:34+00:00
step 1065132 | loss 2.2335 | lr 1.01e-03 | grad 0.75 | tok/s 5424 | global_tok/s 347135 | elapsed_h 0.068 | time 2026-07-07T11:59:36+00:00
step 1065133 | loss 2.2758 | lr 1.01e-03 | grad 0.85 | tok/s 5333 | global_tok/s 341308 | elapsed_h 0.068 | time 2026-07-07T11:59:37+00:00
step 1065134 | loss 2.7392 | lr 1.01e-03 | grad 0.76 | tok/s 5266 | global_tok/s 337010 | elapsed_h 0.069 | time 2026-07-07T11:59:39+00:00
step 1065135 | loss 3.1820 | lr 1.01e-03 | grad 0.84 | tok/s 5343 | global_tok/s 341924 | elapsed_h 0.069 | time 2026-07-07T11:59:41+00:00
step 1065136 | loss 1.8366 | lr 1.01e-03 | grad 0.93 | tok/s 5240 | global_tok/s 335345 | elapsed_h 0.070 | time 2026-07-07T11:59:42+00:00
step 1065137 | loss 2.5238 | lr 1.01e-03 | grad 0.88 | tok/s 5313 | global_tok/s 340042 | elapsed_h 0.070 | time 2026-07-07T11:59:44+00:00
step 1065138 | loss 1.9940 | lr 1.01e-03 | grad 0.89 | tok/s 5363 | global_tok/s 343206 | elapsed_h 0.070 | time 2026-07-07T11:59:45+00:00
step 1065139 | loss 2.8203 | lr 1.01e-03 | grad 0.77 | tok/s 5368 | global_tok/s 343530 | elapsed_h 0.071 | time 2026-07-07T11:59:47+00:00
step 1065140 | loss 2.7511 | lr 1.01e-03 | grad 0.82 | tok/s 5426 | global_tok/s 347274 | elapsed_h 0.071 | time 2026-07-07T11:59:49+00:00
step 1065141 | loss 2.8736 | lr 1.01e-03 | grad 0.77 | tok/s 4251 | global_tok/s 272070 | elapsed_h 0.072 | time 2026-07-07T11:59:51+00:00
step 1065142 | loss 2.3393 | lr 1.01e-03 | grad 0.78 | tok/s 5418 | global_tok/s 346736 | elapsed_h 0.072 | time 2026-07-07T11:59:52+00:00
step 1065143 | loss 2.6045 | lr 1.01e-03 | grad 0.75 | tok/s 5385 | global_tok/s 344613 | elapsed_h 0.073 | time 2026-07-07T11:59:54+00:00
step 1065144 | loss 2.8130 | lr 1.01e-03 | grad 0.74 | tok/s 5244 | global_tok/s 335619 | elapsed_h 0.073 | time 2026-07-07T11:59:55+00:00
step 1065145 | loss 2.9504 | lr 1.01e-03 | grad 0.76 | tok/s 5424 | global_tok/s 347145 | elapsed_h 0.074 | time 2026-07-07T11:59:57+00:00
step 1065146 | loss 2.5738 | lr 1.01e-03 | grad 0.76 | tok/s 5382 | global_tok/s 344417 | elapsed_h 0.074 | time 2026-07-07T11:59:59+00:00
step 1065147 | loss 2.4033 | lr 1.01e-03 | grad 0.75 | tok/s 5435 | global_tok/s 347871 | elapsed_h 0.075 | time 2026-07-07T12:00:00+00:00
step 1065148 | loss 2.0344 | lr 1.01e-03 | grad 0.75 | tok/s 4846 | global_tok/s 310153 | elapsed_h 0.075 | time 2026-07-07T12:00:02+00:00
step 1065149 | loss 3.0371 | lr 1.01e-03 | grad 0.79 | tok/s 5457 | global_tok/s 349246 | elapsed_h 0.075 | time 2026-07-07T12:00:03+00:00
step 1065150 | loss 2.6459 | lr 1.01e-03 | grad 0.71 | tok/s 5466 | global_tok/s 349827 | elapsed_h 0.076 | time 2026-07-07T12:00:05+00:00
step 1065151 | loss 2.5613 | lr 1.01e-03 | grad 0.78 | tok/s 3453 | global_tok/s 221012 | elapsed_h 0.077 | time 2026-07-07T12:00:07+00:00
step 1065152 | loss 2.6646 | lr 1.01e-03 | grad 0.72 | tok/s 5380 | global_tok/s 344305 | elapsed_h 0.077 | time 2026-07-07T12:00:09+00:00
step 1065153 | loss 2.0772 | lr 1.01e-03 | grad 0.74 | tok/s 5337 | global_tok/s 341586 | elapsed_h 0.077 | time 2026-07-07T12:00:11+00:00
step 1065154 | loss 2.6425 | lr 1.01e-03 | grad 0.85 | tok/s 5322 | global_tok/s 340604 | elapsed_h 0.078 | time 2026-07-07T12:00:12+00:00
step 1065155 | loss 2.7412 | lr 1.01e-03 | grad 0.84 | tok/s 5240 | global_tok/s 335355 | elapsed_h 0.078 | time 2026-07-07T12:00:14+00:00
step 1065156 | loss 2.1263 | lr 1.01e-03 | grad 0.78 | tok/s 5291 | global_tok/s 338624 | elapsed_h 0.079 | time 2026-07-07T12:00:15+00:00
step 1065157 | loss 2.6336 | lr 1.01e-03 | grad 0.83 | tok/s 5461 | global_tok/s 349525 | elapsed_h 0.079 | time 2026-07-07T12:00:17+00:00
step 1065158 | loss 2.6812 | lr 1.01e-03 | grad 0.86 | tok/s 5335 | global_tok/s 341409 | elapsed_h 0.080 | time 2026-07-07T12:00:19+00:00
step 1065159 | loss 2.5321 | lr 1.01e-03 | grad 0.84 | tok/s 5522 | global_tok/s 353439 | elapsed_h 0.080 | time 2026-07-07T12:00:20+00:00
[DiLoCoMergeDebug] rank=0 step=1065160 merge=4 label=sf_x bucket=0 numel=1286589072 dtype=torch.bfloat16 phase=enter
[DiLoCoMergeDebug] rank=0 step=1065160 merge=4 label=sf_x bucket=0 numel=1286589072 dtype=torch.bfloat16 phase=exit elapsed_s=0.000205
[DiLoCoMergeDebug] rank=0 step=1065160 merge=4 label=sf_z bucket=0 numel=1286586696 dtype=torch.bfloat16 phase=enter
[DiLoCoMergeDebug] rank=0 step=1065160 merge=4 label=sf_z bucket=0 numel=1286586696 dtype=torch.bfloat16 phase=exit elapsed_s=0.000119
  >>> [DiLoCo] merge #4 at step 1065160: averaged model weights across 64 ranks in 3263 ms (amortized over 40 steps)
step 1065160 | loss 2.1427 | lr 1.01e-03 | grad 0.76 | tok/s 1708 | global_tok/s 109298 | elapsed_h 0.081 | time 2026-07-07T12:00:25+00:00
  >>> saved checkpoint: checkpoint_step_1065160_loss_2.1427.pt
step 1065161 | loss 2.7811 | lr 1.01e-03 | grad 0.85 | tok/s 867 | global_tok/s 55518 | elapsed_h 0.084 | time 2026-07-07T12:00:34+00:00
step 1065162 | loss 2.5595 | lr 1.01e-03 | grad 0.79 | tok/s 5284 | global_tok/s 338154 | elapsed_h 0.085 | time 2026-07-07T12:00:36+00:00
step 1065163 | loss 2.1874 | lr 1.01e-03 | grad 0.79 | tok/s 5349 | global_tok/s 342305 | elapsed_h 0.085 | time 2026-07-07T12:00:38+00:00
step 1065164 | loss 2.0233 | lr 1.01e-03 | grad 0.84 | tok/s 5303 | global_tok/s 339377 | elapsed_h 0.085 | time 2026-07-07T12:00:39+00:00
step 1065165 | loss 2.8670 | lr 1.01e-03 | grad 0.93 | tok/s 5428 | global_tok/s 347386 | elapsed_h 0.086 | time 2026-07-07T12:00:41+00:00
step 1065166 | loss 2.0031 | lr 1.01e-03 | grad 0.75 | tok/s 5355 | global_tok/s 342727 | elapsed_h 0.086 | time 2026-07-07T12:00:42+00:00
step 1065167 | loss 2.0457 | lr 1.01e-03 | grad 0.75 | tok/s 5383 | global_tok/s 344487 | elapsed_h 0.087 | time 2026-07-07T12:00:44+00:00
step 1065168 | loss 2.5200 | lr 1.01e-03 | grad 0.75 | tok/s 5248 | global_tok/s 335904 | elapsed_h 0.087 | time 2026-07-07T12:00:46+00:00
step 1065169 | loss 2.4340 | lr 1.01e-03 | grad 0.87 | tok/s 5366 | global_tok/s 343398 | elapsed_h 0.088 | time 2026-07-07T12:00:47+00:00
step 1065170 | loss 2.0789 | lr 1.01e-03 | grad 0.79 | tok/s 5419 | global_tok/s 346802 | elapsed_h 0.088 | time 2026-07-07T12:00:49+00:00
step 1065171 | loss 2.7309 | lr 1.01e-03 | grad 0.75 | tok/s 4294 | global_tok/s 274843 | elapsed_h 0.089 | time 2026-07-07T12:00:51+00:00
step 1065172 | loss 2.4702 | lr 1.01e-03 | grad 0.97 | tok/s 5474 | global_tok/s 350307 | elapsed_h 0.089 | time 2026-07-07T12:00:52+00:00
step 1065173 | loss 1.7456 | lr 1.01e-03 | grad 0.85 | tok/s 5444 | global_tok/s 348413 | elapsed_h 0.089 | time 2026-07-07T12:00:54+00:00
step 1065174 | loss 2.7021 | lr 1.01e-03 | grad 0.84 | tok/s 5309 | global_tok/s 339793 | elapsed_h 0.090 | time 2026-07-07T12:00:55+00:00
step 1065175 | loss 1.4852 | lr 1.01e-03 | grad 0.82 | tok/s 5419 | global_tok/s 346816 | elapsed_h 0.090 | time 2026-07-07T12:00:57+00:00
step 1065176 | loss 2.6161 | lr 1.01e-03 | grad 0.83 | tok/s 5339 | global_tok/s 341721 | elapsed_h 0.091 | time 2026-07-07T12:00:59+00:00
step 1065177 | loss 2.2937 | lr 1.01e-03 | grad 0.74 | tok/s 5432 | global_tok/s 347679 | elapsed_h 0.091 | time 2026-07-07T12:01:00+00:00
step 1065178 | loss 2.4642 | lr 1.01e-03 | grad 0.81 | tok/s 5280 | global_tok/s 337934 | elapsed_h 0.092 | time 2026-07-07T12:01:02+00:00
step 1065179 | loss 3.3591 | lr 1.01e-03 | grad 0.90 | tok/s 5419 | global_tok/s 346804 | elapsed_h 0.092 | time 2026-07-07T12:01:03+00:00
step 1065180 | loss 2.2082 | lr 1.01e-03 | grad 0.74 | tok/s 5449 | global_tok/s 348751 | elapsed_h 0.093 | time 2026-07-07T12:01:05+00:00
step 1065181 | loss 2.4438 | lr 1.01e-03 | grad 0.84 | tok/s 3389 | global_tok/s 216889 | elapsed_h 0.093 | time 2026-07-07T12:01:07+00:00
step 1065182 | loss 2.3925 | lr 1.01e-03 | grad 0.84 | tok/s 5387 | global_tok/s 344741 | elapsed_h 0.094 | time 2026-07-07T12:01:09+00:00
step 1065183 | loss 2.7702 | lr 1.01e-03 | grad 0.82 | tok/s 5278 | global_tok/s 337795 | elapsed_h 0.094 | time 2026-07-07T12:01:11+00:00
step 1065184 | loss 2.4099 | lr 1.01e-03 | grad 0.81 | tok/s 5287 | global_tok/s 338373 | elapsed_h 0.095 | time 2026-07-07T12:01:12+00:00
step 1065185 | loss 2.3026 | lr 1.01e-03 | grad 0.93 | tok/s 5332 | global_tok/s 341254 | elapsed_h 0.095 | time 2026-07-07T12:01:14+00:00
step 1065186 | loss 2.6984 | lr 1.01e-03 | grad 0.82 | tok/s 5339 | global_tok/s 341710 | elapsed_h 0.095 | time 2026-07-07T12:01:15+00:00
step 1065187 | loss 2.1750 | lr 1.01e-03 | grad 0.75 | tok/s 5341 | global_tok/s 341823 | elapsed_h 0.096 | time 2026-07-07T12:01:17+00:00
step 1065188 | loss 2.5201 | lr 1.01e-03 | grad 0.77 | tok/s 5322 | global_tok/s 340585 | elapsed_h 0.096 | time 2026-07-07T12:01:19+00:00
step 1065189 | loss 2.8405 | lr 1.01e-03 | grad 0.76 | tok/s 5379 | global_tok/s 344288 | elapsed_h 0.097 | time 2026-07-07T12:01:20+00:00
step 1065190 | loss 2.9231 | lr 1.01e-03 | grad 0.74 | tok/s 5355 | global_tok/s 342710 | elapsed_h 0.097 | time 2026-07-07T12:01:22+00:00
step 1065191 | loss 2.0438 | lr 1.01e-03 | grad 0.68 | tok/s 4257 | global_tok/s 272418 | elapsed_h 0.098 | time 2026-07-07T12:01:24+00:00
step 1065192 | loss 2.4292 | lr 1.01e-03 | grad 0.82 | tok/s 5393 | global_tok/s 345125 | elapsed_h 0.098 | time 2026-07-07T12:01:25+00:00
step 1065193 | loss 2.5821 | lr 1.01e-03 | grad 0.81 | tok/s 5448 | global_tok/s 348657 | elapsed_h 0.099 | time 2026-07-07T12:01:27+00:00
step 1065194 | loss 2.6467 | lr 1.01e-03 | grad 0.77 | tok/s 5317 | global_tok/s 340273 | elapsed_h 0.099 | time 2026-07-07T12:01:28+00:00
step 1065195 | loss 2.1308 | lr 1.01e-03 | grad 0.77 | tok/s 5423 | global_tok/s 347103 | elapsed_h 0.100 | time 2026-07-07T12:01:30+00:00
step 1065196 | loss 2.8737 | lr 1.01e-03 | grad 0.76 | tok/s 5432 | global_tok/s 347642 | elapsed_h 0.100 | time 2026-07-07T12:01:32+00:00
step 1065197 | loss 2.6598 | lr 1.01e-03 | grad 0.84 | tok/s 5414 | global_tok/s 346523 | elapsed_h 0.100 | time 2026-07-07T12:01:33+00:00
step 1065198 | loss 2.1880 | lr 1.01e-03 | grad 0.84 | tok/s 5355 | global_tok/s 342710 | elapsed_h 0.101 | time 2026-07-07T12:01:35+00:00
step 1065199 | loss 2.5296 | lr 1.01e-03 | grad 0.80 | tok/s 5416 | global_tok/s 346632 | elapsed_h 0.101 | time 2026-07-07T12:01:36+00:00
[DiLoCoMergeDebug] rank=0 step=1065200 merge=5 label=sf_x bucket=0 numel=1286589072 dtype=torch.bfloat16 phase=enter
[DiLoCoMergeDebug] rank=0 step=1065200 merge=5 label=sf_x bucket=0 numel=1286589072 dtype=torch.bfloat16 phase=exit elapsed_s=0.000214
[DiLoCoMergeDebug] rank=0 step=1065200 merge=5 label=sf_z bucket=0 numel=1286586696 dtype=torch.bfloat16 phase=enter
[DiLoCoMergeDebug] rank=0 step=1065200 merge=5 label=sf_z bucket=0 numel=1286586696 dtype=torch.bfloat16 phase=exit elapsed_s=0.000111
  >>> [DiLoCo] merge #5 at step 1065200: averaged model weights across 64 ranks in 2528 ms (amortized over 40 steps)
step 1065200 | loss 2.6485 | lr 1.01e-03 | grad 0.79 | tok/s 2014 | global_tok/s 128871 | elapsed_h 0.102 | time 2026-07-07T12:01:41+00:00
  >>> saved checkpoint: checkpoint_step_1065200_loss_2.6485.pt
step 1065201 | loss 2.7350 | lr 1.01e-03 | grad 0.75 | tok/s 829 | global_tok/s 53073 | elapsed_h 0.105 | time 2026-07-07T12:01:50+00:00
step 1065202 | loss 2.0340 | lr 1.01e-03 | grad 0.72 | tok/s 5324 | global_tok/s 340718 | elapsed_h 0.106 | time 2026-07-07T12:01:52+00:00
step 1065203 | loss 2.3763 | lr 1.01e-03 | grad 0.79 | tok/s 5281 | global_tok/s 337976 | elapsed_h 0.106 | time 2026-07-07T12:01:54+00:00
step 1065204 | loss 2.9383 | lr 1.01e-03 | grad 0.85 | tok/s 5337 | global_tok/s 341562 | elapsed_h 0.107 | time 2026-07-07T12:01:55+00:00
step 1065205 | loss 1.9884 | lr 1.01e-03 | grad 0.79 | tok/s 5494 | global_tok/s 351648 | elapsed_h 0.107 | time 2026-07-07T12:01:57+00:00
step 1065206 | loss 2.5564 | lr 1.01e-03 | grad 0.74 | tok/s 5389 | global_tok/s 344905 | elapsed_h 0.107 | time 2026-07-07T12:01:58+00:00
step 1065207 | loss 2.0506 | lr 1.01e-03 | grad 0.70 | tok/s 5344 | global_tok/s 342007 | elapsed_h 0.108 | time 2026-07-07T12:02:00+00:00
step 1065208 | loss 2.8412 | lr 1.01e-03 | grad 0.76 | tok/s 5400 | global_tok/s 345601 | elapsed_h 0.108 | time 2026-07-07T12:02:02+00:00
step 1065209 | loss 2.2507 | lr 1.01e-03 | grad 0.73 | tok/s 5426 | global_tok/s 347260 | elapsed_h 0.109 | time 2026-07-07T12:02:03+00:00
step 1065210 | loss 2.0775 | lr 1.01e-03 | grad 0.77 | tok/s 5434 | global_tok/s 347746 | elapsed_h 0.109 | time 2026-07-07T12:02:05+00:00
step 1065211 | loss 2.4930 | lr 1.01e-03 | grad 0.75 | tok/s 4212 | global_tok/s 269548 | elapsed_h 0.110 | time 2026-07-07T12:02:07+00:00
step 1065212 | loss 2.5785 | lr 1.01e-03 | grad 0.76 | tok/s 5339 | global_tok/s 341676 | elapsed_h 0.110 | time 2026-07-07T12:02:08+00:00
step 1065213 | loss 2.8302 | lr 1.01e-03 | grad 0.80 | tok/s 5318 | global_tok/s 340378 | elapsed_h 0.111 | time 2026-07-07T12:02:10+00:00
step 1065214 | loss 2.5782 | lr 1.01e-03 | grad 0.73 | tok/s 5395 | global_tok/s 345252 | elapsed_h 0.111 | time 2026-07-07T12:02:11+00:00
step 1065215 | loss 3.6717 | lr 1.01e-03 | grad 0.80 | tok/s 5358 | global_tok/s 342909 | elapsed_h 0.111 | time 2026-07-07T12:02:13+00:00
step 1065216 | loss 3.0641 | lr 1.01e-03 | grad 0.85 | tok/s 5294 | global_tok/s 338806 | elapsed_h 0.112 | time 2026-07-07T12:02:15+00:00
step 1065217 | loss 3.2618 | lr 1.01e-03 | grad 0.78 | tok/s 5458 | global_tok/s 349293 | elapsed_h 0.112 | time 2026-07-07T12:02:16+00:00
step 1065218 | loss 1.7402 | lr 1.01e-03 | grad 0.81 | tok/s 5393 | global_tok/s 345134 | elapsed_h 0.113 | time 2026-07-07T12:02:18+00:00
step 1065219 | loss 2.5661 | lr 1.01e-03 | grad 0.84 | tok/s 5387 | global_tok/s 344749 | elapsed_h 0.113 | time 2026-07-07T12:02:19+00:00
step 1065220 | loss 2.9078 | lr 1.01e-03 | grad 0.74 | tok/s 5437 | global_tok/s 347963 | elapsed_h 0.114 | time 2026-07-07T12:02:21+00:00
step 1065221 | loss 2.2437 | lr 1.01e-03 | grad 0.76 | tok/s 4138 | global_tok/s 264845 | elapsed_h 0.114 | time 2026-07-07T12:02:23+00:00
step 1065222 | loss 2.3150 | lr 1.01e-03 | grad 0.80 | tok/s 5394 | global_tok/s 345236 | elapsed_h 0.115 | time 2026-07-07T12:02:25+00:00
step 1065223 | loss 2.4239 | lr 1.01e-03 | grad 0.77 | tok/s 5335 | global_tok/s 341433 | elapsed_h 0.115 | time 2026-07-07T12:02:26+00:00
step 1065224 | loss 2.8326 | lr 1.01e-03 | grad 0.95 | tok/s 5346 | global_tok/s 342128 | elapsed_h 0.116 | time 2026-07-07T12:02:28+00:00
step 1065225 | loss 2.2669 | lr 1.01e-03 | grad 0.76 | tok/s 5379 | global_tok/s 344238 | elapsed_h 0.116 | time 2026-07-07T12:02:29+00:00
step 1065226 | loss 1.9739 | lr 1.01e-03 | grad 0.74 | tok/s 5296 | global_tok/s 338941 | elapsed_h 0.116 | time 2026-07-07T12:02:31+00:00
step 1065227 | loss 2.6749 | lr 1.01e-03 | grad 0.87 | tok/s 5450 | global_tok/s 348776 | elapsed_h 0.117 | time 2026-07-07T12:02:32+00:00
step 1065228 | loss 2.4987 | lr 1.01e-03 | grad 0.75 | tok/s 5425 | global_tok/s 347212 | elapsed_h 0.117 | time 2026-07-07T12:02:34+00:00
step 1065229 | loss 2.3688 | lr 1.01e-03 | grad 0.82 | tok/s 5429 | global_tok/s 347476 | elapsed_h 0.118 | time 2026-07-07T12:02:36+00:00
step 1065230 | loss 2.4945 | lr 1.01e-03 | grad 0.73 | tok/s 5393 | global_tok/s 345164 | elapsed_h 0.118 | time 2026-07-07T12:02:37+00:00
step 1065231 | loss 1.4708 | lr 1.01e-03 | grad 0.81 | tok/s 4133 | global_tok/s 264511 | elapsed_h 0.119 | time 2026-07-07T12:02:39+00:00
step 1065232 | loss 2.6551 | lr 1.01e-03 | grad 0.80 | tok/s 5260 | global_tok/s 336632 | elapsed_h 0.119 | time 2026-07-07T12:02:41+00:00
step 1065233 | loss 2.3186 | lr 1.01e-03 | grad 0.78 | tok/s 5272 | global_tok/s 337404 | elapsed_h 0.120 | time 2026-07-07T12:02:42+00:00
step 1065234 | loss 2.7448 | lr 1.01e-03 | grad 0.79 | tok/s 5395 | global_tok/s 345277 | elapsed_h 0.120 | time 2026-07-07T12:02:44+00:00
step 1065235 | loss 2.0664 | lr 1.01e-03 | grad 0.78 | tok/s 5395 | global_tok/s 345254 | elapsed_h 0.121 | time 2026-07-07T12:02:46+00:00
step 1065236 | loss 3.0314 | lr 1.01e-03 | grad 0.76 | tok/s 5317 | global_tok/s 340298 | elapsed_h 0.121 | time 2026-07-07T12:02:47+00:00
step 1065237 | loss 2.4452 | lr 1.01e-03 | grad 0.80 | tok/s 5417 | global_tok/s 346679 | elapsed_h 0.121 | time 2026-07-07T12:02:49+00:00
step 1065238 | loss 2.3408 | lr 1.01e-03 | grad 0.75 | tok/s 5326 | global_tok/s 340861 | elapsed_h 0.122 | time 2026-07-07T12:02:50+00:00
step 1065239 | loss 2.5121 | lr 1.01e-03 | grad 0.75 | tok/s 5451 | global_tok/s 348852 | elapsed_h 0.122 | time 2026-07-07T12:02:52+00:00
[DiLoCoMergeDebug] rank=0 step=1065240 merge=6 label=sf_x bucket=0 numel=1286589072 dtype=torch.bfloat16 phase=enter
[DiLoCoMergeDebug] rank=0 step=1065240 merge=6 label=sf_x bucket=0 numel=1286589072 dtype=torch.bfloat16 phase=exit elapsed_s=0.000207
[DiLoCoMergeDebug] rank=0 step=1065240 merge=6 label=sf_z bucket=0 numel=1286586696 dtype=torch.bfloat16 phase=enter
[DiLoCoMergeDebug] rank=0 step=1065240 merge=6 label=sf_z bucket=0 numel=1286586696 dtype=torch.bfloat16 phase=exit elapsed_s=0.000113
  >>> [DiLoCo] merge #6 at step 1065240: averaged model weights across 64 ranks in 2506 ms (amortized over 40 steps)
step 1065240 | loss 2.0373 | lr 1.01e-03 | grad 0.79 | tok/s 2029 | global_tok/s 129877 | elapsed_h 0.123 | time 2026-07-07T12:02:56+00:00
  >>> saved checkpoint: checkpoint_step_1065240_loss_2.0373.pt
step 1065241 | loss 2.6148 | lr 1.01e-03 | grad 0.75 | tok/s 861 | global_tok/s 55100 | elapsed_h 0.126 | time 2026-07-07T12:03:06+00:00
step 1065242 | loss 2.6553 | lr 1.01e-03 | grad 0.82 | tok/s 5403 | global_tok/s 345791 | elapsed_h 0.127 | time 2026-07-07T12:03:07+00:00
step 1065243 | loss 2.6535 | lr 1.01e-03 | grad 0.79 | tok/s 5406 | global_tok/s 345957 | elapsed_h 0.127 | time 2026-07-07T12:03:09+00:00
step 1065244 | loss 2.5943 | lr 1.01e-03 | grad 0.75 | tok/s 5437 | global_tok/s 347962 | elapsed_h 0.127 | time 2026-07-07T12:03:10+00:00
step 1065245 | loss 3.0841 | lr 1.01e-03 | grad 0.90 | tok/s 5388 | global_tok/s 344833 | elapsed_h 0.128 | time 2026-07-07T12:03:12+00:00
step 1065246 | loss 2.8360 | lr 1.01e-03 | grad 0.73 | tok/s 5421 | global_tok/s 346926 | elapsed_h 0.128 | time 2026-07-07T12:03:13+00:00
step 1065247 | loss 2.2270 | lr 1.01e-03 | grad 0.77 | tok/s 5425 | global_tok/s 347215 | elapsed_h 0.129 | time 2026-07-07T12:03:15+00:00
step 1065248 | loss 2.4133 | lr 1.01e-03 | grad 0.79 | tok/s 5373 | global_tok/s 343884 | elapsed_h 0.129 | time 2026-07-07T12:03:17+00:00
step 1065249 | loss 2.7869 | lr 1.01e-03 | grad 0.80 | tok/s 5296 | global_tok/s 338944 | elapsed_h 0.130 | time 2026-07-07T12:03:18+00:00
step 1065250 | loss 3.0330 | lr 1.01e-03 | grad 0.77 | tok/s 5281 | global_tok/s 337956 | elapsed_h 0.130 | time 2026-07-07T12:03:20+00:00
step 1065251 | loss 2.7979 | lr 1.01e-03 | grad 1.00 | tok/s 4138 | global_tok/s 264804 | elapsed_h 0.131 | time 2026-07-07T12:03:22+00:00
step 1065252 | loss 2.0685 | lr 1.01e-03 | grad 0.68 | tok/s 5330 | global_tok/s 341124 | elapsed_h 0.131 | time 2026-07-07T12:03:23+00:00
step 1065253 | loss 2.1601 | lr 1.01e-03 | grad 0.73 | tok/s 5437 | global_tok/s 347972 | elapsed_h 0.131 | time 2026-07-07T12:03:25+00:00
step 1065254 | loss 2.9010 | lr 1.01e-03 | grad 1.05 | tok/s 5442 | global_tok/s 348289 | elapsed_h 0.132 | time 2026-07-07T12:03:27+00:00
step 1065255 | loss 2.6027 | lr 1.01e-03 | grad 0.77 | tok/s 5449 | global_tok/s 348746 | elapsed_h 0.132 | time 2026-07-07T12:03:28+00:00
step 1065256 | loss 2.5419 | lr 1.01e-03 | grad 0.81 | tok/s 5374 | global_tok/s 343928 | elapsed_h 0.133 | time 2026-07-07T12:03:30+00:00
step 1065257 | loss 2.3075 | lr 1.01e-03 | grad 0.79 | tok/s 5380 | global_tok/s 344330 | elapsed_h 0.133 | time 2026-07-07T12:03:31+00:00
step 1065258 | loss 2.2578 | lr 1.01e-03 | grad 0.80 | tok/s 5335 | global_tok/s 341432 | elapsed_h 0.134 | time 2026-07-07T12:03:33+00:00
step 1065259 | loss 2.3696 | lr 1.01e-03 | grad 0.80 | tok/s 5329 | global_tok/s 341088 | elapsed_h 0.134 | time 2026-07-07T12:03:35+00:00
step 1065260 | loss 2.1952 | lr 1.01e-03 | grad 0.76 | tok/s 5361 | global_tok/s 343135 | elapsed_h 0.135 | time 2026-07-07T12:03:36+00:00
step 1065261 | loss 2.1436 | lr 1.01e-03 | grad 0.82 | tok/s 4155 | global_tok/s 265894 | elapsed_h 0.135 | time 2026-07-07T12:03:38+00:00
step 1065262 | loss 2.6661 | lr 1.01e-03 | grad 0.78 | tok/s 5396 | global_tok/s 345345 | elapsed_h 0.136 | time 2026-07-07T12:03:40+00:00
step 1065263 | loss 2.2822 | lr 1.01e-03 | grad 0.92 | tok/s 5341 | global_tok/s 341832 | elapsed_h 0.136 | time 2026-07-07T12:03:41+00:00
step 1065264 | loss 3.0950 | lr 1.01e-03 | grad 0.78 | tok/s 5400 | global_tok/s 345613 | elapsed_h 0.136 | time 2026-07-07T12:03:43+00:00
step 1065265 | loss 2.5216 | lr 1.01e-03 | grad 0.71 | tok/s 5295 | global_tok/s 338870 | elapsed_h 0.137 | time 2026-07-07T12:03:45+00:00
step 1065266 | loss 2.8728 | lr 1.01e-03 | grad 0.76 | tok/s 5438 | global_tok/s 348027 | elapsed_h 0.137 | time 2026-07-07T12:03:46+00:00
step 1065267 | loss 2.1498 | lr 1.01e-03 | grad 0.73 | tok/s 5339 | global_tok/s 341667 | elapsed_h 0.138 | time 2026-07-07T12:03:48+00:00
step 1065268 | loss 2.2781 | lr 1.01e-03 | grad 0.84 | tok/s 5441 | global_tok/s 348226 | elapsed_h 0.138 | time 2026-07-07T12:03:49+00:00
step 1065269 | loss 1.8454 | lr 1.01e-03 | grad 0.71 | tok/s 5373 | global_tok/s 343891 | elapsed_h 0.139 | time 2026-07-07T12:03:51+00:00
step 1065270 | loss 3.0210 | lr 1.01e-03 | grad 0.79 | tok/s 5418 | global_tok/s 346722 | elapsed_h 0.139 | time 2026-07-07T12:03:52+00:00
step 1065271 | loss 2.8253 | lr 1.01e-03 | grad 0.75 | tok/s 4016 | global_tok/s 257013 | elapsed_h 0.140 | time 2026-07-07T12:03:55+00:00
step 1065272 | loss 2.2688 | lr 1.01e-03 | grad 0.89 | tok/s 5217 | global_tok/s 333915 | elapsed_h 0.140 | time 2026-07-07T12:03:56+00:00
step 1065273 | loss 2.9423 | lr 1.01e-03 | grad 0.77 | tok/s 5452 | global_tok/s 348912 | elapsed_h 0.141 | time 2026-07-07T12:03:58+00:00
step 1065274 | loss 2.6099 | lr 1.01e-03 | grad 0.79 | tok/s 5400 | global_tok/s 345583 | elapsed_h 0.141 | time 2026-07-07T12:03:59+00:00
step 1065275 | loss 2.3029 | lr 1.01e-03 | grad 0.80 | tok/s 5316 | global_tok/s 340221 | elapsed_h 0.141 | time 2026-07-07T12:04:01+00:00
step 1065276 | loss 1.7662 | lr 1.01e-03 | grad 0.82 | tok/s 5407 | global_tok/s 346018 | elapsed_h 0.142 | time 2026-07-07T12:04:02+00:00
step 1065277 | loss 2.4232 | lr 1.01e-03 | grad 0.78 | tok/s 5387 | global_tok/s 344776 | elapsed_h 0.142 | time 2026-07-07T12:04:04+00:00
step 1065278 | loss 2.4388 | lr 1.01e-03 | grad 0.83 | tok/s 5353 | global_tok/s 342611 | elapsed_h 0.143 | time 2026-07-07T12:04:06+00:00
step 1065279 | loss 2.4469 | lr 1.01e-03 | grad 0.83 | tok/s 5357 | global_tok/s 342823 | elapsed_h 0.143 | time 2026-07-07T12:04:07+00:00
[DiLoCoMergeDebug] rank=0 step=1065280 merge=7 label=sf_x bucket=0 numel=1286589072 dtype=torch.bfloat16 phase=enter
[DiLoCoMergeDebug] rank=0 step=1065280 merge=7 label=sf_x bucket=0 numel=1286589072 dtype=torch.bfloat16 phase=exit elapsed_s=0.000209
[DiLoCoMergeDebug] rank=0 step=1065280 merge=7 label=sf_z bucket=0 numel=1286586696 dtype=torch.bfloat16 phase=enter
[DiLoCoMergeDebug] rank=0 step=1065280 merge=7 label=sf_z bucket=0 numel=1286586696 dtype=torch.bfloat16 phase=exit elapsed_s=0.000113
  >>> [DiLoCo] merge #7 at step 1065280: averaged model weights across 64 ranks in 2501 ms (amortized over 40 steps)
step 1065280 | loss 2.0255 | lr 1.01e-03 | grad 0.70 | tok/s 2041 | global_tok/s 130599 | elapsed_h 0.144 | time 2026-07-07T12:04:11+00:00
[final-checkpoint] rank 0/64 entering finalization at step=1065280 reason=walltime:SLURM_JOB_END_TIME remaining_s=589.2 model_variant=level=E97,params_arg=100m,derived_params=1.3B,total_params=1286589072,mlp_ratio=2.2623 is_head=True
[final-checkpoint] rank 5/64 entering finalization at step=1065280 reason=walltime:SLURM_JOB_END_TIME remaining_s=589.2 model_variant=level=E97,params_arg=100m,derived_params=1.3B,total_params=1286589072,mlp_ratio=2.2623 is_head=False
[final-checkpoint] rank 3/64 entering finalization at step=1065280 reason=walltime:SLURM_JOB_END_TIME remaining_s=589.2 model_variant=level=E97,params_arg=100m,derived_params=1.3B,total_params=1286589072,mlp_ratio=2.2623 is_head=False
[final-checkpoint] rank 2/64 entering finalization at step=1065280 reason=walltime:SLURM_JOB_END_TIME remaining_s=589.2 model_variant=level=E97,params_arg=100m,derived_params=1.3B,total_params=1286589072,mlp_ratio=2.2623 is_head=False
[final-checkpoint] rank 8/64 entering finalization at step=1065280 reason=walltime:SLURM_JOB_END_TIME remaining_s=589.2 model_variant=level=E97,params_arg=100m,derived_params=1.3B,total_params=1286589072,mlp_ratio=2.2623 is_head=False
[final-checkpoint] rank 9/64 entering finalization at step=1065280 reason=walltime:SLURM_JOB_END_TIME remaining_s=589.2 model_variant=level=E97,params_arg=100m,derived_params=1.3B,total_params=1286589072,mlp_ratio=2.2623 is_head=False
[final-checkpoint] rank 10/64 entering finalization at step=1065280 reason=walltime:SLURM_JOB_END_TIME remaining_s=589.2 model_variant=level=E97,params_arg=100m,derived_params=1.3B,total_params=1286589072,mlp_ratio=2.2623 is_head=False
[final-checkpoint] rank 11/64 entering finalization at step=1065280 reason=walltime:SLURM_JOB_END_TIME remaining_s=589.2 model_variant=level=E97,params_arg=100m,derived_params=1.3B,total_params=1286589072,mlp_ratio=2.2623 is_head=False
[final-checkpoint] rank 13/64 entering finalization at step=1065280 reason=walltime:SLURM_JOB_END_TIME remaining_s=589.2 model_variant=level=E97,params_arg=100m,derived_params=1.3B,total_params=1286589072,mlp_ratio=2.2623 is_head=False
[final-checkpoint] rank 14/64 entering finalization at step=1065280 reason=walltime:SLURM_JOB_END_TIME remaining_s=589.2 model_variant=level=E97,params_arg=100m,derived_params=1.3B,total_params=1286589072,mlp_ratio=2.2623 is_head=False
[final-checkpoint] rank 15/64 entering finalization at step=1065280 reason=walltime:SLURM_JOB_END_TIME remaining_s=589.2 model_variant=level=E97,params_arg=100m,derived_params=1.3B,total_params=1286589072,mlp_ratio=2.2623 is_head=False
[final-checkpoint] rank 4/64 entering finalization at step=1065280 reason=walltime:SLURM_JOB_END_TIME remaining_s=589.2 model_variant=level=E97,params_arg=100m,derived_params=1.3B,total_params=1286589072,mlp_ratio=2.2623 is_head=False
[final-checkpoint] rank 16/64 entering finalization at step=1065280 reason=walltime:SLURM_JOB_END_TIME remaining_s=589.2 model_variant=level=E97,params_arg=100m,derived_params=1.3B,total_params=1286589072,mlp_ratio=2.2623 is_head=False
[final-checkpoint] rank 17/64 entering finalization at step=1065280 reason=walltime:SLURM_JOB_END_TIME remaining_s=589.2 model_variant=level=E97,params_arg=100m,derived_params=1.3B,total_params=1286589072,mlp_ratio=2.2623 is_head=False
[final-checkpoint] rank 20/64 entering finalization at step=1065280 reason=walltime:SLURM_JOB_END_TIME remaining_s=589.2 model_variant=level=E97,params_arg=100m,derived_params=1.3B,total_params=1286589072,mlp_ratio=2.2623 is_head=False
[final-checkpoint] rank 21/64 entering finalization at step=1065280 reason=walltime:SLURM_JOB_END_TIME remaining_s=589.2 model_variant=level=E97,params_arg=100m,derived_params=1.3B,total_params=1286589072,mlp_ratio=2.2623 is_head=False
[final-checkpoint] rank 22/64 entering finalization at step=1065280 reason=walltime:SLURM_JOB_END_TIME remaining_s=589.2 model_variant=level=E97,params_arg=100m,derived_params=1.3B,total_params=1286589072,mlp_ratio=2.2623 is_head=False
[final-checkpoint] rank 23/64 entering finalization at step=1065280 reason=walltime:SLURM_JOB_END_TIME remaining_s=589.2 model_variant=level=E97,params_arg=100m,derived_params=1.3B,total_params=1286589072,mlp_ratio=2.2623 is_head=False
[final-checkpoint] rank 18/64 entering finalization at step=1065280 reason=walltime:SLURM_JOB_END_TIME remaining_s=589.2 model_variant=level=E97,params_arg=100m,derived_params=1.3B,total_params=1286589072,mlp_ratio=2.2623 is_head=False
[final-checkpoint] rank 27/64 entering finalization at step=1065280 reason=walltime:SLURM_JOB_END_TIME remaining_s=589.2 model_variant=level=E97,params_arg=100m,derived_params=1.3B,total_params=1286589072,mlp_ratio=2.2623 is_head=False
[final-checkpoint] rank 29/64 entering finalization at step=1065280 reason=walltime:SLURM_JOB_END_TIME remaining_s=589.2 model_variant=level=E97,params_arg=100m,derived_params=1.3B,total_params=1286589072,mlp_ratio=2.2623 is_head=False
[final-checkpoint] rank 24/64 entering finalization at step=1065280 reason=walltime:SLURM_JOB_END_TIME remaining_s=589.2 model_variant=level=E97,params_arg=100m,derived_params=1.3B,total_params=1286589072,mlp_ratio=2.2623 is_head=False
[final-checkpoint] rank 25/64 entering finalization at step=1065280 reason=walltime:SLURM_JOB_END_TIME remaining_s=589.2 model_variant=level=E97,params_arg=100m,derived_params=1.3B,total_params=1286589072,mlp_ratio=2.2623 is_head=False
[final-checkpoint] rank 28/64 entering finalization at step=1065280 reason=walltime:SLURM_JOB_END_TIME remaining_s=589.2 model_variant=level=E97,params_arg=100m,derived_params=1.3B,total_params=1286589072,mlp_ratio=2.2623 is_head=False
[final-checkpoint] rank 31/64 entering finalization at step=1065280 reason=walltime:SLURM_JOB_END_TIME remaining_s=589.2 model_variant=level=E97,params_arg=100m,derived_params=1.3B,total_params=1286589072,mlp_ratio=2.2623 is_head=False
[final-checkpoint] rank 30/64 entering finalization at step=1065280 reason=walltime:SLURM_JOB_END_TIME remaining_s=589.2 model_variant=level=E97,params_arg=100m,derived_params=1.3B,total_params=1286589072,mlp_ratio=2.2623 is_head=False
[final-checkpoint] rank 38/64 entering finalization at step=1065280 reason=walltime:SLURM_JOB_END_TIME remaining_s=589.2 model_variant=level=E97,params_arg=100m,derived_params=1.3B,total_params=1286589072,mlp_ratio=2.2623 is_head=False
[final-checkpoint] rank 39/64 entering finalization at step=1065280 reason=walltime:SLURM_JOB_END_TIME remaining_s=589.2 model_variant=level=E97,params_arg=100m,derived_params=1.3B,total_params=1286589072,mlp_ratio=2.2623 is_head=False
[final-checkpoint] rank 32/64 entering finalization at step=1065280 reason=walltime:SLURM_JOB_END_TIME remaining_s=589.2 model_variant=level=E97,params_arg=100m,derived_params=1.3B,total_params=1286589072,mlp_ratio=2.2623 is_head=False
[final-checkpoint] rank 33/64 entering finalization at step=1065280 reason=walltime:SLURM_JOB_END_TIME remaining_s=589.2 model_variant=level=E97,params_arg=100m,derived_params=1.3B,total_params=1286589072,mlp_ratio=2.2623 is_head=False
[final-checkpoint] rank 35/64 entering finalization at step=1065280 reason=walltime:SLURM_JOB_END_TIME remaining_s=589.2 model_variant=level=E97,params_arg=100m,derived_params=1.3B,total_params=1286589072,mlp_ratio=2.2623 is_head=False
[final-checkpoint] rank 36/64 entering finalization at step=1065280 reason=walltime:SLURM_JOB_END_TIME remaining_s=589.2 model_variant=level=E97,params_arg=100m,derived_params=1.3B,total_params=1286589072,mlp_ratio=2.2623 is_head=False
[final-checkpoint] rank 37/64 entering finalization at step=1065280 reason=walltime:SLURM_JOB_END_TIME remaining_s=589.2 model_variant=level=E97,params_arg=100m,derived_params=1.3B,total_params=1286589072,mlp_ratio=2.2623 is_head=False
[final-checkpoint] rank 34/64 entering finalization at step=1065280 reason=walltime:SLURM_JOB_END_TIME remaining_s=589.2 model_variant=level=E97,params_arg=100m,derived_params=1.3B,total_params=1286589072,mlp_ratio=2.2623 is_head=False
[final-checkpoint] rank 42/64 entering finalization at step=1065280 reason=walltime:SLURM_JOB_END_TIME remaining_s=589.2 model_variant=level=E97,params_arg=100m,derived_params=1.3B,total_params=1286589072,mlp_ratio=2.2623 is_head=False
[final-checkpoint] rank 43/64 entering finalization at step=1065280 reason=walltime:SLURM_JOB_END_TIME remaining_s=589.2 model_variant=level=E97,params_arg=100m,derived_params=1.3B,total_params=1286589072,mlp_ratio=2.2623 is_head=False
[final-checkpoint] rank 44/64 entering finalization at step=1065280 reason=walltime:SLURM_JOB_END_TIME remaining_s=589.2 model_variant=level=E97,params_arg=100m,derived_params=1.3B,total_params=1286589072,mlp_ratio=2.2623 is_head=False
[final-checkpoint] rank 45/64 entering finalization at step=1065280 reason=walltime:SLURM_JOB_END_TIME remaining_s=589.2 model_variant=level=E97,params_arg=100m,derived_params=1.3B,total_params=1286589072,mlp_ratio=2.2623 is_head=False
[final-checkpoint] rank 41/64 entering finalization at step=1065280 reason=walltime:SLURM_JOB_END_TIME remaining_s=589.2 model_variant=level=E97,params_arg=100m,derived_params=1.3B,total_params=1286589072,mlp_ratio=2.2623 is_head=False
[final-checkpoint] rank 47/64 entering finalization at step=1065280 reason=walltime:SLURM_JOB_END_TIME remaining_s=589.2 model_variant=level=E97,params_arg=100m,derived_params=1.3B,total_params=1286589072,mlp_ratio=2.2623 is_head=False
[final-checkpoint] rank 46/64 entering finalization at step=1065280 reason=walltime:SLURM_JOB_END_TIME remaining_s=589.2 model_variant=level=E97,params_arg=100m,derived_params=1.3B,total_params=1286589072,mlp_ratio=2.2623 is_head=False
[final-checkpoint] rank 49/64 entering finalization at step=1065280 reason=walltime:SLURM_JOB_END_TIME remaining_s=589.2 model_variant=level=E97,params_arg=100m,derived_params=1.3B,total_params=1286589072,mlp_ratio=2.2623 is_head=False
[final-checkpoint] rank 54/64 entering finalization at step=1065280 reason=walltime:SLURM_JOB_END_TIME remaining_s=589.2 model_variant=level=E97,params_arg=100m,derived_params=1.3B,total_params=1286589072,mlp_ratio=2.2623 is_head=False
[final-checkpoint] rank 55/64 entering finalization at step=1065280 reason=walltime:SLURM_JOB_END_TIME remaining_s=589.2 model_variant=level=E97,params_arg=100m,derived_params=1.3B,total_params=1286589072,mlp_ratio=2.2623 is_head=False
[final-checkpoint] rank 48/64 entering finalization at step=1065280 reason=walltime:SLURM_JOB_END_TIME remaining_s=589.2 model_variant=level=E97,params_arg=100m,derived_params=1.3B,total_params=1286589072,mlp_ratio=2.2623 is_head=False
[final-checkpoint] rank 50/64 entering finalization at step=1065280 reason=walltime:SLURM_JOB_END_TIME remaining_s=589.2 model_variant=level=E97,params_arg=100m,derived_params=1.3B,total_params=1286589072,mlp_ratio=2.2623 is_head=False
[final-checkpoint] rank 51/64 entering finalization at step=1065280 reason=walltime:SLURM_JOB_END_TIME remaining_s=589.2 model_variant=level=E97,params_arg=100m,derived_params=1.3B,total_params=1286589072,mlp_ratio=2.2623 is_head=False
[final-checkpoint] rank 52/64 entering finalization at step=1065280 reason=walltime:SLURM_JOB_END_TIME remaining_s=589.2 model_variant=level=E97,params_arg=100m,derived_params=1.3B,total_params=1286589072,mlp_ratio=2.2623 is_head=False
[final-checkpoint] rank 53/64 entering finalization at step=1065280 reason=walltime:SLURM_JOB_END_TIME remaining_s=589.2 model_variant=level=E97,params_arg=100m,derived_params=1.3B,total_params=1286589072,mlp_ratio=2.2623 is_head=False
[final-checkpoint] rank 59/64 entering finalization at step=1065280 reason=walltime:SLURM_JOB_END_TIME remaining_s=589.2 model_variant=level=E97,params_arg=100m,derived_params=1.3B,total_params=1286589072,mlp_ratio=2.2623 is_head=False
[final-checkpoint] rank 60/64 entering finalization at step=1065280 reason=walltime:SLURM_JOB_END_TIME remaining_s=589.2 model_variant=level=E97,params_arg=100m,derived_params=1.3B,total_params=1286589072,mlp_ratio=2.2623 is_head=False
[final-checkpoint] rank 56/64 entering finalization at step=1065280 reason=walltime:SLURM_JOB_END_TIME remaining_s=589.2 model_variant=level=E97,params_arg=100m,derived_params=1.3B,total_params=1286589072,mlp_ratio=2.2623 is_head=False
[final-checkpoint] rank 57/64 entering finalization at step=1065280 reason=walltime:SLURM_JOB_END_TIME remaining_s=589.2 model_variant=level=E97,params_arg=100m,derived_params=1.3B,total_params=1286589072,mlp_ratio=2.2623 is_head=False
[final-checkpoint] rank 62/64 entering finalization at step=1065280 reason=walltime:SLURM_JOB_END_TIME remaining_s=589.2 model_variant=level=E97,params_arg=100m,derived_params=1.3B,total_params=1286589072,mlp_ratio=2.2623 is_head=False
[final-checkpoint] rank 63/64 entering finalization at step=1065280 reason=walltime:SLURM_JOB_END_TIME remaining_s=589.2 model_variant=level=E97,params_arg=100m,derived_params=1.3B,total_params=1286589072,mlp_ratio=2.2623 is_head=False
[final-checkpoint] rank 6/64 entering finalization at step=1065280 reason=walltime:SLURM_JOB_END_TIME remaining_s=589.2 model_variant=level=E97,params_arg=100m,derived_params=1.3B,total_params=1286589072,mlp_ratio=2.2623 is_head=False
[final-checkpoint] rank 1/64 entering finalization at step=1065280 reason=walltime:SLURM_JOB_END_TIME remaining_s=589.2 model_variant=level=E97,params_arg=100m,derived_params=1.3B,total_params=1286589072,mlp_ratio=2.2623 is_head=False
[final-checkpoint] rank 7/64 entering finalization at step=1065280 reason=walltime:SLURM_JOB_END_TIME remaining_s=589.2 model_variant=level=E97,params_arg=100m,derived_params=1.3B,total_params=1286589072,mlp_ratio=2.2623 is_head=False
[final-checkpoint] rank 58/64 entering finalization at step=1065280 reason=walltime:SLURM_JOB_END_TIME remaining_s=589.2 model_variant=level=E97,params_arg=100m,derived_params=1.3B,total_params=1286589072,mlp_ratio=2.2623 is_head=False
[final-checkpoint] rank 19/64 entering finalization at step=1065280 reason=walltime:SLURM_JOB_END_TIME remaining_s=589.2 model_variant=level=E97,params_arg=100m,derived_params=1.3B,total_params=1286589072,mlp_ratio=2.2623 is_head=False
[final-checkpoint] rank 26/64 entering finalization at step=1065280 reason=walltime:SLURM_JOB_END_TIME remaining_s=589.2 model_variant=level=E97,params_arg=100m,derived_params=1.3B,total_params=1286589072,mlp_ratio=2.2623 is_head=False
[final-checkpoint] rank 40/64 entering finalization at step=1065280 reason=walltime:SLURM_JOB_END_TIME remaining_s=589.2 model_variant=level=E97,params_arg=100m,derived_params=1.3B,total_params=1286589072,mlp_ratio=2.2623 is_head=False
[final-checkpoint] rank 12/64 entering finalization at step=1065280 reason=walltime:SLURM_JOB_END_TIME remaining_s=589.2 model_variant=level=E97,params_arg=100m,derived_params=1.3B,total_params=1286589072,mlp_ratio=2.2623 is_head=False
[final-checkpoint] rank 61/64 entering finalization at step=1065280 reason=walltime:SLURM_JOB_END_TIME remaining_s=589.2 model_variant=level=E97,params_arg=100m,derived_params=1.3B,total_params=1286589072,mlp_ratio=2.2623 is_head=False
[rank 20] PEAK_MEMORY_MB: 26397 | RESERVED_MEMORY_MB: 34152
[rank 19] PEAK_MEMORY_MB: 26397 | RESERVED_MEMORY_MB: 34152
[rank 45] PEAK_MEMORY_MB: 26397 | RESERVED_MEMORY_MB: 34152
[rank 35] PEAK_MEMORY_MB: 26397 | RESERVED_MEMORY_MB: 34152
[rank 11] PEAK_MEMORY_MB: 26397 | RESERVED_MEMORY_MB: 34152
[rank 63] PEAK_MEMORY_MB: 26397 | RESERVED_MEMORY_MB: 34152
[rank 56] PEAK_MEMORY_MB: 26397 | RESERVED_MEMORY_MB: 34152
[rank 42] PEAK_MEMORY_MB: 26397 | RESERVED_MEMORY_MB: 34152
[rank 34] PEAK_MEMORY_MB: 26397 | RESERVED_MEMORY_MB: 34152
[rank 29] PEAK_MEMORY_MB: 26397 | RESERVED_MEMORY_MB: 34152
[rank 12] PEAK_MEMORY_MB: 26397 | RESERVED_MEMORY_MB: 34152
[rank 51] PEAK_MEMORY_MB: 26397 | RESERVED_MEMORY_MB: 34152
[rank 41] PEAK_MEMORY_MB: 26397 | RESERVED_MEMORY_MB: 34152
[rank 33] PEAK_MEMORY_MB: 26397 | RESERVED_MEMORY_MB: 34152
[rank 60] PEAK_MEMORY_MB: 26397 | RESERVED_MEMORY_MB: 34152
[rank 57] PEAK_MEMORY_MB: 26397 | RESERVED_MEMORY_MB: 34152
[rank 13] PEAK_MEMORY_MB: 26397 | RESERVED_MEMORY_MB: 34152
[rank 6] PEAK_MEMORY_MB: 26397 | RESERVED_MEMORY_MB: 34152
[rank 48] PEAK_MEMORY_MB: 26397 | RESERVED_MEMORY_MB: 34152
[rank 26] PEAK_MEMORY_MB: 26397 | RESERVED_MEMORY_MB: 34152
[rank 17] PEAK_MEMORY_MB: 26397 | RESERVED_MEMORY_MB: 34152
[rank 22] PEAK_MEMORY_MB: 26397 | RESERVED_MEMORY_MB: 34152
[rank 30] PEAK_MEMORY_MB: 26397 | RESERVED_MEMORY_MB: 34152
[rank 18] PEAK_MEMORY_MB: 26397 | RESERVED_MEMORY_MB: 34152
[rank 21] PEAK_MEMORY_MB: 26397 | RESERVED_MEMORY_MB: 34152
[rank 23] PEAK_MEMORY_MB: 26397 | RESERVED_MEMORY_MB: 34152
[rank 4] PEAK_MEMORY_MB: 26397 | RESERVED_MEMORY_MB: 34152
  >>> [DiLoCo] final merge SKIPPED at step 1065280: last step already merged (step % K == 0); checkpoint is already consensus (avoids spurious outer-momentum double-step)
[rank 7] PEAK_MEMORY_MB: 26397 | RESERVED_MEMORY_MB: 34152
[rank 2] PEAK_MEMORY_MB: 26397 | RESERVED_MEMORY_MB: 34152
[final-checkpoint] START kind=final reason=walltime:SLURM_JOB_END_TIME step=1065280 loss=2.4949 remaining_s=588.0 model_variant=level=E97,params_arg=100m,derived_params=1.3B,total_params=1286589072,mlp_ratio=2.2623 rank=0/64 is_head=True
[rank 58] PEAK_MEMORY_MB: 26397 | RESERVED_MEMORY_MB: 34152
[rank 43] PEAK_MEMORY_MB: 26397 | RESERVED_MEMORY_MB: 34152
[rank 47] PEAK_MEMORY_MB: 26397 | RESERVED_MEMORY_MB: 34152
[rank 31] PEAK_MEMORY_MB: 26397 | RESERVED_MEMORY_MB: 34152
[rank 27] PEAK_MEMORY_MB: 26397 | RESERVED_MEMORY_MB: 34152
[rank 44] PEAK_MEMORY_MB: 26397 | RESERVED_MEMORY_MB: 34152
[rank 50] PEAK_MEMORY_MB: 26397 | RESERVED_MEMORY_MB: 34152
[rank 38] PEAK_MEMORY_MB: 26397 | RESERVED_MEMORY_MB: 34152
[rank 25] PEAK_MEMORY_MB: 26397 | RESERVED_MEMORY_MB: 34152
[rank 53] PEAK_MEMORY_MB: 26397 | RESERVED_MEMORY_MB: 34152
[rank 55] PEAK_MEMORY_MB: 26397 | RESERVED_MEMORY_MB: 34152
[rank 3] PEAK_MEMORY_MB: 26397 | RESERVED_MEMORY_MB: 34152
[rank 1] PEAK_MEMORY_MB: 26397 | RESERVED_MEMORY_MB: 34152
[rank 32] PEAK_MEMORY_MB: 26397 | RESERVED_MEMORY_MB: 34152
[rank 39] PEAK_MEMORY_MB: 26397 | RESERVED_MEMORY_MB: 34152
[rank 9] PEAK_MEMORY_MB: 26397 | RESERVED_MEMORY_MB: 34152
[rank 37] PEAK_MEMORY_MB: 26397 | RESERVED_MEMORY_MB: 34152
[rank 16] PEAK_MEMORY_MB: 26397 | RESERVED_MEMORY_MB: 34152
[rank 40] PEAK_MEMORY_MB: 26397 | RESERVED_MEMORY_MB: 34152
[rank 46] PEAK_MEMORY_MB: 26397 | RESERVED_MEMORY_MB: 34152
[rank 28] PEAK_MEMORY_MB: 26397 | RESERVED_MEMORY_MB: 34152
[rank 24] PEAK_MEMORY_MB: 26397 | RESERVED_MEMORY_MB: 34152
[rank 10] PEAK_MEMORY_MB: 26397 | RESERVED_MEMORY_MB: 34152
[rank 15] PEAK_MEMORY_MB: 26397 | RESERVED_MEMORY_MB: 34152
[rank 8] PEAK_MEMORY_MB: 26397 | RESERVED_MEMORY_MB: 34152
[rank 59] PEAK_MEMORY_MB: 26397 | RESERVED_MEMORY_MB: 34152
[rank 62] PEAK_MEMORY_MB: 26397 | RESERVED_MEMORY_MB: 34152
[rank 36] PEAK_MEMORY_MB: 26397 | RESERVED_MEMORY_MB: 34152
[rank 61] PEAK_MEMORY_MB: 26397 | RESERVED_MEMORY_MB: 34152
[rank 54] PEAK_MEMORY_MB: 26397 | RESERVED_MEMORY_MB: 34152
[rank 52] PEAK_MEMORY_MB: 26397 | RESERVED_MEMORY_MB: 34152
[rank 5] PEAK_MEMORY_MB: 26397 | RESERVED_MEMORY_MB: 34152
[rank 14] PEAK_MEMORY_MB: 26397 | RESERVED_MEMORY_MB: 34152
[rank 49] PEAK_MEMORY_MB: 26397 | RESERVED_MEMORY_MB: 34152
[final-checkpoint] END path=/lustre/orion/bif148/proj-shared/emender/frontier_runs/debug/trainpy_e97_step1065000_b4_smoke/20260707/E97_1.3B_step1065000_b4_k40_trainpy_smoke_8n_rocm711_torch210/4951457-20260707T115405Z/train/emender_E97_1.3B_20260707_075518/checkpoint_step_1065280_loss_2.4949.pt latest=/lustre/orion/bif148/proj-shared/emender/frontier_runs/debug/trainpy_e97_step1065000_b4_smoke/20260707/E97_1.3B_step1065000_b4_k40_trainpy_smoke_8n_rocm711_torch210/4951457-20260707T115405Z/train/emender_E97_1.3B_20260707_075518/latest.pt model_variant=level=E97,params_arg=100m,derived_params=1.3B,total_params=1286589072,mlp_ratio=2.2623 rank=0/64 is_head=True
[rank 0] PEAK_MEMORY_MB: 26397 | RESERVED_MEMORY_MB: 34152

Training complete! Final step: 1065280
FINAL_LOSS_LAST100: 2.4949
PEAK_MEMORY_MB: 26397
RESERVED_MEMORY_MB: 34152
DILOCO_MERGES: 7
DILOCO_K: 40
DILOCO_SYNC_TOTAL_S: 18.301
DILOCO_SYNC_AVG_MS: 2614.4
