/lustre/orion/bif148/scratch/erikgarrison/emender/.envs/olcf-rocm711-torch210-py312/lib/python3.12/site-packages/fla/utils/_device.py:100: UserWarning: Triton is not supported on current platform, roll back to CPU.
  _cpu_device_warning()
[pin-autotune] pinned mode: 18 kernels / 30 (name,key) configs from registry (set NDM_PIN_TRITON_AUTOTUNE=0 to restore sweep)
----------------------------------------
Exception occurred during processing of request from ('10.128.10.16', 48128)
Traceback (most recent call last):
  File "/lustre/orion/bif148/scratch/erikgarrison/emender/.wg-worktrees/agent-1263/ndm/resilient_pool_runtime.py", line 362, in handle
    header, payload = recv_frame(self.rfile,
                      ^^^^^^^^^^^^^^^^^^^^^^
  File "/lustre/orion/bif148/scratch/erikgarrison/emender/.wg-worktrees/agent-1263/ndm/resilient_node_transport.py", line 115, in recv_frame
    payload = _recv_exact(stream, payload_size)
              ^^^^^^^^^^^^^^^^^^^^^^^^^^^^^^^^^
  File "/lustre/orion/bif148/scratch/erikgarrison/emender/.wg-worktrees/agent-1263/ndm/resilient_node_transport.py", line 89, in _recv_exact
    raise EOFError("peer closed framed transport")
EOFError: peer closed framed transport

During handling of the above exception, another exception occurred:

Traceback (most recent call last):
  File "/lustre/orion/bif148/scratch/erikgarrison/emender/.envs/olcf-rocm711-torch210-py312/lib/python3.12/socketserver.py", line 697, in process_request_thread
    self.finish_request(request, client_address)
  File "/lustre/orion/bif148/scratch/erikgarrison/emender/.envs/olcf-rocm711-torch210-py312/lib/python3.12/socketserver.py", line 362, in finish_request
    self.RequestHandlerClass(request, client_address, self)
  File "/lustre/orion/bif148/scratch/erikgarrison/emender/.envs/olcf-rocm711-torch210-py312/lib/python3.12/socketserver.py", line 766, in __init__
    self.handle()
  File "/lustre/orion/bif148/scratch/erikgarrison/emender/.wg-worktrees/agent-1263/ndm/resilient_pool_runtime.py", line 367, in handle
    send_frame(self.wfile, {"op": "error", "error": str(error)})
  File "/lustre/orion/bif148/scratch/erikgarrison/emender/.wg-worktrees/agent-1263/ndm/resilient_node_transport.py", line 102, in send_frame
    stream.write(encoded)
  File "/lustre/orion/bif148/scratch/erikgarrison/emender/.envs/olcf-rocm711-torch210-py312/lib/python3.12/socketserver.py", line 845, in write
    self._sock.sendall(b)
BrokenPipeError: [Errno 32] Broken pipe
----------------------------------------
----------------------------------------
Exception occurred during processing of request from ('10.128.10.16', 48142)
Traceback (most recent call last):
  File "/lustre/orion/bif148/scratch/erikgarrison/emender/.wg-worktrees/agent-1263/ndm/resilient_pool_runtime.py", line 362, in handle
    header, payload = recv_frame(self.rfile,
                      ^^^^^^^^^^^^^^^^^^^^^^
  File "/lustre/orion/bif148/scratch/erikgarrison/emender/.wg-worktrees/agent-1263/ndm/resilient_node_transport.py", line 115, in recv_frame
    payload = _recv_exact(stream, payload_size)
              ^^^^^^^^^^^^^^^^^^^^^^^^^^^^^^^^^
  File "/lustre/orion/bif148/scratch/erikgarrison/emender/.wg-worktrees/agent-1263/ndm/resilient_node_transport.py", line 89, in _recv_exact
    raise EOFError("peer closed framed transport")
EOFError: peer closed framed transport

During handling of the above exception, another exception occurred:

Traceback (most recent call last):
  File "/lustre/orion/bif148/scratch/erikgarrison/emender/.envs/olcf-rocm711-torch210-py312/lib/python3.12/socketserver.py", line 697, in process_request_thread
    self.finish_request(request, client_address)
  File "/lustre/orion/bif148/scratch/erikgarrison/emender/.envs/olcf-rocm711-torch210-py312/lib/python3.12/socketserver.py", line 362, in finish_request
    self.RequestHandlerClass(request, client_address, self)
  File "/lustre/orion/bif148/scratch/erikgarrison/emender/.envs/olcf-rocm711-torch210-py312/lib/python3.12/socketserver.py", line 766, in __init__
    self.handle()
  File "/lustre/orion/bif148/scratch/erikgarrison/emender/.wg-worktrees/agent-1263/ndm/resilient_pool_runtime.py", line 367, in handle
    send_frame(self.wfile, {"op": "error", "error": str(error)})
  File "/lustre/orion/bif148/scratch/erikgarrison/emender/.wg-worktrees/agent-1263/ndm/resilient_node_transport.py", line 102, in send_frame
    stream.write(encoded)
  File "/lustre/orion/bif148/scratch/erikgarrison/emender/.envs/olcf-rocm711-torch210-py312/lib/python3.12/socketserver.py", line 845, in write
    self._sock.sendall(b)
BrokenPipeError: [Errno 32] Broken pipe
----------------------------------------
----------------------------------------
Exception occurred during processing of request from ('10.128.10.16', 48150)
Traceback (most recent call last):
  File "/lustre/orion/bif148/scratch/erikgarrison/emender/.wg-worktrees/agent-1263/ndm/resilient_pool_runtime.py", line 362, in handle
    header, payload = recv_frame(self.rfile,
                      ^^^^^^^^^^^^^^^^^^^^^^
  File "/lustre/orion/bif148/scratch/erikgarrison/emender/.wg-worktrees/agent-1263/ndm/resilient_node_transport.py", line 115, in recv_frame
    payload = _recv_exact(stream, payload_size)
              ^^^^^^^^^^^^^^^^^^^^^^^^^^^^^^^^^
  File "/lustre/orion/bif148/scratch/erikgarrison/emender/.wg-worktrees/agent-1263/ndm/resilient_node_transport.py", line 89, in _recv_exact
    raise EOFError("peer closed framed transport")
EOFError: peer closed framed transport

During handling of the above exception, another exception occurred:

Traceback (most recent call last):
  File "/lustre/orion/bif148/scratch/erikgarrison/emender/.envs/olcf-rocm711-torch210-py312/lib/python3.12/socketserver.py", line 697, in process_request_thread
    self.finish_request(request, client_address)
  File "/lustre/orion/bif148/scratch/erikgarrison/emender/.envs/olcf-rocm711-torch210-py312/lib/python3.12/socketserver.py", line 362, in finish_request
    self.RequestHandlerClass(request, client_address, self)
  File "/lustre/orion/bif148/scratch/erikgarrison/emender/.envs/olcf-rocm711-torch210-py312/lib/python3.12/socketserver.py", line 766, in __init__
    self.handle()
  File "/lustre/orion/bif148/scratch/erikgarrison/emender/.wg-worktrees/agent-1263/ndm/resilient_pool_runtime.py", line 367, in handle
    send_frame(self.wfile, {"op": "error", "error": str(error)})
  File "/lustre/orion/bif148/scratch/erikgarrison/emender/.wg-worktrees/agent-1263/ndm/resilient_node_transport.py", line 102, in send_frame
    stream.write(encoded)
  File "/lustre/orion/bif148/scratch/erikgarrison/emender/.envs/olcf-rocm711-torch210-py312/lib/python3.12/socketserver.py", line 845, in write
    self._sock.sendall(b)
BrokenPipeError: [Errno 32] Broken pipe
----------------------------------------
----------------------------------------
Exception occurred during processing of request from ('10.128.10.16', 48164)
Traceback (most recent call last):
  File "/lustre/orion/bif148/scratch/erikgarrison/emender/.wg-worktrees/agent-1263/ndm/resilient_pool_runtime.py", line 362, in handle
    header, payload = recv_frame(self.rfile,
                      ^^^^^^^^^^^^^^^^^^^^^^
  File "/lustre/orion/bif148/scratch/erikgarrison/emender/.wg-worktrees/agent-1263/ndm/resilient_node_transport.py", line 115, in recv_frame
    payload = _recv_exact(stream, payload_size)
              ^^^^^^^^^^^^^^^^^^^^^^^^^^^^^^^^^
  File "/lustre/orion/bif148/scratch/erikgarrison/emender/.wg-worktrees/agent-1263/ndm/resilient_node_transport.py", line 89, in _recv_exact
    raise EOFError("peer closed framed transport")
EOFError: peer closed framed transport

During handling of the above exception, another exception occurred:

Traceback (most recent call last):
  File "/lustre/orion/bif148/scratch/erikgarrison/emender/.envs/olcf-rocm711-torch210-py312/lib/python3.12/socketserver.py", line 697, in process_request_thread
    self.finish_request(request, client_address)
  File "/lustre/orion/bif148/scratch/erikgarrison/emender/.envs/olcf-rocm711-torch210-py312/lib/python3.12/socketserver.py", line 362, in finish_request
    self.RequestHandlerClass(request, client_address, self)
  File "/lustre/orion/bif148/scratch/erikgarrison/emender/.envs/olcf-rocm711-torch210-py312/lib/python3.12/socketserver.py", line 766, in __init__
    self.handle()
  File "/lustre/orion/bif148/scratch/erikgarrison/emender/.wg-worktrees/agent-1263/ndm/resilient_pool_runtime.py", line 367, in handle
    send_frame(self.wfile, {"op": "error", "error": str(error)})
  File "/lustre/orion/bif148/scratch/erikgarrison/emender/.wg-worktrees/agent-1263/ndm/resilient_node_transport.py", line 102, in send_frame
    stream.write(encoded)
  File "/lustre/orion/bif148/scratch/erikgarrison/emender/.envs/olcf-rocm711-torch210-py312/lib/python3.12/socketserver.py", line 845, in write
    self._sock.sendall(b)
BrokenPipeError: [Errno 32] Broken pipe
----------------------------------------
----------------------------------------
Exception occurred during processing of request from ('10.128.10.16', 48180)
Traceback (most recent call last):
  File "/lustre/orion/bif148/scratch/erikgarrison/emender/.wg-worktrees/agent-1263/ndm/resilient_pool_runtime.py", line 362, in handle
    header, payload = recv_frame(self.rfile,
                      ^^^^^^^^^^^^^^^^^^^^^^
  File "/lustre/orion/bif148/scratch/erikgarrison/emender/.wg-worktrees/agent-1263/ndm/resilient_node_transport.py", line 115, in recv_frame
    payload = _recv_exact(stream, payload_size)
              ^^^^^^^^^^^^^^^^^^^^^^^^^^^^^^^^^
  File "/lustre/orion/bif148/scratch/erikgarrison/emender/.wg-worktrees/agent-1263/ndm/resilient_node_transport.py", line 89, in _recv_exact
    raise EOFError("peer closed framed transport")
EOFError: peer closed framed transport

During handling of the above exception, another exception occurred:

Traceback (most recent call last):
  File "/lustre/orion/bif148/scratch/erikgarrison/emender/.envs/olcf-rocm711-torch210-py312/lib/python3.12/socketserver.py", line 697, in process_request_thread
    self.finish_request(request, client_address)
  File "/lustre/orion/bif148/scratch/erikgarrison/emender/.envs/olcf-rocm711-torch210-py312/lib/python3.12/socketserver.py", line 362, in finish_request
    self.RequestHandlerClass(request, client_address, self)
  File "/lustre/orion/bif148/scratch/erikgarrison/emender/.envs/olcf-rocm711-torch210-py312/lib/python3.12/socketserver.py", line 766, in __init__
    self.handle()
  File "/lustre/orion/bif148/scratch/erikgarrison/emender/.wg-worktrees/agent-1263/ndm/resilient_pool_runtime.py", line 367, in handle
    send_frame(self.wfile, {"op": "error", "error": str(error)})
  File "/lustre/orion/bif148/scratch/erikgarrison/emender/.wg-worktrees/agent-1263/ndm/resilient_node_transport.py", line 102, in send_frame
    stream.write(encoded)
  File "/lustre/orion/bif148/scratch/erikgarrison/emender/.envs/olcf-rocm711-torch210-py312/lib/python3.12/socketserver.py", line 845, in write
    self._sock.sendall(b)
BrokenPipeError: [Errno 32] Broken pipe
----------------------------------------
----------------------------------------
Exception occurred during processing of request from ('10.128.10.16', 42068)
Traceback (most recent call last):
  File "/lustre/orion/bif148/scratch/erikgarrison/emender/.wg-worktrees/agent-1263/ndm/resilient_pool_runtime.py", line 362, in handle
    header, payload = recv_frame(self.rfile,
                      ^^^^^^^^^^^^^^^^^^^^^^
  File "/lustre/orion/bif148/scratch/erikgarrison/emender/.wg-worktrees/agent-1263/ndm/resilient_node_transport.py", line 115, in recv_frame
    payload = _recv_exact(stream, payload_size)
              ^^^^^^^^^^^^^^^^^^^^^^^^^^^^^^^^^
  File "/lustre/orion/bif148/scratch/erikgarrison/emender/.wg-worktrees/agent-1263/ndm/resilient_node_transport.py", line 89, in _recv_exact
    raise EOFError("peer closed framed transport")
EOFError: peer closed framed transport

During handling of the above exception, another exception occurred:

Traceback (most recent call last):
  File "/lustre/orion/bif148/scratch/erikgarrison/emender/.envs/olcf-rocm711-torch210-py312/lib/python3.12/socketserver.py", line 697, in process_request_thread
    self.finish_request(request, client_address)
  File "/lustre/orion/bif148/scratch/erikgarrison/emender/.envs/olcf-rocm711-torch210-py312/lib/python3.12/socketserver.py", line 362, in finish_request
    self.RequestHandlerClass(request, client_address, self)
  File "/lustre/orion/bif148/scratch/erikgarrison/emender/.envs/olcf-rocm711-torch210-py312/lib/python3.12/socketserver.py", line 766, in __init__
    self.handle()
  File "/lustre/orion/bif148/scratch/erikgarrison/emender/.wg-worktrees/agent-1263/ndm/resilient_pool_runtime.py", line 367, in handle
    send_frame(self.wfile, {"op": "error", "error": str(error)})
  File "/lustre/orion/bif148/scratch/erikgarrison/emender/.wg-worktrees/agent-1263/ndm/resilient_node_transport.py", line 102, in send_frame
    stream.write(encoded)
  File "/lustre/orion/bif148/scratch/erikgarrison/emender/.envs/olcf-rocm711-torch210-py312/lib/python3.12/socketserver.py", line 845, in write
    self._sock.sendall(b)
BrokenPipeError: [Errno 32] Broken pipe
----------------------------------------
----------------------------------------
Exception occurred during processing of request from ('10.128.10.16', 42084)
Traceback (most recent call last):
  File "/lustre/orion/bif148/scratch/erikgarrison/emender/.wg-worktrees/agent-1263/ndm/resilient_pool_runtime.py", line 362, in handle
    header, payload = recv_frame(self.rfile,
                      ^^^^^^^^^^^^^^^^^^^^^^
  File "/lustre/orion/bif148/scratch/erikgarrison/emender/.wg-worktrees/agent-1263/ndm/resilient_node_transport.py", line 115, in recv_frame
    payload = _recv_exact(stream, payload_size)
              ^^^^^^^^^^^^^^^^^^^^^^^^^^^^^^^^^
  File "/lustre/orion/bif148/scratch/erikgarrison/emender/.wg-worktrees/agent-1263/ndm/resilient_node_transport.py", line 89, in _recv_exact
    raise EOFError("peer closed framed transport")
EOFError: peer closed framed transport

During handling of the above exception, another exception occurred:

Traceback (most recent call last):
  File "/lustre/orion/bif148/scratch/erikgarrison/emender/.envs/olcf-rocm711-torch210-py312/lib/python3.12/socketserver.py", line 697, in process_request_thread
    self.finish_request(request, client_address)
  File "/lustre/orion/bif148/scratch/erikgarrison/emender/.envs/olcf-rocm711-torch210-py312/lib/python3.12/socketserver.py", line 362, in finish_request
    self.RequestHandlerClass(request, client_address, self)
  File "/lustre/orion/bif148/scratch/erikgarrison/emender/.envs/olcf-rocm711-torch210-py312/lib/python3.12/socketserver.py", line 766, in __init__
    self.handle()
  File "/lustre/orion/bif148/scratch/erikgarrison/emender/.wg-worktrees/agent-1263/ndm/resilient_pool_runtime.py", line 367, in handle
    send_frame(self.wfile, {"op": "error", "error": str(error)})
  File "/lustre/orion/bif148/scratch/erikgarrison/emender/.wg-worktrees/agent-1263/ndm/resilient_node_transport.py", line 102, in send_frame
    stream.write(encoded)
  File "/lustre/orion/bif148/scratch/erikgarrison/emender/.envs/olcf-rocm711-torch210-py312/lib/python3.12/socketserver.py", line 845, in write
    self._sock.sendall(b)
BrokenPipeError: [Errno 32] Broken pipe
----------------------------------------
----------------------------------------
Exception occurred during processing of request from ('10.128.10.16', 42092)
Traceback (most recent call last):
  File "/lustre/orion/bif148/scratch/erikgarrison/emender/.wg-worktrees/agent-1263/ndm/resilient_pool_runtime.py", line 362, in handle
    header, payload = recv_frame(self.rfile,
                      ^^^^^^^^^^^^^^^^^^^^^^
  File "/lustre/orion/bif148/scratch/erikgarrison/emender/.wg-worktrees/agent-1263/ndm/resilient_node_transport.py", line 115, in recv_frame
    payload = _recv_exact(stream, payload_size)
              ^^^^^^^^^^^^^^^^^^^^^^^^^^^^^^^^^
  File "/lustre/orion/bif148/scratch/erikgarrison/emender/.wg-worktrees/agent-1263/ndm/resilient_node_transport.py", line 89, in _recv_exact
    raise EOFError("peer closed framed transport")
EOFError: peer closed framed transport

During handling of the above exception, another exception occurred:

Traceback (most recent call last):
  File "/lustre/orion/bif148/scratch/erikgarrison/emender/.envs/olcf-rocm711-torch210-py312/lib/python3.12/socketserver.py", line 697, in process_request_thread
    self.finish_request(request, client_address)
  File "/lustre/orion/bif148/scratch/erikgarrison/emender/.envs/olcf-rocm711-torch210-py312/lib/python3.12/socketserver.py", line 362, in finish_request
    self.RequestHandlerClass(request, client_address, self)
  File "/lustre/orion/bif148/scratch/erikgarrison/emender/.envs/olcf-rocm711-torch210-py312/lib/python3.12/socketserver.py", line 766, in __init__
    self.handle()
  File "/lustre/orion/bif148/scratch/erikgarrison/emender/.wg-worktrees/agent-1263/ndm/resilient_pool_runtime.py", line 367, in handle
    send_frame(self.wfile, {"op": "error", "error": str(error)})
  File "/lustre/orion/bif148/scratch/erikgarrison/emender/.wg-worktrees/agent-1263/ndm/resilient_node_transport.py", line 102, in send_frame
    stream.write(encoded)
  File "/lustre/orion/bif148/scratch/erikgarrison/emender/.envs/olcf-rocm711-torch210-py312/lib/python3.12/socketserver.py", line 845, in write
    self._sock.sendall(b)
BrokenPipeError: [Errno 32] Broken pipe
----------------------------------------
----------------------------------------
Exception occurred during processing of request from ('10.128.10.16', 42106)
Traceback (most recent call last):
  File "/lustre/orion/bif148/scratch/erikgarrison/emender/.wg-worktrees/agent-1263/ndm/resilient_pool_runtime.py", line 362, in handle
    header, payload = recv_frame(self.rfile,
                      ^^^^^^^^^^^^^^^^^^^^^^
  File "/lustre/orion/bif148/scratch/erikgarrison/emender/.wg-worktrees/agent-1263/ndm/resilient_node_transport.py", line 115, in recv_frame
    payload = _recv_exact(stream, payload_size)
              ^^^^^^^^^^^^^^^^^^^^^^^^^^^^^^^^^
  File "/lustre/orion/bif148/scratch/erikgarrison/emender/.wg-worktrees/agent-1263/ndm/resilient_node_transport.py", line 89, in _recv_exact
    raise EOFError("peer closed framed transport")
EOFError: peer closed framed transport

During handling of the above exception, another exception occurred:

Traceback (most recent call last):
  File "/lustre/orion/bif148/scratch/erikgarrison/emender/.envs/olcf-rocm711-torch210-py312/lib/python3.12/socketserver.py", line 697, in process_request_thread
    self.finish_request(request, client_address)
  File "/lustre/orion/bif148/scratch/erikgarrison/emender/.envs/olcf-rocm711-torch210-py312/lib/python3.12/socketserver.py", line 362, in finish_request
    self.RequestHandlerClass(request, client_address, self)
  File "/lustre/orion/bif148/scratch/erikgarrison/emender/.envs/olcf-rocm711-torch210-py312/lib/python3.12/socketserver.py", line 766, in __init__
    self.handle()
  File "/lustre/orion/bif148/scratch/erikgarrison/emender/.wg-worktrees/agent-1263/ndm/resilient_pool_runtime.py", line 367, in handle
    send_frame(self.wfile, {"op": "error", "error": str(error)})
  File "/lustre/orion/bif148/scratch/erikgarrison/emender/.wg-worktrees/agent-1263/ndm/resilient_node_transport.py", line 102, in send_frame
    stream.write(encoded)
  File "/lustre/orion/bif148/scratch/erikgarrison/emender/.envs/olcf-rocm711-torch210-py312/lib/python3.12/socketserver.py", line 845, in write
    self._sock.sendall(b)
BrokenPipeError: [Errno 32] Broken pipe
----------------------------------------
----------------------------------------
Exception occurred during processing of request from ('10.128.10.16', 42110)
Traceback (most recent call last):
  File "/lustre/orion/bif148/scratch/erikgarrison/emender/.wg-worktrees/agent-1263/ndm/resilient_pool_runtime.py", line 362, in handle
    header, payload = recv_frame(self.rfile,
                      ^^^^^^^^^^^^^^^^^^^^^^
  File "/lustre/orion/bif148/scratch/erikgarrison/emender/.wg-worktrees/agent-1263/ndm/resilient_node_transport.py", line 115, in recv_frame
    payload = _recv_exact(stream, payload_size)
              ^^^^^^^^^^^^^^^^^^^^^^^^^^^^^^^^^
  File "/lustre/orion/bif148/scratch/erikgarrison/emender/.wg-worktrees/agent-1263/ndm/resilient_node_transport.py", line 89, in _recv_exact
    raise EOFError("peer closed framed transport")
EOFError: peer closed framed transport

During handling of the above exception, another exception occurred:

Traceback (most recent call last):
  File "/lustre/orion/bif148/scratch/erikgarrison/emender/.envs/olcf-rocm711-torch210-py312/lib/python3.12/socketserver.py", line 697, in process_request_thread
    self.finish_request(request, client_address)
  File "/lustre/orion/bif148/scratch/erikgarrison/emender/.envs/olcf-rocm711-torch210-py312/lib/python3.12/socketserver.py", line 362, in finish_request
    self.RequestHandlerClass(request, client_address, self)
  File "/lustre/orion/bif148/scratch/erikgarrison/emender/.envs/olcf-rocm711-torch210-py312/lib/python3.12/socketserver.py", line 766, in __init__
    self.handle()
  File "/lustre/orion/bif148/scratch/erikgarrison/emender/.wg-worktrees/agent-1263/ndm/resilient_pool_runtime.py", line 367, in handle
    send_frame(self.wfile, {"op": "error", "error": str(error)})
  File "/lustre/orion/bif148/scratch/erikgarrison/emender/.wg-worktrees/agent-1263/ndm/resilient_node_transport.py", line 102, in send_frame
    stream.write(encoded)
  File "/lustre/orion/bif148/scratch/erikgarrison/emender/.envs/olcf-rocm711-torch210-py312/lib/python3.12/socketserver.py", line 845, in write
    self._sock.sendall(b)
BrokenPipeError: [Errno 32] Broken pipe
----------------------------------------
----------------------------------------
Exception occurred during processing of request from ('10.128.10.16', 42114)
Traceback (most recent call last):
  File "/lustre/orion/bif148/scratch/erikgarrison/emender/.wg-worktrees/agent-1263/ndm/resilient_pool_runtime.py", line 362, in handle
    header, payload = recv_frame(self.rfile,
                      ^^^^^^^^^^^^^^^^^^^^^^
  File "/lustre/orion/bif148/scratch/erikgarrison/emender/.wg-worktrees/agent-1263/ndm/resilient_node_transport.py", line 115, in recv_frame
    payload = _recv_exact(stream, payload_size)
              ^^^^^^^^^^^^^^^^^^^^^^^^^^^^^^^^^
  File "/lustre/orion/bif148/scratch/erikgarrison/emender/.wg-worktrees/agent-1263/ndm/resilient_node_transport.py", line 89, in _recv_exact
    raise EOFError("peer closed framed transport")
EOFError: peer closed framed transport

During handling of the above exception, another exception occurred:

Traceback (most recent call last):
  File "/lustre/orion/bif148/scratch/erikgarrison/emender/.envs/olcf-rocm711-torch210-py312/lib/python3.12/socketserver.py", line 697, in process_request_thread
    self.finish_request(request, client_address)
  File "/lustre/orion/bif148/scratch/erikgarrison/emender/.envs/olcf-rocm711-torch210-py312/lib/python3.12/socketserver.py", line 362, in finish_request
    self.RequestHandlerClass(request, client_address, self)
  File "/lustre/orion/bif148/scratch/erikgarrison/emender/.envs/olcf-rocm711-torch210-py312/lib/python3.12/socketserver.py", line 766, in __init__
    self.handle()
  File "/lustre/orion/bif148/scratch/erikgarrison/emender/.wg-worktrees/agent-1263/ndm/resilient_pool_runtime.py", line 367, in handle
    send_frame(self.wfile, {"op": "error", "error": str(error)})
  File "/lustre/orion/bif148/scratch/erikgarrison/emender/.wg-worktrees/agent-1263/ndm/resilient_node_transport.py", line 102, in send_frame
    stream.write(encoded)
  File "/lustre/orion/bif148/scratch/erikgarrison/emender/.envs/olcf-rocm711-torch210-py312/lib/python3.12/socketserver.py", line 845, in write
    self._sock.sendall(b)
BrokenPipeError: [Errno 32] Broken pipe
----------------------------------------
----------------------------------------
Exception occurred during processing of request from ('10.128.10.16', 42120)
Traceback (most recent call last):
  File "/lustre/orion/bif148/scratch/erikgarrison/emender/.wg-worktrees/agent-1263/ndm/resilient_pool_runtime.py", line 362, in handle
    header, payload = recv_frame(self.rfile,
                      ^^^^^^^^^^^^^^^^^^^^^^
  File "/lustre/orion/bif148/scratch/erikgarrison/emender/.wg-worktrees/agent-1263/ndm/resilient_node_transport.py", line 115, in recv_frame
    payload = _recv_exact(stream, payload_size)
              ^^^^^^^^^^^^^^^^^^^^^^^^^^^^^^^^^
  File "/lustre/orion/bif148/scratch/erikgarrison/emender/.wg-worktrees/agent-1263/ndm/resilient_node_transport.py", line 89, in _recv_exact
    raise EOFError("peer closed framed transport")
EOFError: peer closed framed transport

During handling of the above exception, another exception occurred:

Traceback (most recent call last):
  File "/lustre/orion/bif148/scratch/erikgarrison/emender/.envs/olcf-rocm711-torch210-py312/lib/python3.12/socketserver.py", line 697, in process_request_thread
    self.finish_request(request, client_address)
  File "/lustre/orion/bif148/scratch/erikgarrison/emender/.envs/olcf-rocm711-torch210-py312/lib/python3.12/socketserver.py", line 362, in finish_request
    self.RequestHandlerClass(request, client_address, self)
  File "/lustre/orion/bif148/scratch/erikgarrison/emender/.envs/olcf-rocm711-torch210-py312/lib/python3.12/socketserver.py", line 766, in __init__
    self.handle()
  File "/lustre/orion/bif148/scratch/erikgarrison/emender/.wg-worktrees/agent-1263/ndm/resilient_pool_runtime.py", line 367, in handle
    send_frame(self.wfile, {"op": "error", "error": str(error)})
  File "/lustre/orion/bif148/scratch/erikgarrison/emender/.wg-worktrees/agent-1263/ndm/resilient_node_transport.py", line 102, in send_frame
    stream.write(encoded)
  File "/lustre/orion/bif148/scratch/erikgarrison/emender/.envs/olcf-rocm711-torch210-py312/lib/python3.12/socketserver.py", line 845, in write
    self._sock.sendall(b)
BrokenPipeError: [Errno 32] Broken pipe
----------------------------------------
----------------------------------------
Exception occurred during processing of request from ('10.128.10.16', 42132)
Traceback (most recent call last):
  File "/lustre/orion/bif148/scratch/erikgarrison/emender/.wg-worktrees/agent-1263/ndm/resilient_pool_runtime.py", line 362, in handle
    header, payload = recv_frame(self.rfile,
                      ^^^^^^^^^^^^^^^^^^^^^^
  File "/lustre/orion/bif148/scratch/erikgarrison/emender/.wg-worktrees/agent-1263/ndm/resilient_node_transport.py", line 115, in recv_frame
    payload = _recv_exact(stream, payload_size)
              ^^^^^^^^^^^^^^^^^^^^^^^^^^^^^^^^^
  File "/lustre/orion/bif148/scratch/erikgarrison/emender/.wg-worktrees/agent-1263/ndm/resilient_node_transport.py", line 89, in _recv_exact
    raise EOFError("peer closed framed transport")
EOFError: peer closed framed transport

During handling of the above exception, another exception occurred:

Traceback (most recent call last):
  File "/lustre/orion/bif148/scratch/erikgarrison/emender/.envs/olcf-rocm711-torch210-py312/lib/python3.12/socketserver.py", line 697, in process_request_thread
    self.finish_request(request, client_address)
  File "/lustre/orion/bif148/scratch/erikgarrison/emender/.envs/olcf-rocm711-torch210-py312/lib/python3.12/socketserver.py", line 362, in finish_request
    self.RequestHandlerClass(request, client_address, self)
  File "/lustre/orion/bif148/scratch/erikgarrison/emender/.envs/olcf-rocm711-torch210-py312/lib/python3.12/socketserver.py", line 766, in __init__
    self.handle()
  File "/lustre/orion/bif148/scratch/erikgarrison/emender/.wg-worktrees/agent-1263/ndm/resilient_pool_runtime.py", line 367, in handle
    send_frame(self.wfile, {"op": "error", "error": str(error)})
  File "/lustre/orion/bif148/scratch/erikgarrison/emender/.wg-worktrees/agent-1263/ndm/resilient_node_transport.py", line 102, in send_frame
    stream.write(encoded)
  File "/lustre/orion/bif148/scratch/erikgarrison/emender/.envs/olcf-rocm711-torch210-py312/lib/python3.12/socketserver.py", line 845, in write
    self._sock.sendall(b)
BrokenPipeError: [Errno 32] Broken pipe
----------------------------------------
----------------------------------------
Exception occurred during processing of request from ('10.128.10.16', 42146)
Traceback (most recent call last):
  File "/lustre/orion/bif148/scratch/erikgarrison/emender/.wg-worktrees/agent-1263/ndm/resilient_pool_runtime.py", line 362, in handle
    header, payload = recv_frame(self.rfile,
                      ^^^^^^^^^^^^^^^^^^^^^^
  File "/lustre/orion/bif148/scratch/erikgarrison/emender/.wg-worktrees/agent-1263/ndm/resilient_node_transport.py", line 115, in recv_frame
    payload = _recv_exact(stream, payload_size)
              ^^^^^^^^^^^^^^^^^^^^^^^^^^^^^^^^^
  File "/lustre/orion/bif148/scratch/erikgarrison/emender/.wg-worktrees/agent-1263/ndm/resilient_node_transport.py", line 89, in _recv_exact
    raise EOFError("peer closed framed transport")
EOFError: peer closed framed transport

During handling of the above exception, another exception occurred:

Traceback (most recent call last):
  File "/lustre/orion/bif148/scratch/erikgarrison/emender/.envs/olcf-rocm711-torch210-py312/lib/python3.12/socketserver.py", line 697, in process_request_thread
    self.finish_request(request, client_address)
  File "/lustre/orion/bif148/scratch/erikgarrison/emender/.envs/olcf-rocm711-torch210-py312/lib/python3.12/socketserver.py", line 362, in finish_request
    self.RequestHandlerClass(request, client_address, self)
  File "/lustre/orion/bif148/scratch/erikgarrison/emender/.envs/olcf-rocm711-torch210-py312/lib/python3.12/socketserver.py", line 766, in __init__
    self.handle()
  File "/lustre/orion/bif148/scratch/erikgarrison/emender/.wg-worktrees/agent-1263/ndm/resilient_pool_runtime.py", line 367, in handle
    send_frame(self.wfile, {"op": "error", "error": str(error)})
  File "/lustre/orion/bif148/scratch/erikgarrison/emender/.wg-worktrees/agent-1263/ndm/resilient_node_transport.py", line 102, in send_frame
    stream.write(encoded)
  File "/lustre/orion/bif148/scratch/erikgarrison/emender/.envs/olcf-rocm711-torch210-py312/lib/python3.12/socketserver.py", line 845, in write
    self._sock.sendall(b)
BrokenPipeError: [Errno 32] Broken pipe
----------------------------------------
----------------------------------------
Exception occurred during processing of request from ('10.128.10.16', 42150)
Traceback (most recent call last):
  File "/lustre/orion/bif148/scratch/erikgarrison/emender/.wg-worktrees/agent-1263/ndm/resilient_pool_runtime.py", line 362, in handle
    header, payload = recv_frame(self.rfile,
                      ^^^^^^^^^^^^^^^^^^^^^^
  File "/lustre/orion/bif148/scratch/erikgarrison/emender/.wg-worktrees/agent-1263/ndm/resilient_node_transport.py", line 115, in recv_frame
    payload = _recv_exact(stream, payload_size)
              ^^^^^^^^^^^^^^^^^^^^^^^^^^^^^^^^^
  File "/lustre/orion/bif148/scratch/erikgarrison/emender/.wg-worktrees/agent-1263/ndm/resilient_node_transport.py", line 89, in _recv_exact
    raise EOFError("peer closed framed transport")
EOFError: peer closed framed transport

During handling of the above exception, another exception occurred:

Traceback (most recent call last):
  File "/lustre/orion/bif148/scratch/erikgarrison/emender/.envs/olcf-rocm711-torch210-py312/lib/python3.12/socketserver.py", line 697, in process_request_thread
    self.finish_request(request, client_address)
  File "/lustre/orion/bif148/scratch/erikgarrison/emender/.envs/olcf-rocm711-torch210-py312/lib/python3.12/socketserver.py", line 362, in finish_request
    self.RequestHandlerClass(request, client_address, self)
  File "/lustre/orion/bif148/scratch/erikgarrison/emender/.envs/olcf-rocm711-torch210-py312/lib/python3.12/socketserver.py", line 766, in __init__
    self.handle()
  File "/lustre/orion/bif148/scratch/erikgarrison/emender/.wg-worktrees/agent-1263/ndm/resilient_pool_runtime.py", line 367, in handle
    send_frame(self.wfile, {"op": "error", "error": str(error)})
  File "/lustre/orion/bif148/scratch/erikgarrison/emender/.wg-worktrees/agent-1263/ndm/resilient_node_transport.py", line 102, in send_frame
    stream.write(encoded)
  File "/lustre/orion/bif148/scratch/erikgarrison/emender/.envs/olcf-rocm711-torch210-py312/lib/python3.12/socketserver.py", line 845, in write
    self._sock.sendall(b)
BrokenPipeError: [Errno 32] Broken pipe
----------------------------------------
----------------------------------------
Exception occurred during processing of request from ('10.128.10.16', 43390)
Traceback (most recent call last):
  File "/lustre/orion/bif148/scratch/erikgarrison/emender/.wg-worktrees/agent-1263/ndm/resilient_pool_runtime.py", line 362, in handle
    header, payload = recv_frame(self.rfile,
                      ^^^^^^^^^^^^^^^^^^^^^^
  File "/lustre/orion/bif148/scratch/erikgarrison/emender/.wg-worktrees/agent-1263/ndm/resilient_node_transport.py", line 115, in recv_frame
    payload = _recv_exact(stream, payload_size)
              ^^^^^^^^^^^^^^^^^^^^^^^^^^^^^^^^^
  File "/lustre/orion/bif148/scratch/erikgarrison/emender/.wg-worktrees/agent-1263/ndm/resilient_node_transport.py", line 89, in _recv_exact
    raise EOFError("peer closed framed transport")
EOFError: peer closed framed transport

During handling of the above exception, another exception occurred:

Traceback (most recent call last):
  File "/lustre/orion/bif148/scratch/erikgarrison/emender/.envs/olcf-rocm711-torch210-py312/lib/python3.12/socketserver.py", line 697, in process_request_thread
    self.finish_request(request, client_address)
  File "/lustre/orion/bif148/scratch/erikgarrison/emender/.envs/olcf-rocm711-torch210-py312/lib/python3.12/socketserver.py", line 362, in finish_request
    self.RequestHandlerClass(request, client_address, self)
  File "/lustre/orion/bif148/scratch/erikgarrison/emender/.envs/olcf-rocm711-torch210-py312/lib/python3.12/socketserver.py", line 766, in __init__
    self.handle()
  File "/lustre/orion/bif148/scratch/erikgarrison/emender/.wg-worktrees/agent-1263/ndm/resilient_pool_runtime.py", line 367, in handle
    send_frame(self.wfile, {"op": "error", "error": str(error)})
  File "/lustre/orion/bif148/scratch/erikgarrison/emender/.wg-worktrees/agent-1263/ndm/resilient_node_transport.py", line 102, in send_frame
    stream.write(encoded)
  File "/lustre/orion/bif148/scratch/erikgarrison/emender/.envs/olcf-rocm711-torch210-py312/lib/python3.12/socketserver.py", line 845, in write
    self._sock.sendall(b)
BrokenPipeError: [Errno 32] Broken pipe
----------------------------------------
----------------------------------------
Exception occurred during processing of request from ('10.128.10.16', 43400)
Traceback (most recent call last):
  File "/lustre/orion/bif148/scratch/erikgarrison/emender/.wg-worktrees/agent-1263/ndm/resilient_pool_runtime.py", line 362, in handle
    header, payload = recv_frame(self.rfile,
                      ^^^^^^^^^^^^^^^^^^^^^^
  File "/lustre/orion/bif148/scratch/erikgarrison/emender/.wg-worktrees/agent-1263/ndm/resilient_node_transport.py", line 115, in recv_frame
    payload = _recv_exact(stream, payload_size)
              ^^^^^^^^^^^^^^^^^^^^^^^^^^^^^^^^^
  File "/lustre/orion/bif148/scratch/erikgarrison/emender/.wg-worktrees/agent-1263/ndm/resilient_node_transport.py", line 89, in _recv_exact
    raise EOFError("peer closed framed transport")
EOFError: peer closed framed transport

During handling of the above exception, another exception occurred:

Traceback (most recent call last):
  File "/lustre/orion/bif148/scratch/erikgarrison/emender/.envs/olcf-rocm711-torch210-py312/lib/python3.12/socketserver.py", line 697, in process_request_thread
    self.finish_request(request, client_address)
  File "/lustre/orion/bif148/scratch/erikgarrison/emender/.envs/olcf-rocm711-torch210-py312/lib/python3.12/socketserver.py", line 362, in finish_request
    self.RequestHandlerClass(request, client_address, self)
  File "/lustre/orion/bif148/scratch/erikgarrison/emender/.envs/olcf-rocm711-torch210-py312/lib/python3.12/socketserver.py", line 766, in __init__
    self.handle()
  File "/lustre/orion/bif148/scratch/erikgarrison/emender/.wg-worktrees/agent-1263/ndm/resilient_pool_runtime.py", line 367, in handle
    send_frame(self.wfile, {"op": "error", "error": str(error)})
  File "/lustre/orion/bif148/scratch/erikgarrison/emender/.wg-worktrees/agent-1263/ndm/resilient_node_transport.py", line 102, in send_frame
    stream.write(encoded)
  File "/lustre/orion/bif148/scratch/erikgarrison/emender/.envs/olcf-rocm711-torch210-py312/lib/python3.12/socketserver.py", line 845, in write
    self._sock.sendall(b)
BrokenPipeError: [Errno 32] Broken pipe
----------------------------------------
----------------------------------------
Exception occurred during processing of request from ('10.128.10.16', 43404)
Traceback (most recent call last):
  File "/lustre/orion/bif148/scratch/erikgarrison/emender/.wg-worktrees/agent-1263/ndm/resilient_pool_runtime.py", line 362, in handle
    header, payload = recv_frame(self.rfile,
                      ^^^^^^^^^^^^^^^^^^^^^^
  File "/lustre/orion/bif148/scratch/erikgarrison/emender/.wg-worktrees/agent-1263/ndm/resilient_node_transport.py", line 115, in recv_frame
    payload = _recv_exact(stream, payload_size)
              ^^^^^^^^^^^^^^^^^^^^^^^^^^^^^^^^^
  File "/lustre/orion/bif148/scratch/erikgarrison/emender/.wg-worktrees/agent-1263/ndm/resilient_node_transport.py", line 89, in _recv_exact
    raise EOFError("peer closed framed transport")
EOFError: peer closed framed transport

During handling of the above exception, another exception occurred:

Traceback (most recent call last):
  File "/lustre/orion/bif148/scratch/erikgarrison/emender/.envs/olcf-rocm711-torch210-py312/lib/python3.12/socketserver.py", line 697, in process_request_thread
    self.finish_request(request, client_address)
  File "/lustre/orion/bif148/scratch/erikgarrison/emender/.envs/olcf-rocm711-torch210-py312/lib/python3.12/socketserver.py", line 362, in finish_request
    self.RequestHandlerClass(request, client_address, self)
  File "/lustre/orion/bif148/scratch/erikgarrison/emender/.envs/olcf-rocm711-torch210-py312/lib/python3.12/socketserver.py", line 766, in __init__
    self.handle()
  File "/lustre/orion/bif148/scratch/erikgarrison/emender/.wg-worktrees/agent-1263/ndm/resilient_pool_runtime.py", line 367, in handle
    send_frame(self.wfile, {"op": "error", "error": str(error)})
  File "/lustre/orion/bif148/scratch/erikgarrison/emender/.wg-worktrees/agent-1263/ndm/resilient_node_transport.py", line 102, in send_frame
    stream.write(encoded)
  File "/lustre/orion/bif148/scratch/erikgarrison/emender/.envs/olcf-rocm711-torch210-py312/lib/python3.12/socketserver.py", line 845, in write
    self._sock.sendall(b)
BrokenPipeError: [Errno 32] Broken pipe
----------------------------------------
----------------------------------------
Exception occurred during processing of request from ('10.128.10.16', 43418)
Traceback (most recent call last):
  File "/lustre/orion/bif148/scratch/erikgarrison/emender/.wg-worktrees/agent-1263/ndm/resilient_pool_runtime.py", line 362, in handle
    header, payload = recv_frame(self.rfile,
                      ^^^^^^^^^^^^^^^^^^^^^^
  File "/lustre/orion/bif148/scratch/erikgarrison/emender/.wg-worktrees/agent-1263/ndm/resilient_node_transport.py", line 115, in recv_frame
    payload = _recv_exact(stream, payload_size)
              ^^^^^^^^^^^^^^^^^^^^^^^^^^^^^^^^^
  File "/lustre/orion/bif148/scratch/erikgarrison/emender/.wg-worktrees/agent-1263/ndm/resilient_node_transport.py", line 89, in _recv_exact
    raise EOFError("peer closed framed transport")
EOFError: peer closed framed transport

During handling of the above exception, another exception occurred:

Traceback (most recent call last):
  File "/lustre/orion/bif148/scratch/erikgarrison/emender/.envs/olcf-rocm711-torch210-py312/lib/python3.12/socketserver.py", line 697, in process_request_thread
    self.finish_request(request, client_address)
  File "/lustre/orion/bif148/scratch/erikgarrison/emender/.envs/olcf-rocm711-torch210-py312/lib/python3.12/socketserver.py", line 362, in finish_request
    self.RequestHandlerClass(request, client_address, self)
  File "/lustre/orion/bif148/scratch/erikgarrison/emender/.envs/olcf-rocm711-torch210-py312/lib/python3.12/socketserver.py", line 766, in __init__
    self.handle()
  File "/lustre/orion/bif148/scratch/erikgarrison/emender/.wg-worktrees/agent-1263/ndm/resilient_pool_runtime.py", line 367, in handle
    send_frame(self.wfile, {"op": "error", "error": str(error)})
  File "/lustre/orion/bif148/scratch/erikgarrison/emender/.wg-worktrees/agent-1263/ndm/resilient_node_transport.py", line 102, in send_frame
    stream.write(encoded)
  File "/lustre/orion/bif148/scratch/erikgarrison/emender/.envs/olcf-rocm711-torch210-py312/lib/python3.12/socketserver.py", line 845, in write
    self._sock.sendall(b)
BrokenPipeError: [Errno 32] Broken pipe
----------------------------------------
----------------------------------------
Exception occurred during processing of request from ('10.128.10.16', 43424)
Traceback (most recent call last):
  File "/lustre/orion/bif148/scratch/erikgarrison/emender/.wg-worktrees/agent-1263/ndm/resilient_pool_runtime.py", line 362, in handle
    header, payload = recv_frame(self.rfile,
                      ^^^^^^^^^^^^^^^^^^^^^^
  File "/lustre/orion/bif148/scratch/erikgarrison/emender/.wg-worktrees/agent-1263/ndm/resilient_node_transport.py", line 115, in recv_frame
    payload = _recv_exact(stream, payload_size)
              ^^^^^^^^^^^^^^^^^^^^^^^^^^^^^^^^^
  File "/lustre/orion/bif148/scratch/erikgarrison/emender/.wg-worktrees/agent-1263/ndm/resilient_node_transport.py", line 89, in _recv_exact
    raise EOFError("peer closed framed transport")
EOFError: peer closed framed transport

During handling of the above exception, another exception occurred:

Traceback (most recent call last):
  File "/lustre/orion/bif148/scratch/erikgarrison/emender/.envs/olcf-rocm711-torch210-py312/lib/python3.12/socketserver.py", line 697, in process_request_thread
    self.finish_request(request, client_address)
  File "/lustre/orion/bif148/scratch/erikgarrison/emender/.envs/olcf-rocm711-torch210-py312/lib/python3.12/socketserver.py", line 362, in finish_request
    self.RequestHandlerClass(request, client_address, self)
  File "/lustre/orion/bif148/scratch/erikgarrison/emender/.envs/olcf-rocm711-torch210-py312/lib/python3.12/socketserver.py", line 766, in __init__
    self.handle()
  File "/lustre/orion/bif148/scratch/erikgarrison/emender/.wg-worktrees/agent-1263/ndm/resilient_pool_runtime.py", line 367, in handle
    send_frame(self.wfile, {"op": "error", "error": str(error)})
  File "/lustre/orion/bif148/scratch/erikgarrison/emender/.wg-worktrees/agent-1263/ndm/resilient_node_transport.py", line 102, in send_frame
    stream.write(encoded)
  File "/lustre/orion/bif148/scratch/erikgarrison/emender/.envs/olcf-rocm711-torch210-py312/lib/python3.12/socketserver.py", line 845, in write
    self._sock.sendall(b)
BrokenPipeError: [Errno 32] Broken pipe
----------------------------------------
----------------------------------------
Exception occurred during processing of request from ('10.128.10.16', 43436)
Traceback (most recent call last):
  File "/lustre/orion/bif148/scratch/erikgarrison/emender/.wg-worktrees/agent-1263/ndm/resilient_pool_runtime.py", line 362, in handle
    header, payload = recv_frame(self.rfile,
                      ^^^^^^^^^^^^^^^^^^^^^^
  File "/lustre/orion/bif148/scratch/erikgarrison/emender/.wg-worktrees/agent-1263/ndm/resilient_node_transport.py", line 115, in recv_frame
    payload = _recv_exact(stream, payload_size)
              ^^^^^^^^^^^^^^^^^^^^^^^^^^^^^^^^^
  File "/lustre/orion/bif148/scratch/erikgarrison/emender/.wg-worktrees/agent-1263/ndm/resilient_node_transport.py", line 89, in _recv_exact
    raise EOFError("peer closed framed transport")
EOFError: peer closed framed transport

During handling of the above exception, another exception occurred:

Traceback (most recent call last):
  File "/lustre/orion/bif148/scratch/erikgarrison/emender/.envs/olcf-rocm711-torch210-py312/lib/python3.12/socketserver.py", line 697, in process_request_thread
    self.finish_request(request, client_address)
  File "/lustre/orion/bif148/scratch/erikgarrison/emender/.envs/olcf-rocm711-torch210-py312/lib/python3.12/socketserver.py", line 362, in finish_request
    self.RequestHandlerClass(request, client_address, self)
  File "/lustre/orion/bif148/scratch/erikgarrison/emender/.envs/olcf-rocm711-torch210-py312/lib/python3.12/socketserver.py", line 766, in __init__
    self.handle()
  File "/lustre/orion/bif148/scratch/erikgarrison/emender/.wg-worktrees/agent-1263/ndm/resilient_pool_runtime.py", line 367, in handle
    send_frame(self.wfile, {"op": "error", "error": str(error)})
  File "/lustre/orion/bif148/scratch/erikgarrison/emender/.wg-worktrees/agent-1263/ndm/resilient_node_transport.py", line 102, in send_frame
    stream.write(encoded)
  File "/lustre/orion/bif148/scratch/erikgarrison/emender/.envs/olcf-rocm711-torch210-py312/lib/python3.12/socketserver.py", line 845, in write
    self._sock.sendall(b)
BrokenPipeError: [Errno 32] Broken pipe
----------------------------------------
----------------------------------------
Exception occurred during processing of request from ('10.128.10.16', 43444)
Traceback (most recent call last):
  File "/lustre/orion/bif148/scratch/erikgarrison/emender/.wg-worktrees/agent-1263/ndm/resilient_pool_runtime.py", line 362, in handle
    header, payload = recv_frame(self.rfile,
                      ^^^^^^^^^^^^^^^^^^^^^^
  File "/lustre/orion/bif148/scratch/erikgarrison/emender/.wg-worktrees/agent-1263/ndm/resilient_node_transport.py", line 115, in recv_frame
    payload = _recv_exact(stream, payload_size)
              ^^^^^^^^^^^^^^^^^^^^^^^^^^^^^^^^^
  File "/lustre/orion/bif148/scratch/erikgarrison/emender/.wg-worktrees/agent-1263/ndm/resilient_node_transport.py", line 89, in _recv_exact
    raise EOFError("peer closed framed transport")
EOFError: peer closed framed transport

During handling of the above exception, another exception occurred:

Traceback (most recent call last):
  File "/lustre/orion/bif148/scratch/erikgarrison/emender/.envs/olcf-rocm711-torch210-py312/lib/python3.12/socketserver.py", line 697, in process_request_thread
    self.finish_request(request, client_address)
  File "/lustre/orion/bif148/scratch/erikgarrison/emender/.envs/olcf-rocm711-torch210-py312/lib/python3.12/socketserver.py", line 362, in finish_request
    self.RequestHandlerClass(request, client_address, self)
  File "/lustre/orion/bif148/scratch/erikgarrison/emender/.envs/olcf-rocm711-torch210-py312/lib/python3.12/socketserver.py", line 766, in __init__
    self.handle()
  File "/lustre/orion/bif148/scratch/erikgarrison/emender/.wg-worktrees/agent-1263/ndm/resilient_pool_runtime.py", line 367, in handle
    send_frame(self.wfile, {"op": "error", "error": str(error)})
  File "/lustre/orion/bif148/scratch/erikgarrison/emender/.wg-worktrees/agent-1263/ndm/resilient_node_transport.py", line 102, in send_frame
    stream.write(encoded)
  File "/lustre/orion/bif148/scratch/erikgarrison/emender/.envs/olcf-rocm711-torch210-py312/lib/python3.12/socketserver.py", line 845, in write
    self._sock.sendall(b)
BrokenPipeError: [Errno 32] Broken pipe
----------------------------------------
----------------------------------------
Exception occurred during processing of request from ('10.128.10.16', 43454)
Traceback (most recent call last):
  File "/lustre/orion/bif148/scratch/erikgarrison/emender/.wg-worktrees/agent-1263/ndm/resilient_pool_runtime.py", line 362, in handle
    header, payload = recv_frame(self.rfile,
                      ^^^^^^^^^^^^^^^^^^^^^^
  File "/lustre/orion/bif148/scratch/erikgarrison/emender/.wg-worktrees/agent-1263/ndm/resilient_node_transport.py", line 115, in recv_frame
    payload = _recv_exact(stream, payload_size)
              ^^^^^^^^^^^^^^^^^^^^^^^^^^^^^^^^^
  File "/lustre/orion/bif148/scratch/erikgarrison/emender/.wg-worktrees/agent-1263/ndm/resilient_node_transport.py", line 89, in _recv_exact
    raise EOFError("peer closed framed transport")
EOFError: peer closed framed transport

During handling of the above exception, another exception occurred:

Traceback (most recent call last):
  File "/lustre/orion/bif148/scratch/erikgarrison/emender/.envs/olcf-rocm711-torch210-py312/lib/python3.12/socketserver.py", line 697, in process_request_thread
    self.finish_request(request, client_address)
  File "/lustre/orion/bif148/scratch/erikgarrison/emender/.envs/olcf-rocm711-torch210-py312/lib/python3.12/socketserver.py", line 362, in finish_request
    self.RequestHandlerClass(request, client_address, self)
  File "/lustre/orion/bif148/scratch/erikgarrison/emender/.envs/olcf-rocm711-torch210-py312/lib/python3.12/socketserver.py", line 766, in __init__
    self.handle()
  File "/lustre/orion/bif148/scratch/erikgarrison/emender/.wg-worktrees/agent-1263/ndm/resilient_pool_runtime.py", line 367, in handle
    send_frame(self.wfile, {"op": "error", "error": str(error)})
  File "/lustre/orion/bif148/scratch/erikgarrison/emender/.wg-worktrees/agent-1263/ndm/resilient_node_transport.py", line 102, in send_frame
    stream.write(encoded)
  File "/lustre/orion/bif148/scratch/erikgarrison/emender/.envs/olcf-rocm711-torch210-py312/lib/python3.12/socketserver.py", line 845, in write
    self._sock.sendall(b)
BrokenPipeError: [Errno 32] Broken pipe
----------------------------------------
----------------------------------------
Exception occurred during processing of request from ('10.128.10.16', 43464)
Traceback (most recent call last):
  File "/lustre/orion/bif148/scratch/erikgarrison/emender/.wg-worktrees/agent-1263/ndm/resilient_pool_runtime.py", line 362, in handle
    header, payload = recv_frame(self.rfile,
                      ^^^^^^^^^^^^^^^^^^^^^^
  File "/lustre/orion/bif148/scratch/erikgarrison/emender/.wg-worktrees/agent-1263/ndm/resilient_node_transport.py", line 115, in recv_frame
    payload = _recv_exact(stream, payload_size)
              ^^^^^^^^^^^^^^^^^^^^^^^^^^^^^^^^^
  File "/lustre/orion/bif148/scratch/erikgarrison/emender/.wg-worktrees/agent-1263/ndm/resilient_node_transport.py", line 89, in _recv_exact
    raise EOFError("peer closed framed transport")
EOFError: peer closed framed transport

During handling of the above exception, another exception occurred:

Traceback (most recent call last):
  File "/lustre/orion/bif148/scratch/erikgarrison/emender/.envs/olcf-rocm711-torch210-py312/lib/python3.12/socketserver.py", line 697, in process_request_thread
    self.finish_request(request, client_address)
  File "/lustre/orion/bif148/scratch/erikgarrison/emender/.envs/olcf-rocm711-torch210-py312/lib/python3.12/socketserver.py", line 362, in finish_request
    self.RequestHandlerClass(request, client_address, self)
  File "/lustre/orion/bif148/scratch/erikgarrison/emender/.envs/olcf-rocm711-torch210-py312/lib/python3.12/socketserver.py", line 766, in __init__
    self.handle()
  File "/lustre/orion/bif148/scratch/erikgarrison/emender/.wg-worktrees/agent-1263/ndm/resilient_pool_runtime.py", line 367, in handle
    send_frame(self.wfile, {"op": "error", "error": str(error)})
  File "/lustre/orion/bif148/scratch/erikgarrison/emender/.wg-worktrees/agent-1263/ndm/resilient_node_transport.py", line 102, in send_frame
    stream.write(encoded)
  File "/lustre/orion/bif148/scratch/erikgarrison/emender/.envs/olcf-rocm711-torch210-py312/lib/python3.12/socketserver.py", line 845, in write
    self._sock.sendall(b)
BrokenPipeError: [Errno 32] Broken pipe
----------------------------------------
----------------------------------------
Exception occurred during processing of request from ('10.128.10.16', 45962)
Traceback (most recent call last):
  File "/lustre/orion/bif148/scratch/erikgarrison/emender/.wg-worktrees/agent-1263/ndm/resilient_pool_runtime.py", line 362, in handle
    header, payload = recv_frame(self.rfile,
                      ^^^^^^^^^^^^^^^^^^^^^^
  File "/lustre/orion/bif148/scratch/erikgarrison/emender/.wg-worktrees/agent-1263/ndm/resilient_node_transport.py", line 115, in recv_frame
    payload = _recv_exact(stream, payload_size)
              ^^^^^^^^^^^^^^^^^^^^^^^^^^^^^^^^^
  File "/lustre/orion/bif148/scratch/erikgarrison/emender/.wg-worktrees/agent-1263/ndm/resilient_node_transport.py", line 89, in _recv_exact
    raise EOFError("peer closed framed transport")
EOFError: peer closed framed transport

During handling of the above exception, another exception occurred:

Traceback (most recent call last):
  File "/lustre/orion/bif148/scratch/erikgarrison/emender/.envs/olcf-rocm711-torch210-py312/lib/python3.12/socketserver.py", line 697, in process_request_thread
    self.finish_request(request, client_address)
  File "/lustre/orion/bif148/scratch/erikgarrison/emender/.envs/olcf-rocm711-torch210-py312/lib/python3.12/socketserver.py", line 362, in finish_request
    self.RequestHandlerClass(request, client_address, self)
  File "/lustre/orion/bif148/scratch/erikgarrison/emender/.envs/olcf-rocm711-torch210-py312/lib/python3.12/socketserver.py", line 766, in __init__
    self.handle()
  File "/lustre/orion/bif148/scratch/erikgarrison/emender/.wg-worktrees/agent-1263/ndm/resilient_pool_runtime.py", line 367, in handle
    send_frame(self.wfile, {"op": "error", "error": str(error)})
  File "/lustre/orion/bif148/scratch/erikgarrison/emender/.wg-worktrees/agent-1263/ndm/resilient_node_transport.py", line 102, in send_frame
    stream.write(encoded)
  File "/lustre/orion/bif148/scratch/erikgarrison/emender/.envs/olcf-rocm711-torch210-py312/lib/python3.12/socketserver.py", line 845, in write
    self._sock.sendall(b)
BrokenPipeError: [Errno 32] Broken pipe
----------------------------------------
----------------------------------------
Exception occurred during processing of request from ('10.128.10.16', 45964)
Traceback (most recent call last):
  File "/lustre/orion/bif148/scratch/erikgarrison/emender/.wg-worktrees/agent-1263/ndm/resilient_pool_runtime.py", line 362, in handle
    header, payload = recv_frame(self.rfile,
                      ^^^^^^^^^^^^^^^^^^^^^^
  File "/lustre/orion/bif148/scratch/erikgarrison/emender/.wg-worktrees/agent-1263/ndm/resilient_node_transport.py", line 115, in recv_frame
    payload = _recv_exact(stream, payload_size)
              ^^^^^^^^^^^^^^^^^^^^^^^^^^^^^^^^^
  File "/lustre/orion/bif148/scratch/erikgarrison/emender/.wg-worktrees/agent-1263/ndm/resilient_node_transport.py", line 89, in _recv_exact
    raise EOFError("peer closed framed transport")
EOFError: peer closed framed transport

During handling of the above exception, another exception occurred:

Traceback (most recent call last):
  File "/lustre/orion/bif148/scratch/erikgarrison/emender/.envs/olcf-rocm711-torch210-py312/lib/python3.12/socketserver.py", line 697, in process_request_thread
    self.finish_request(request, client_address)
  File "/lustre/orion/bif148/scratch/erikgarrison/emender/.envs/olcf-rocm711-torch210-py312/lib/python3.12/socketserver.py", line 362, in finish_request
    self.RequestHandlerClass(request, client_address, self)
  File "/lustre/orion/bif148/scratch/erikgarrison/emender/.envs/olcf-rocm711-torch210-py312/lib/python3.12/socketserver.py", line 766, in __init__
    self.handle()
  File "/lustre/orion/bif148/scratch/erikgarrison/emender/.wg-worktrees/agent-1263/ndm/resilient_pool_runtime.py", line 367, in handle
    send_frame(self.wfile, {"op": "error", "error": str(error)})
  File "/lustre/orion/bif148/scratch/erikgarrison/emender/.wg-worktrees/agent-1263/ndm/resilient_node_transport.py", line 102, in send_frame
    stream.write(encoded)
  File "/lustre/orion/bif148/scratch/erikgarrison/emender/.envs/olcf-rocm711-torch210-py312/lib/python3.12/socketserver.py", line 845, in write
    self._sock.sendall(b)
BrokenPipeError: [Errno 32] Broken pipe
----------------------------------------
----------------------------------------
Exception occurred during processing of request from ('10.128.10.16', 45976)
Traceback (most recent call last):
  File "/lustre/orion/bif148/scratch/erikgarrison/emender/.wg-worktrees/agent-1263/ndm/resilient_pool_runtime.py", line 362, in handle
    header, payload = recv_frame(self.rfile,
                      ^^^^^^^^^^^^^^^^^^^^^^
  File "/lustre/orion/bif148/scratch/erikgarrison/emender/.wg-worktrees/agent-1263/ndm/resilient_node_transport.py", line 115, in recv_frame
    payload = _recv_exact(stream, payload_size)
              ^^^^^^^^^^^^^^^^^^^^^^^^^^^^^^^^^
  File "/lustre/orion/bif148/scratch/erikgarrison/emender/.wg-worktrees/agent-1263/ndm/resilient_node_transport.py", line 89, in _recv_exact
    raise EOFError("peer closed framed transport")
EOFError: peer closed framed transport

During handling of the above exception, another exception occurred:

Traceback (most recent call last):
  File "/lustre/orion/bif148/scratch/erikgarrison/emender/.envs/olcf-rocm711-torch210-py312/lib/python3.12/socketserver.py", line 697, in process_request_thread
    self.finish_request(request, client_address)
  File "/lustre/orion/bif148/scratch/erikgarrison/emender/.envs/olcf-rocm711-torch210-py312/lib/python3.12/socketserver.py", line 362, in finish_request
    self.RequestHandlerClass(request, client_address, self)
  File "/lustre/orion/bif148/scratch/erikgarrison/emender/.envs/olcf-rocm711-torch210-py312/lib/python3.12/socketserver.py", line 766, in __init__
    self.handle()
  File "/lustre/orion/bif148/scratch/erikgarrison/emender/.wg-worktrees/agent-1263/ndm/resilient_pool_runtime.py", line 367, in handle
    send_frame(self.wfile, {"op": "error", "error": str(error)})
  File "/lustre/orion/bif148/scratch/erikgarrison/emender/.wg-worktrees/agent-1263/ndm/resilient_node_transport.py", line 102, in send_frame
    stream.write(encoded)
  File "/lustre/orion/bif148/scratch/erikgarrison/emender/.envs/olcf-rocm711-torch210-py312/lib/python3.12/socketserver.py", line 845, in write
    self._sock.sendall(b)
BrokenPipeError: [Errno 32] Broken pipe
----------------------------------------
----------------------------------------
Exception occurred during processing of request from ('10.128.10.16', 45992)
Traceback (most recent call last):
  File "/lustre/orion/bif148/scratch/erikgarrison/emender/.wg-worktrees/agent-1263/ndm/resilient_pool_runtime.py", line 362, in handle
    header, payload = recv_frame(self.rfile,
                      ^^^^^^^^^^^^^^^^^^^^^^
  File "/lustre/orion/bif148/scratch/erikgarrison/emender/.wg-worktrees/agent-1263/ndm/resilient_node_transport.py", line 115, in recv_frame
    payload = _recv_exact(stream, payload_size)
              ^^^^^^^^^^^^^^^^^^^^^^^^^^^^^^^^^
  File "/lustre/orion/bif148/scratch/erikgarrison/emender/.wg-worktrees/agent-1263/ndm/resilient_node_transport.py", line 89, in _recv_exact
    raise EOFError("peer closed framed transport")
EOFError: peer closed framed transport

During handling of the above exception, another exception occurred:

Traceback (most recent call last):
  File "/lustre/orion/bif148/scratch/erikgarrison/emender/.envs/olcf-rocm711-torch210-py312/lib/python3.12/socketserver.py", line 697, in process_request_thread
    self.finish_request(request, client_address)
  File "/lustre/orion/bif148/scratch/erikgarrison/emender/.envs/olcf-rocm711-torch210-py312/lib/python3.12/socketserver.py", line 362, in finish_request
    self.RequestHandlerClass(request, client_address, self)
  File "/lustre/orion/bif148/scratch/erikgarrison/emender/.envs/olcf-rocm711-torch210-py312/lib/python3.12/socketserver.py", line 766, in __init__
    self.handle()
  File "/lustre/orion/bif148/scratch/erikgarrison/emender/.wg-worktrees/agent-1263/ndm/resilient_pool_runtime.py", line 367, in handle
    send_frame(self.wfile, {"op": "error", "error": str(error)})
  File "/lustre/orion/bif148/scratch/erikgarrison/emender/.wg-worktrees/agent-1263/ndm/resilient_node_transport.py", line 102, in send_frame
    stream.write(encoded)
  File "/lustre/orion/bif148/scratch/erikgarrison/emender/.envs/olcf-rocm711-torch210-py312/lib/python3.12/socketserver.py", line 845, in write
    self._sock.sendall(b)
BrokenPipeError: [Errno 32] Broken pipe
----------------------------------------
----------------------------------------
Exception occurred during processing of request from ('10.128.10.16', 46002)
Traceback (most recent call last):
  File "/lustre/orion/bif148/scratch/erikgarrison/emender/.wg-worktrees/agent-1263/ndm/resilient_pool_runtime.py", line 362, in handle
    header, payload = recv_frame(self.rfile,
                      ^^^^^^^^^^^^^^^^^^^^^^
  File "/lustre/orion/bif148/scratch/erikgarrison/emender/.wg-worktrees/agent-1263/ndm/resilient_node_transport.py", line 115, in recv_frame
    payload = _recv_exact(stream, payload_size)
              ^^^^^^^^^^^^^^^^^^^^^^^^^^^^^^^^^
  File "/lustre/orion/bif148/scratch/erikgarrison/emender/.wg-worktrees/agent-1263/ndm/resilient_node_transport.py", line 89, in _recv_exact
    raise EOFError("peer closed framed transport")
EOFError: peer closed framed transport

During handling of the above exception, another exception occurred:

Traceback (most recent call last):
  File "/lustre/orion/bif148/scratch/erikgarrison/emender/.envs/olcf-rocm711-torch210-py312/lib/python3.12/socketserver.py", line 697, in process_request_thread
    self.finish_request(request, client_address)
  File "/lustre/orion/bif148/scratch/erikgarrison/emender/.envs/olcf-rocm711-torch210-py312/lib/python3.12/socketserver.py", line 362, in finish_request
    self.RequestHandlerClass(request, client_address, self)
  File "/lustre/orion/bif148/scratch/erikgarrison/emender/.envs/olcf-rocm711-torch210-py312/lib/python3.12/socketserver.py", line 766, in __init__
    self.handle()
  File "/lustre/orion/bif148/scratch/erikgarrison/emender/.wg-worktrees/agent-1263/ndm/resilient_pool_runtime.py", line 367, in handle
    send_frame(self.wfile, {"op": "error", "error": str(error)})
  File "/lustre/orion/bif148/scratch/erikgarrison/emender/.wg-worktrees/agent-1263/ndm/resilient_node_transport.py", line 102, in send_frame
    stream.write(encoded)
  File "/lustre/orion/bif148/scratch/erikgarrison/emender/.envs/olcf-rocm711-torch210-py312/lib/python3.12/socketserver.py", line 845, in write
    self._sock.sendall(b)
BrokenPipeError: [Errno 32] Broken pipe
----------------------------------------
----------------------------------------
Exception occurred during processing of request from ('10.128.10.16', 46012)
Traceback (most recent call last):
  File "/lustre/orion/bif148/scratch/erikgarrison/emender/.wg-worktrees/agent-1263/ndm/resilient_pool_runtime.py", line 362, in handle
    header, payload = recv_frame(self.rfile,
                      ^^^^^^^^^^^^^^^^^^^^^^
  File "/lustre/orion/bif148/scratch/erikgarrison/emender/.wg-worktrees/agent-1263/ndm/resilient_node_transport.py", line 115, in recv_frame
    payload = _recv_exact(stream, payload_size)
              ^^^^^^^^^^^^^^^^^^^^^^^^^^^^^^^^^
  File "/lustre/orion/bif148/scratch/erikgarrison/emender/.wg-worktrees/agent-1263/ndm/resilient_node_transport.py", line 89, in _recv_exact
    raise EOFError("peer closed framed transport")
EOFError: peer closed framed transport

During handling of the above exception, another exception occurred:

Traceback (most recent call last):
  File "/lustre/orion/bif148/scratch/erikgarrison/emender/.envs/olcf-rocm711-torch210-py312/lib/python3.12/socketserver.py", line 697, in process_request_thread
    self.finish_request(request, client_address)
  File "/lustre/orion/bif148/scratch/erikgarrison/emender/.envs/olcf-rocm711-torch210-py312/lib/python3.12/socketserver.py", line 362, in finish_request
    self.RequestHandlerClass(request, client_address, self)
  File "/lustre/orion/bif148/scratch/erikgarrison/emender/.envs/olcf-rocm711-torch210-py312/lib/python3.12/socketserver.py", line 766, in __init__
    self.handle()
  File "/lustre/orion/bif148/scratch/erikgarrison/emender/.wg-worktrees/agent-1263/ndm/resilient_pool_runtime.py", line 367, in handle
    send_frame(self.wfile, {"op": "error", "error": str(error)})
  File "/lustre/orion/bif148/scratch/erikgarrison/emender/.wg-worktrees/agent-1263/ndm/resilient_node_transport.py", line 102, in send_frame
    stream.write(encoded)
  File "/lustre/orion/bif148/scratch/erikgarrison/emender/.envs/olcf-rocm711-torch210-py312/lib/python3.12/socketserver.py", line 845, in write
    self._sock.sendall(b)
BrokenPipeError: [Errno 32] Broken pipe
----------------------------------------
----------------------------------------
Exception occurred during processing of request from ('10.128.10.16', 46016)
Traceback (most recent call last):
  File "/lustre/orion/bif148/scratch/erikgarrison/emender/.wg-worktrees/agent-1263/ndm/resilient_pool_runtime.py", line 362, in handle
    header, payload = recv_frame(self.rfile,
                      ^^^^^^^^^^^^^^^^^^^^^^
  File "/lustre/orion/bif148/scratch/erikgarrison/emender/.wg-worktrees/agent-1263/ndm/resilient_node_transport.py", line 115, in recv_frame
    payload = _recv_exact(stream, payload_size)
              ^^^^^^^^^^^^^^^^^^^^^^^^^^^^^^^^^
  File "/lustre/orion/bif148/scratch/erikgarrison/emender/.wg-worktrees/agent-1263/ndm/resilient_node_transport.py", line 89, in _recv_exact
    raise EOFError("peer closed framed transport")
EOFError: peer closed framed transport

During handling of the above exception, another exception occurred:

Traceback (most recent call last):
  File "/lustre/orion/bif148/scratch/erikgarrison/emender/.envs/olcf-rocm711-torch210-py312/lib/python3.12/socketserver.py", line 697, in process_request_thread
    self.finish_request(request, client_address)
  File "/lustre/orion/bif148/scratch/erikgarrison/emender/.envs/olcf-rocm711-torch210-py312/lib/python3.12/socketserver.py", line 362, in finish_request
    self.RequestHandlerClass(request, client_address, self)
  File "/lustre/orion/bif148/scratch/erikgarrison/emender/.envs/olcf-rocm711-torch210-py312/lib/python3.12/socketserver.py", line 766, in __init__
    self.handle()
  File "/lustre/orion/bif148/scratch/erikgarrison/emender/.wg-worktrees/agent-1263/ndm/resilient_pool_runtime.py", line 367, in handle
    send_frame(self.wfile, {"op": "error", "error": str(error)})
  File "/lustre/orion/bif148/scratch/erikgarrison/emender/.wg-worktrees/agent-1263/ndm/resilient_node_transport.py", line 102, in send_frame
    stream.write(encoded)
  File "/lustre/orion/bif148/scratch/erikgarrison/emender/.envs/olcf-rocm711-torch210-py312/lib/python3.12/socketserver.py", line 845, in write
    self._sock.sendall(b)
BrokenPipeError: [Errno 32] Broken pipe
----------------------------------------
----------------------------------------
Exception occurred during processing of request from ('10.128.10.16', 46020)
Traceback (most recent call last):
  File "/lustre/orion/bif148/scratch/erikgarrison/emender/.wg-worktrees/agent-1263/ndm/resilient_pool_runtime.py", line 362, in handle
    header, payload = recv_frame(self.rfile,
                      ^^^^^^^^^^^^^^^^^^^^^^
  File "/lustre/orion/bif148/scratch/erikgarrison/emender/.wg-worktrees/agent-1263/ndm/resilient_node_transport.py", line 115, in recv_frame
    payload = _recv_exact(stream, payload_size)
              ^^^^^^^^^^^^^^^^^^^^^^^^^^^^^^^^^
  File "/lustre/orion/bif148/scratch/erikgarrison/emender/.wg-worktrees/agent-1263/ndm/resilient_node_transport.py", line 89, in _recv_exact
    raise EOFError("peer closed framed transport")
EOFError: peer closed framed transport

During handling of the above exception, another exception occurred:

Traceback (most recent call last):
  File "/lustre/orion/bif148/scratch/erikgarrison/emender/.envs/olcf-rocm711-torch210-py312/lib/python3.12/socketserver.py", line 697, in process_request_thread
    self.finish_request(request, client_address)
  File "/lustre/orion/bif148/scratch/erikgarrison/emender/.envs/olcf-rocm711-torch210-py312/lib/python3.12/socketserver.py", line 362, in finish_request
    self.RequestHandlerClass(request, client_address, self)
  File "/lustre/orion/bif148/scratch/erikgarrison/emender/.envs/olcf-rocm711-torch210-py312/lib/python3.12/socketserver.py", line 766, in __init__
    self.handle()
  File "/lustre/orion/bif148/scratch/erikgarrison/emender/.wg-worktrees/agent-1263/ndm/resilient_pool_runtime.py", line 367, in handle
    send_frame(self.wfile, {"op": "error", "error": str(error)})
  File "/lustre/orion/bif148/scratch/erikgarrison/emender/.wg-worktrees/agent-1263/ndm/resilient_node_transport.py", line 102, in send_frame
    stream.write(encoded)
  File "/lustre/orion/bif148/scratch/erikgarrison/emender/.envs/olcf-rocm711-torch210-py312/lib/python3.12/socketserver.py", line 845, in write
    self._sock.sendall(b)
BrokenPipeError: [Errno 32] Broken pipe
----------------------------------------
----------------------------------------
Exception occurred during processing of request from ('10.128.10.16', 46028)
Traceback (most recent call last):
  File "/lustre/orion/bif148/scratch/erikgarrison/emender/.wg-worktrees/agent-1263/ndm/resilient_pool_runtime.py", line 362, in handle
    header, payload = recv_frame(self.rfile,
                      ^^^^^^^^^^^^^^^^^^^^^^
  File "/lustre/orion/bif148/scratch/erikgarrison/emender/.wg-worktrees/agent-1263/ndm/resilient_node_transport.py", line 115, in recv_frame
    payload = _recv_exact(stream, payload_size)
              ^^^^^^^^^^^^^^^^^^^^^^^^^^^^^^^^^
  File "/lustre/orion/bif148/scratch/erikgarrison/emender/.wg-worktrees/agent-1263/ndm/resilient_node_transport.py", line 89, in _recv_exact
    raise EOFError("peer closed framed transport")
EOFError: peer closed framed transport

During handling of the above exception, another exception occurred:

Traceback (most recent call last):
  File "/lustre/orion/bif148/scratch/erikgarrison/emender/.envs/olcf-rocm711-torch210-py312/lib/python3.12/socketserver.py", line 697, in process_request_thread
    self.finish_request(request, client_address)
  File "/lustre/orion/bif148/scratch/erikgarrison/emender/.envs/olcf-rocm711-torch210-py312/lib/python3.12/socketserver.py", line 362, in finish_request
    self.RequestHandlerClass(request, client_address, self)
  File "/lustre/orion/bif148/scratch/erikgarrison/emender/.envs/olcf-rocm711-torch210-py312/lib/python3.12/socketserver.py", line 766, in __init__
    self.handle()
  File "/lustre/orion/bif148/scratch/erikgarrison/emender/.wg-worktrees/agent-1263/ndm/resilient_pool_runtime.py", line 367, in handle
    send_frame(self.wfile, {"op": "error", "error": str(error)})
  File "/lustre/orion/bif148/scratch/erikgarrison/emender/.wg-worktrees/agent-1263/ndm/resilient_node_transport.py", line 102, in send_frame
    stream.write(encoded)
  File "/lustre/orion/bif148/scratch/erikgarrison/emender/.envs/olcf-rocm711-torch210-py312/lib/python3.12/socketserver.py", line 845, in write
    self._sock.sendall(b)
BrokenPipeError: [Errno 32] Broken pipe
----------------------------------------
----------------------------------------
Exception occurred during processing of request from ('10.128.10.16', 46044)
Traceback (most recent call last):
  File "/lustre/orion/bif148/scratch/erikgarrison/emender/.wg-worktrees/agent-1263/ndm/resilient_pool_runtime.py", line 362, in handle
    header, payload = recv_frame(self.rfile,
                      ^^^^^^^^^^^^^^^^^^^^^^
  File "/lustre/orion/bif148/scratch/erikgarrison/emender/.wg-worktrees/agent-1263/ndm/resilient_node_transport.py", line 115, in recv_frame
    payload = _recv_exact(stream, payload_size)
              ^^^^^^^^^^^^^^^^^^^^^^^^^^^^^^^^^
  File "/lustre/orion/bif148/scratch/erikgarrison/emender/.wg-worktrees/agent-1263/ndm/resilient_node_transport.py", line 89, in _recv_exact
    raise EOFError("peer closed framed transport")
EOFError: peer closed framed transport

During handling of the above exception, another exception occurred:

Traceback (most recent call last):
  File "/lustre/orion/bif148/scratch/erikgarrison/emender/.envs/olcf-rocm711-torch210-py312/lib/python3.12/socketserver.py", line 697, in process_request_thread
    self.finish_request(request, client_address)
  File "/lustre/orion/bif148/scratch/erikgarrison/emender/.envs/olcf-rocm711-torch210-py312/lib/python3.12/socketserver.py", line 362, in finish_request
    self.RequestHandlerClass(request, client_address, self)
  File "/lustre/orion/bif148/scratch/erikgarrison/emender/.envs/olcf-rocm711-torch210-py312/lib/python3.12/socketserver.py", line 766, in __init__
    self.handle()
  File "/lustre/orion/bif148/scratch/erikgarrison/emender/.wg-worktrees/agent-1263/ndm/resilient_pool_runtime.py", line 367, in handle
    send_frame(self.wfile, {"op": "error", "error": str(error)})
  File "/lustre/orion/bif148/scratch/erikgarrison/emender/.wg-worktrees/agent-1263/ndm/resilient_node_transport.py", line 102, in send_frame
    stream.write(encoded)
  File "/lustre/orion/bif148/scratch/erikgarrison/emender/.envs/olcf-rocm711-torch210-py312/lib/python3.12/socketserver.py", line 845, in write
    self._sock.sendall(b)
BrokenPipeError: [Errno 32] Broken pipe
----------------------------------------
----------------------------------------
Exception occurred during processing of request from ('10.128.10.16', 47464)
Traceback (most recent call last):
  File "/lustre/orion/bif148/scratch/erikgarrison/emender/.wg-worktrees/agent-1263/ndm/resilient_pool_runtime.py", line 362, in handle
    header, payload = recv_frame(self.rfile,
                      ^^^^^^^^^^^^^^^^^^^^^^
  File "/lustre/orion/bif148/scratch/erikgarrison/emender/.wg-worktrees/agent-1263/ndm/resilient_node_transport.py", line 115, in recv_frame
    payload = _recv_exact(stream, payload_size)
              ^^^^^^^^^^^^^^^^^^^^^^^^^^^^^^^^^
  File "/lustre/orion/bif148/scratch/erikgarrison/emender/.wg-worktrees/agent-1263/ndm/resilient_node_transport.py", line 89, in _recv_exact
    raise EOFError("peer closed framed transport")
EOFError: peer closed framed transport

During handling of the above exception, another exception occurred:

Traceback (most recent call last):
  File "/lustre/orion/bif148/scratch/erikgarrison/emender/.envs/olcf-rocm711-torch210-py312/lib/python3.12/socketserver.py", line 697, in process_request_thread
    self.finish_request(request, client_address)
  File "/lustre/orion/bif148/scratch/erikgarrison/emender/.envs/olcf-rocm711-torch210-py312/lib/python3.12/socketserver.py", line 362, in finish_request
    self.RequestHandlerClass(request, client_address, self)
  File "/lustre/orion/bif148/scratch/erikgarrison/emender/.envs/olcf-rocm711-torch210-py312/lib/python3.12/socketserver.py", line 766, in __init__
    self.handle()
  File "/lustre/orion/bif148/scratch/erikgarrison/emender/.wg-worktrees/agent-1263/ndm/resilient_pool_runtime.py", line 367, in handle
    send_frame(self.wfile, {"op": "error", "error": str(error)})
  File "/lustre/orion/bif148/scratch/erikgarrison/emender/.wg-worktrees/agent-1263/ndm/resilient_node_transport.py", line 102, in send_frame
    stream.write(encoded)
  File "/lustre/orion/bif148/scratch/erikgarrison/emender/.envs/olcf-rocm711-torch210-py312/lib/python3.12/socketserver.py", line 845, in write
    self._sock.sendall(b)
BrokenPipeError: [Errno 32] Broken pipe
----------------------------------------
----------------------------------------
Exception occurred during processing of request from ('10.128.10.16', 47474)
Traceback (most recent call last):
  File "/lustre/orion/bif148/scratch/erikgarrison/emender/.wg-worktrees/agent-1263/ndm/resilient_pool_runtime.py", line 362, in handle
    header, payload = recv_frame(self.rfile,
                      ^^^^^^^^^^^^^^^^^^^^^^
  File "/lustre/orion/bif148/scratch/erikgarrison/emender/.wg-worktrees/agent-1263/ndm/resilient_node_transport.py", line 115, in recv_frame
    payload = _recv_exact(stream, payload_size)
              ^^^^^^^^^^^^^^^^^^^^^^^^^^^^^^^^^
  File "/lustre/orion/bif148/scratch/erikgarrison/emender/.wg-worktrees/agent-1263/ndm/resilient_node_transport.py", line 89, in _recv_exact
    raise EOFError("peer closed framed transport")
EOFError: peer closed framed transport

During handling of the above exception, another exception occurred:

Traceback (most recent call last):
  File "/lustre/orion/bif148/scratch/erikgarrison/emender/.envs/olcf-rocm711-torch210-py312/lib/python3.12/socketserver.py", line 697, in process_request_thread
    self.finish_request(request, client_address)
  File "/lustre/orion/bif148/scratch/erikgarrison/emender/.envs/olcf-rocm711-torch210-py312/lib/python3.12/socketserver.py", line 362, in finish_request
    self.RequestHandlerClass(request, client_address, self)
  File "/lustre/orion/bif148/scratch/erikgarrison/emender/.envs/olcf-rocm711-torch210-py312/lib/python3.12/socketserver.py", line 766, in __init__
    self.handle()
  File "/lustre/orion/bif148/scratch/erikgarrison/emender/.wg-worktrees/agent-1263/ndm/resilient_pool_runtime.py", line 367, in handle
    send_frame(self.wfile, {"op": "error", "error": str(error)})
  File "/lustre/orion/bif148/scratch/erikgarrison/emender/.wg-worktrees/agent-1263/ndm/resilient_node_transport.py", line 102, in send_frame
    stream.write(encoded)
  File "/lustre/orion/bif148/scratch/erikgarrison/emender/.envs/olcf-rocm711-torch210-py312/lib/python3.12/socketserver.py", line 845, in write
    self._sock.sendall(b)
BrokenPipeError: [Errno 32] Broken pipe
----------------------------------------
----------------------------------------
Exception occurred during processing of request from ('10.128.10.16', 47490)
Traceback (most recent call last):
  File "/lustre/orion/bif148/scratch/erikgarrison/emender/.wg-worktrees/agent-1263/ndm/resilient_pool_runtime.py", line 362, in handle
    header, payload = recv_frame(self.rfile,
                      ^^^^^^^^^^^^^^^^^^^^^^
  File "/lustre/orion/bif148/scratch/erikgarrison/emender/.wg-worktrees/agent-1263/ndm/resilient_node_transport.py", line 115, in recv_frame
    payload = _recv_exact(stream, payload_size)
              ^^^^^^^^^^^^^^^^^^^^^^^^^^^^^^^^^
  File "/lustre/orion/bif148/scratch/erikgarrison/emender/.wg-worktrees/agent-1263/ndm/resilient_node_transport.py", line 89, in _recv_exact
    raise EOFError("peer closed framed transport")
EOFError: peer closed framed transport

During handling of the above exception, another exception occurred:

Traceback (most recent call last):
  File "/lustre/orion/bif148/scratch/erikgarrison/emender/.envs/olcf-rocm711-torch210-py312/lib/python3.12/socketserver.py", line 697, in process_request_thread
    self.finish_request(request, client_address)
  File "/lustre/orion/bif148/scratch/erikgarrison/emender/.envs/olcf-rocm711-torch210-py312/lib/python3.12/socketserver.py", line 362, in finish_request
    self.RequestHandlerClass(request, client_address, self)
  File "/lustre/orion/bif148/scratch/erikgarrison/emender/.envs/olcf-rocm711-torch210-py312/lib/python3.12/socketserver.py", line 766, in __init__
    self.handle()
  File "/lustre/orion/bif148/scratch/erikgarrison/emender/.wg-worktrees/agent-1263/ndm/resilient_pool_runtime.py", line 367, in handle
    send_frame(self.wfile, {"op": "error", "error": str(error)})
  File "/lustre/orion/bif148/scratch/erikgarrison/emender/.wg-worktrees/agent-1263/ndm/resilient_node_transport.py", line 102, in send_frame
    stream.write(encoded)
  File "/lustre/orion/bif148/scratch/erikgarrison/emender/.envs/olcf-rocm711-torch210-py312/lib/python3.12/socketserver.py", line 845, in write
    self._sock.sendall(b)
BrokenPipeError: [Errno 32] Broken pipe
----------------------------------------
----------------------------------------
Exception occurred during processing of request from ('10.128.10.16', 47492)
Traceback (most recent call last):
  File "/lustre/orion/bif148/scratch/erikgarrison/emender/.wg-worktrees/agent-1263/ndm/resilient_pool_runtime.py", line 362, in handle
    header, payload = recv_frame(self.rfile,
                      ^^^^^^^^^^^^^^^^^^^^^^
  File "/lustre/orion/bif148/scratch/erikgarrison/emender/.wg-worktrees/agent-1263/ndm/resilient_node_transport.py", line 115, in recv_frame
    payload = _recv_exact(stream, payload_size)
              ^^^^^^^^^^^^^^^^^^^^^^^^^^^^^^^^^
  File "/lustre/orion/bif148/scratch/erikgarrison/emender/.wg-worktrees/agent-1263/ndm/resilient_node_transport.py", line 89, in _recv_exact
    raise EOFError("peer closed framed transport")
EOFError: peer closed framed transport

During handling of the above exception, another exception occurred:

Traceback (most recent call last):
  File "/lustre/orion/bif148/scratch/erikgarrison/emender/.envs/olcf-rocm711-torch210-py312/lib/python3.12/socketserver.py", line 697, in process_request_thread
    self.finish_request(request, client_address)
  File "/lustre/orion/bif148/scratch/erikgarrison/emender/.envs/olcf-rocm711-torch210-py312/lib/python3.12/socketserver.py", line 362, in finish_request
    self.RequestHandlerClass(request, client_address, self)
  File "/lustre/orion/bif148/scratch/erikgarrison/emender/.envs/olcf-rocm711-torch210-py312/lib/python3.12/socketserver.py", line 766, in __init__
    self.handle()
  File "/lustre/orion/bif148/scratch/erikgarrison/emender/.wg-worktrees/agent-1263/ndm/resilient_pool_runtime.py", line 367, in handle
    send_frame(self.wfile, {"op": "error", "error": str(error)})
  File "/lustre/orion/bif148/scratch/erikgarrison/emender/.wg-worktrees/agent-1263/ndm/resilient_node_transport.py", line 102, in send_frame
    stream.write(encoded)
  File "/lustre/orion/bif148/scratch/erikgarrison/emender/.envs/olcf-rocm711-torch210-py312/lib/python3.12/socketserver.py", line 845, in write
    self._sock.sendall(b)
BrokenPipeError: [Errno 32] Broken pipe
----------------------------------------
----------------------------------------
Exception occurred during processing of request from ('10.128.10.16', 47494)
Traceback (most recent call last):
  File "/lustre/orion/bif148/scratch/erikgarrison/emender/.wg-worktrees/agent-1263/ndm/resilient_pool_runtime.py", line 362, in handle
    header, payload = recv_frame(self.rfile,
                      ^^^^^^^^^^^^^^^^^^^^^^
  File "/lustre/orion/bif148/scratch/erikgarrison/emender/.wg-worktrees/agent-1263/ndm/resilient_node_transport.py", line 115, in recv_frame
    payload = _recv_exact(stream, payload_size)
              ^^^^^^^^^^^^^^^^^^^^^^^^^^^^^^^^^
  File "/lustre/orion/bif148/scratch/erikgarrison/emender/.wg-worktrees/agent-1263/ndm/resilient_node_transport.py", line 89, in _recv_exact
    raise EOFError("peer closed framed transport")
EOFError: peer closed framed transport

During handling of the above exception, another exception occurred:

Traceback (most recent call last):
  File "/lustre/orion/bif148/scratch/erikgarrison/emender/.envs/olcf-rocm711-torch210-py312/lib/python3.12/socketserver.py", line 697, in process_request_thread
    self.finish_request(request, client_address)
  File "/lustre/orion/bif148/scratch/erikgarrison/emender/.envs/olcf-rocm711-torch210-py312/lib/python3.12/socketserver.py", line 362, in finish_request
    self.RequestHandlerClass(request, client_address, self)
  File "/lustre/orion/bif148/scratch/erikgarrison/emender/.envs/olcf-rocm711-torch210-py312/lib/python3.12/socketserver.py", line 766, in __init__
    self.handle()
  File "/lustre/orion/bif148/scratch/erikgarrison/emender/.wg-worktrees/agent-1263/ndm/resilient_pool_runtime.py", line 367, in handle
    send_frame(self.wfile, {"op": "error", "error": str(error)})
  File "/lustre/orion/bif148/scratch/erikgarrison/emender/.wg-worktrees/agent-1263/ndm/resilient_node_transport.py", line 102, in send_frame
    stream.write(encoded)
  File "/lustre/orion/bif148/scratch/erikgarrison/emender/.envs/olcf-rocm711-torch210-py312/lib/python3.12/socketserver.py", line 845, in write
    self._sock.sendall(b)
BrokenPipeError: [Errno 32] Broken pipe
----------------------------------------
----------------------------------------
Exception occurred during processing of request from ('10.128.10.16', 47498)
Traceback (most recent call last):
  File "/lustre/orion/bif148/scratch/erikgarrison/emender/.wg-worktrees/agent-1263/ndm/resilient_pool_runtime.py", line 362, in handle
    header, payload = recv_frame(self.rfile,
                      ^^^^^^^^^^^^^^^^^^^^^^
  File "/lustre/orion/bif148/scratch/erikgarrison/emender/.wg-worktrees/agent-1263/ndm/resilient_node_transport.py", line 115, in recv_frame
    payload = _recv_exact(stream, payload_size)
              ^^^^^^^^^^^^^^^^^^^^^^^^^^^^^^^^^
  File "/lustre/orion/bif148/scratch/erikgarrison/emender/.wg-worktrees/agent-1263/ndm/resilient_node_transport.py", line 89, in _recv_exact
    raise EOFError("peer closed framed transport")
EOFError: peer closed framed transport

During handling of the above exception, another exception occurred:

Traceback (most recent call last):
  File "/lustre/orion/bif148/scratch/erikgarrison/emender/.envs/olcf-rocm711-torch210-py312/lib/python3.12/socketserver.py", line 697, in process_request_thread
    self.finish_request(request, client_address)
  File "/lustre/orion/bif148/scratch/erikgarrison/emender/.envs/olcf-rocm711-torch210-py312/lib/python3.12/socketserver.py", line 362, in finish_request
    self.RequestHandlerClass(request, client_address, self)
  File "/lustre/orion/bif148/scratch/erikgarrison/emender/.envs/olcf-rocm711-torch210-py312/lib/python3.12/socketserver.py", line 766, in __init__
    self.handle()
  File "/lustre/orion/bif148/scratch/erikgarrison/emender/.wg-worktrees/agent-1263/ndm/resilient_pool_runtime.py", line 367, in handle
    send_frame(self.wfile, {"op": "error", "error": str(error)})
  File "/lustre/orion/bif148/scratch/erikgarrison/emender/.wg-worktrees/agent-1263/ndm/resilient_node_transport.py", line 102, in send_frame
    stream.write(encoded)
  File "/lustre/orion/bif148/scratch/erikgarrison/emender/.envs/olcf-rocm711-torch210-py312/lib/python3.12/socketserver.py", line 845, in write
    self._sock.sendall(b)
BrokenPipeError: [Errno 32] Broken pipe
----------------------------------------
----------------------------------------
Exception occurred during processing of request from ('10.128.10.16', 47500)
Traceback (most recent call last):
  File "/lustre/orion/bif148/scratch/erikgarrison/emender/.wg-worktrees/agent-1263/ndm/resilient_pool_runtime.py", line 362, in handle
    header, payload = recv_frame(self.rfile,
                      ^^^^^^^^^^^^^^^^^^^^^^
  File "/lustre/orion/bif148/scratch/erikgarrison/emender/.wg-worktrees/agent-1263/ndm/resilient_node_transport.py", line 115, in recv_frame
    payload = _recv_exact(stream, payload_size)
              ^^^^^^^^^^^^^^^^^^^^^^^^^^^^^^^^^
  File "/lustre/orion/bif148/scratch/erikgarrison/emender/.wg-worktrees/agent-1263/ndm/resilient_node_transport.py", line 89, in _recv_exact
    raise EOFError("peer closed framed transport")
EOFError: peer closed framed transport

During handling of the above exception, another exception occurred:

Traceback (most recent call last):
  File "/lustre/orion/bif148/scratch/erikgarrison/emender/.envs/olcf-rocm711-torch210-py312/lib/python3.12/socketserver.py", line 697, in process_request_thread
    self.finish_request(request, client_address)
  File "/lustre/orion/bif148/scratch/erikgarrison/emender/.envs/olcf-rocm711-torch210-py312/lib/python3.12/socketserver.py", line 362, in finish_request
    self.RequestHandlerClass(request, client_address, self)
  File "/lustre/orion/bif148/scratch/erikgarrison/emender/.envs/olcf-rocm711-torch210-py312/lib/python3.12/socketserver.py", line 766, in __init__
    self.handle()
  File "/lustre/orion/bif148/scratch/erikgarrison/emender/.wg-worktrees/agent-1263/ndm/resilient_pool_runtime.py", line 367, in handle
    send_frame(self.wfile, {"op": "error", "error": str(error)})
  File "/lustre/orion/bif148/scratch/erikgarrison/emender/.wg-worktrees/agent-1263/ndm/resilient_node_transport.py", line 102, in send_frame
    stream.write(encoded)
  File "/lustre/orion/bif148/scratch/erikgarrison/emender/.envs/olcf-rocm711-torch210-py312/lib/python3.12/socketserver.py", line 845, in write
    self._sock.sendall(b)
BrokenPipeError: [Errno 32] Broken pipe
----------------------------------------
----------------------------------------
Exception occurred during processing of request from ('10.128.10.16', 47514)
Traceback (most recent call last):
  File "/lustre/orion/bif148/scratch/erikgarrison/emender/.wg-worktrees/agent-1263/ndm/resilient_pool_runtime.py", line 362, in handle
    header, payload = recv_frame(self.rfile,
                      ^^^^^^^^^^^^^^^^^^^^^^
  File "/lustre/orion/bif148/scratch/erikgarrison/emender/.wg-worktrees/agent-1263/ndm/resilient_node_transport.py", line 115, in recv_frame
    payload = _recv_exact(stream, payload_size)
              ^^^^^^^^^^^^^^^^^^^^^^^^^^^^^^^^^
  File "/lustre/orion/bif148/scratch/erikgarrison/emender/.wg-worktrees/agent-1263/ndm/resilient_node_transport.py", line 89, in _recv_exact
    raise EOFError("peer closed framed transport")
EOFError: peer closed framed transport

During handling of the above exception, another exception occurred:

Traceback (most recent call last):
  File "/lustre/orion/bif148/scratch/erikgarrison/emender/.envs/olcf-rocm711-torch210-py312/lib/python3.12/socketserver.py", line 697, in process_request_thread
    self.finish_request(request, client_address)
  File "/lustre/orion/bif148/scratch/erikgarrison/emender/.envs/olcf-rocm711-torch210-py312/lib/python3.12/socketserver.py", line 362, in finish_request
    self.RequestHandlerClass(request, client_address, self)
  File "/lustre/orion/bif148/scratch/erikgarrison/emender/.envs/olcf-rocm711-torch210-py312/lib/python3.12/socketserver.py", line 766, in __init__
    self.handle()
  File "/lustre/orion/bif148/scratch/erikgarrison/emender/.wg-worktrees/agent-1263/ndm/resilient_pool_runtime.py", line 367, in handle
    send_frame(self.wfile, {"op": "error", "error": str(error)})
  File "/lustre/orion/bif148/scratch/erikgarrison/emender/.wg-worktrees/agent-1263/ndm/resilient_node_transport.py", line 102, in send_frame
    stream.write(encoded)
  File "/lustre/orion/bif148/scratch/erikgarrison/emender/.envs/olcf-rocm711-torch210-py312/lib/python3.12/socketserver.py", line 845, in write
    self._sock.sendall(b)
BrokenPipeError: [Errno 32] Broken pipe
----------------------------------------
----------------------------------------
Exception occurred during processing of request from ('10.128.10.16', 47522)
Traceback (most recent call last):
  File "/lustre/orion/bif148/scratch/erikgarrison/emender/.wg-worktrees/agent-1263/ndm/resilient_pool_runtime.py", line 362, in handle
    header, payload = recv_frame(self.rfile,
                      ^^^^^^^^^^^^^^^^^^^^^^
  File "/lustre/orion/bif148/scratch/erikgarrison/emender/.wg-worktrees/agent-1263/ndm/resilient_node_transport.py", line 115, in recv_frame
    payload = _recv_exact(stream, payload_size)
              ^^^^^^^^^^^^^^^^^^^^^^^^^^^^^^^^^
  File "/lustre/orion/bif148/scratch/erikgarrison/emender/.wg-worktrees/agent-1263/ndm/resilient_node_transport.py", line 89, in _recv_exact
    raise EOFError("peer closed framed transport")
EOFError: peer closed framed transport

During handling of the above exception, another exception occurred:

Traceback (most recent call last):
  File "/lustre/orion/bif148/scratch/erikgarrison/emender/.envs/olcf-rocm711-torch210-py312/lib/python3.12/socketserver.py", line 697, in process_request_thread
    self.finish_request(request, client_address)
  File "/lustre/orion/bif148/scratch/erikgarrison/emender/.envs/olcf-rocm711-torch210-py312/lib/python3.12/socketserver.py", line 362, in finish_request
    self.RequestHandlerClass(request, client_address, self)
  File "/lustre/orion/bif148/scratch/erikgarrison/emender/.envs/olcf-rocm711-torch210-py312/lib/python3.12/socketserver.py", line 766, in __init__
    self.handle()
  File "/lustre/orion/bif148/scratch/erikgarrison/emender/.wg-worktrees/agent-1263/ndm/resilient_pool_runtime.py", line 367, in handle
    send_frame(self.wfile, {"op": "error", "error": str(error)})
  File "/lustre/orion/bif148/scratch/erikgarrison/emender/.wg-worktrees/agent-1263/ndm/resilient_node_transport.py", line 102, in send_frame
    stream.write(encoded)
  File "/lustre/orion/bif148/scratch/erikgarrison/emender/.envs/olcf-rocm711-torch210-py312/lib/python3.12/socketserver.py", line 845, in write
    self._sock.sendall(b)
BrokenPipeError: [Errno 32] Broken pipe
----------------------------------------
----------------------------------------
Exception occurred during processing of request from ('10.128.10.16', 51664)
Traceback (most recent call last):
  File "/lustre/orion/bif148/scratch/erikgarrison/emender/.wg-worktrees/agent-1263/ndm/resilient_pool_runtime.py", line 362, in handle
    header, payload = recv_frame(self.rfile,
                      ^^^^^^^^^^^^^^^^^^^^^^
  File "/lustre/orion/bif148/scratch/erikgarrison/emender/.wg-worktrees/agent-1263/ndm/resilient_node_transport.py", line 115, in recv_frame
    payload = _recv_exact(stream, payload_size)
              ^^^^^^^^^^^^^^^^^^^^^^^^^^^^^^^^^
  File "/lustre/orion/bif148/scratch/erikgarrison/emender/.wg-worktrees/agent-1263/ndm/resilient_node_transport.py", line 89, in _recv_exact
    raise EOFError("peer closed framed transport")
EOFError: peer closed framed transport

During handling of the above exception, another exception occurred:

Traceback (most recent call last):
  File "/lustre/orion/bif148/scratch/erikgarrison/emender/.envs/olcf-rocm711-torch210-py312/lib/python3.12/socketserver.py", line 697, in process_request_thread
    self.finish_request(request, client_address)
  File "/lustre/orion/bif148/scratch/erikgarrison/emender/.envs/olcf-rocm711-torch210-py312/lib/python3.12/socketserver.py", line 362, in finish_request
    self.RequestHandlerClass(request, client_address, self)
  File "/lustre/orion/bif148/scratch/erikgarrison/emender/.envs/olcf-rocm711-torch210-py312/lib/python3.12/socketserver.py", line 766, in __init__
    self.handle()
  File "/lustre/orion/bif148/scratch/erikgarrison/emender/.wg-worktrees/agent-1263/ndm/resilient_pool_runtime.py", line 367, in handle
    send_frame(self.wfile, {"op": "error", "error": str(error)})
  File "/lustre/orion/bif148/scratch/erikgarrison/emender/.wg-worktrees/agent-1263/ndm/resilient_node_transport.py", line 102, in send_frame
    stream.write(encoded)
  File "/lustre/orion/bif148/scratch/erikgarrison/emender/.envs/olcf-rocm711-torch210-py312/lib/python3.12/socketserver.py", line 845, in write
    self._sock.sendall(b)
BrokenPipeError: [Errno 32] Broken pipe
----------------------------------------
----------------------------------------
Exception occurred during processing of request from ('10.128.10.16', 51668)
Traceback (most recent call last):
  File "/lustre/orion/bif148/scratch/erikgarrison/emender/.wg-worktrees/agent-1263/ndm/resilient_pool_runtime.py", line 362, in handle
    header, payload = recv_frame(self.rfile,
                      ^^^^^^^^^^^^^^^^^^^^^^
  File "/lustre/orion/bif148/scratch/erikgarrison/emender/.wg-worktrees/agent-1263/ndm/resilient_node_transport.py", line 115, in recv_frame
    payload = _recv_exact(stream, payload_size)
              ^^^^^^^^^^^^^^^^^^^^^^^^^^^^^^^^^
  File "/lustre/orion/bif148/scratch/erikgarrison/emender/.wg-worktrees/agent-1263/ndm/resilient_node_transport.py", line 89, in _recv_exact
    raise EOFError("peer closed framed transport")
EOFError: peer closed framed transport

During handling of the above exception, another exception occurred:

Traceback (most recent call last):
  File "/lustre/orion/bif148/scratch/erikgarrison/emender/.envs/olcf-rocm711-torch210-py312/lib/python3.12/socketserver.py", line 697, in process_request_thread
    self.finish_request(request, client_address)
  File "/lustre/orion/bif148/scratch/erikgarrison/emender/.envs/olcf-rocm711-torch210-py312/lib/python3.12/socketserver.py", line 362, in finish_request
    self.RequestHandlerClass(request, client_address, self)
  File "/lustre/orion/bif148/scratch/erikgarrison/emender/.envs/olcf-rocm711-torch210-py312/lib/python3.12/socketserver.py", line 766, in __init__
    self.handle()
  File "/lustre/orion/bif148/scratch/erikgarrison/emender/.wg-worktrees/agent-1263/ndm/resilient_pool_runtime.py", line 367, in handle
    send_frame(self.wfile, {"op": "error", "error": str(error)})
  File "/lustre/orion/bif148/scratch/erikgarrison/emender/.wg-worktrees/agent-1263/ndm/resilient_node_transport.py", line 102, in send_frame
    stream.write(encoded)
  File "/lustre/orion/bif148/scratch/erikgarrison/emender/.envs/olcf-rocm711-torch210-py312/lib/python3.12/socketserver.py", line 845, in write
    self._sock.sendall(b)
BrokenPipeError: [Errno 32] Broken pipe
----------------------------------------
----------------------------------------
Exception occurred during processing of request from ('10.128.10.16', 51676)
Traceback (most recent call last):
  File "/lustre/orion/bif148/scratch/erikgarrison/emender/.wg-worktrees/agent-1263/ndm/resilient_pool_runtime.py", line 362, in handle
    header, payload = recv_frame(self.rfile,
                      ^^^^^^^^^^^^^^^^^^^^^^
  File "/lustre/orion/bif148/scratch/erikgarrison/emender/.wg-worktrees/agent-1263/ndm/resilient_node_transport.py", line 115, in recv_frame
    payload = _recv_exact(stream, payload_size)
              ^^^^^^^^^^^^^^^^^^^^^^^^^^^^^^^^^
  File "/lustre/orion/bif148/scratch/erikgarrison/emender/.wg-worktrees/agent-1263/ndm/resilient_node_transport.py", line 89, in _recv_exact
    raise EOFError("peer closed framed transport")
EOFError: peer closed framed transport

During handling of the above exception, another exception occurred:

Traceback (most recent call last):
  File "/lustre/orion/bif148/scratch/erikgarrison/emender/.envs/olcf-rocm711-torch210-py312/lib/python3.12/socketserver.py", line 697, in process_request_thread
    self.finish_request(request, client_address)
  File "/lustre/orion/bif148/scratch/erikgarrison/emender/.envs/olcf-rocm711-torch210-py312/lib/python3.12/socketserver.py", line 362, in finish_request
    self.RequestHandlerClass(request, client_address, self)
  File "/lustre/orion/bif148/scratch/erikgarrison/emender/.envs/olcf-rocm711-torch210-py312/lib/python3.12/socketserver.py", line 766, in __init__
    self.handle()
  File "/lustre/orion/bif148/scratch/erikgarrison/emender/.wg-worktrees/agent-1263/ndm/resilient_pool_runtime.py", line 367, in handle
    send_frame(self.wfile, {"op": "error", "error": str(error)})
  File "/lustre/orion/bif148/scratch/erikgarrison/emender/.wg-worktrees/agent-1263/ndm/resilient_node_transport.py", line 102, in send_frame
    stream.write(encoded)
  File "/lustre/orion/bif148/scratch/erikgarrison/emender/.envs/olcf-rocm711-torch210-py312/lib/python3.12/socketserver.py", line 845, in write
    self._sock.sendall(b)
BrokenPipeError: [Errno 32] Broken pipe
----------------------------------------
----------------------------------------
Exception occurred during processing of request from ('10.128.10.16', 51680)
Traceback (most recent call last):
  File "/lustre/orion/bif148/scratch/erikgarrison/emender/.wg-worktrees/agent-1263/ndm/resilient_pool_runtime.py", line 362, in handle
    header, payload = recv_frame(self.rfile,
                      ^^^^^^^^^^^^^^^^^^^^^^
  File "/lustre/orion/bif148/scratch/erikgarrison/emender/.wg-worktrees/agent-1263/ndm/resilient_node_transport.py", line 115, in recv_frame
    payload = _recv_exact(stream, payload_size)
              ^^^^^^^^^^^^^^^^^^^^^^^^^^^^^^^^^
  File "/lustre/orion/bif148/scratch/erikgarrison/emender/.wg-worktrees/agent-1263/ndm/resilient_node_transport.py", line 89, in _recv_exact
    raise EOFError("peer closed framed transport")
EOFError: peer closed framed transport

During handling of the above exception, another exception occurred:

Traceback (most recent call last):
  File "/lustre/orion/bif148/scratch/erikgarrison/emender/.envs/olcf-rocm711-torch210-py312/lib/python3.12/socketserver.py", line 697, in process_request_thread
    self.finish_request(request, client_address)
  File "/lustre/orion/bif148/scratch/erikgarrison/emender/.envs/olcf-rocm711-torch210-py312/lib/python3.12/socketserver.py", line 362, in finish_request
    self.RequestHandlerClass(request, client_address, self)
  File "/lustre/orion/bif148/scratch/erikgarrison/emender/.envs/olcf-rocm711-torch210-py312/lib/python3.12/socketserver.py", line 766, in __init__
    self.handle()
  File "/lustre/orion/bif148/scratch/erikgarrison/emender/.wg-worktrees/agent-1263/ndm/resilient_pool_runtime.py", line 367, in handle
    send_frame(self.wfile, {"op": "error", "error": str(error)})
  File "/lustre/orion/bif148/scratch/erikgarrison/emender/.wg-worktrees/agent-1263/ndm/resilient_node_transport.py", line 102, in send_frame
    stream.write(encoded)
  File "/lustre/orion/bif148/scratch/erikgarrison/emender/.envs/olcf-rocm711-torch210-py312/lib/python3.12/socketserver.py", line 845, in write
    self._sock.sendall(b)
BrokenPipeError: [Errno 32] Broken pipe
----------------------------------------
----------------------------------------
Exception occurred during processing of request from ('10.128.10.16', 51696)
Traceback (most recent call last):
  File "/lustre/orion/bif148/scratch/erikgarrison/emender/.wg-worktrees/agent-1263/ndm/resilient_pool_runtime.py", line 362, in handle
    header, payload = recv_frame(self.rfile,
                      ^^^^^^^^^^^^^^^^^^^^^^
  File "/lustre/orion/bif148/scratch/erikgarrison/emender/.wg-worktrees/agent-1263/ndm/resilient_node_transport.py", line 115, in recv_frame
    payload = _recv_exact(stream, payload_size)
              ^^^^^^^^^^^^^^^^^^^^^^^^^^^^^^^^^
  File "/lustre/orion/bif148/scratch/erikgarrison/emender/.wg-worktrees/agent-1263/ndm/resilient_node_transport.py", line 89, in _recv_exact
    raise EOFError("peer closed framed transport")
EOFError: peer closed framed transport

During handling of the above exception, another exception occurred:

Traceback (most recent call last):
  File "/lustre/orion/bif148/scratch/erikgarrison/emender/.envs/olcf-rocm711-torch210-py312/lib/python3.12/socketserver.py", line 697, in process_request_thread
    self.finish_request(request, client_address)
  File "/lustre/orion/bif148/scratch/erikgarrison/emender/.envs/olcf-rocm711-torch210-py312/lib/python3.12/socketserver.py", line 362, in finish_request
    self.RequestHandlerClass(request, client_address, self)
  File "/lustre/orion/bif148/scratch/erikgarrison/emender/.envs/olcf-rocm711-torch210-py312/lib/python3.12/socketserver.py", line 766, in __init__
    self.handle()
  File "/lustre/orion/bif148/scratch/erikgarrison/emender/.wg-worktrees/agent-1263/ndm/resilient_pool_runtime.py", line 367, in handle
    send_frame(self.wfile, {"op": "error", "error": str(error)})
  File "/lustre/orion/bif148/scratch/erikgarrison/emender/.wg-worktrees/agent-1263/ndm/resilient_node_transport.py", line 102, in send_frame
    stream.write(encoded)
  File "/lustre/orion/bif148/scratch/erikgarrison/emender/.envs/olcf-rocm711-torch210-py312/lib/python3.12/socketserver.py", line 845, in write
    self._sock.sendall(b)
BrokenPipeError: [Errno 32] Broken pipe
----------------------------------------
----------------------------------------
Exception occurred during processing of request from ('10.128.10.16', 51706)
Traceback (most recent call last):
  File "/lustre/orion/bif148/scratch/erikgarrison/emender/.wg-worktrees/agent-1263/ndm/resilient_pool_runtime.py", line 362, in handle
    header, payload = recv_frame(self.rfile,
                      ^^^^^^^^^^^^^^^^^^^^^^
  File "/lustre/orion/bif148/scratch/erikgarrison/emender/.wg-worktrees/agent-1263/ndm/resilient_node_transport.py", line 115, in recv_frame
    payload = _recv_exact(stream, payload_size)
              ^^^^^^^^^^^^^^^^^^^^^^^^^^^^^^^^^
  File "/lustre/orion/bif148/scratch/erikgarrison/emender/.wg-worktrees/agent-1263/ndm/resilient_node_transport.py", line 89, in _recv_exact
    raise EOFError("peer closed framed transport")
EOFError: peer closed framed transport

During handling of the above exception, another exception occurred:

Traceback (most recent call last):
  File "/lustre/orion/bif148/scratch/erikgarrison/emender/.envs/olcf-rocm711-torch210-py312/lib/python3.12/socketserver.py", line 697, in process_request_thread
    self.finish_request(request, client_address)
  File "/lustre/orion/bif148/scratch/erikgarrison/emender/.envs/olcf-rocm711-torch210-py312/lib/python3.12/socketserver.py", line 362, in finish_request
    self.RequestHandlerClass(request, client_address, self)
  File "/lustre/orion/bif148/scratch/erikgarrison/emender/.envs/olcf-rocm711-torch210-py312/lib/python3.12/socketserver.py", line 766, in __init__
    self.handle()
  File "/lustre/orion/bif148/scratch/erikgarrison/emender/.wg-worktrees/agent-1263/ndm/resilient_pool_runtime.py", line 367, in handle
    send_frame(self.wfile, {"op": "error", "error": str(error)})
  File "/lustre/orion/bif148/scratch/erikgarrison/emender/.wg-worktrees/agent-1263/ndm/resilient_node_transport.py", line 102, in send_frame
    stream.write(encoded)
  File "/lustre/orion/bif148/scratch/erikgarrison/emender/.envs/olcf-rocm711-torch210-py312/lib/python3.12/socketserver.py", line 845, in write
    self._sock.sendall(b)
BrokenPipeError: [Errno 32] Broken pipe
----------------------------------------
----------------------------------------
Exception occurred during processing of request from ('10.128.10.16', 51708)
Traceback (most recent call last):
  File "/lustre/orion/bif148/scratch/erikgarrison/emender/.wg-worktrees/agent-1263/ndm/resilient_pool_runtime.py", line 362, in handle
    header, payload = recv_frame(self.rfile,
                      ^^^^^^^^^^^^^^^^^^^^^^
  File "/lustre/orion/bif148/scratch/erikgarrison/emender/.wg-worktrees/agent-1263/ndm/resilient_node_transport.py", line 115, in recv_frame
    payload = _recv_exact(stream, payload_size)
              ^^^^^^^^^^^^^^^^^^^^^^^^^^^^^^^^^
  File "/lustre/orion/bif148/scratch/erikgarrison/emender/.wg-worktrees/agent-1263/ndm/resilient_node_transport.py", line 89, in _recv_exact
    raise EOFError("peer closed framed transport")
EOFError: peer closed framed transport

During handling of the above exception, another exception occurred:

Traceback (most recent call last):
  File "/lustre/orion/bif148/scratch/erikgarrison/emender/.envs/olcf-rocm711-torch210-py312/lib/python3.12/socketserver.py", line 697, in process_request_thread
    self.finish_request(request, client_address)
  File "/lustre/orion/bif148/scratch/erikgarrison/emender/.envs/olcf-rocm711-torch210-py312/lib/python3.12/socketserver.py", line 362, in finish_request
    self.RequestHandlerClass(request, client_address, self)
  File "/lustre/orion/bif148/scratch/erikgarrison/emender/.envs/olcf-rocm711-torch210-py312/lib/python3.12/socketserver.py", line 766, in __init__
    self.handle()
  File "/lustre/orion/bif148/scratch/erikgarrison/emender/.wg-worktrees/agent-1263/ndm/resilient_pool_runtime.py", line 367, in handle
    send_frame(self.wfile, {"op": "error", "error": str(error)})
  File "/lustre/orion/bif148/scratch/erikgarrison/emender/.wg-worktrees/agent-1263/ndm/resilient_node_transport.py", line 102, in send_frame
    stream.write(encoded)
  File "/lustre/orion/bif148/scratch/erikgarrison/emender/.envs/olcf-rocm711-torch210-py312/lib/python3.12/socketserver.py", line 845, in write
    self._sock.sendall(b)
BrokenPipeError: [Errno 32] Broken pipe
----------------------------------------
----------------------------------------
Exception occurred during processing of request from ('10.128.10.16', 51710)
Traceback (most recent call last):
  File "/lustre/orion/bif148/scratch/erikgarrison/emender/.wg-worktrees/agent-1263/ndm/resilient_pool_runtime.py", line 362, in handle
    header, payload = recv_frame(self.rfile,
                      ^^^^^^^^^^^^^^^^^^^^^^
  File "/lustre/orion/bif148/scratch/erikgarrison/emender/.wg-worktrees/agent-1263/ndm/resilient_node_transport.py", line 115, in recv_frame
    payload = _recv_exact(stream, payload_size)
              ^^^^^^^^^^^^^^^^^^^^^^^^^^^^^^^^^
  File "/lustre/orion/bif148/scratch/erikgarrison/emender/.wg-worktrees/agent-1263/ndm/resilient_node_transport.py", line 89, in _recv_exact
    raise EOFError("peer closed framed transport")
EOFError: peer closed framed transport

During handling of the above exception, another exception occurred:

Traceback (most recent call last):
  File "/lustre/orion/bif148/scratch/erikgarrison/emender/.envs/olcf-rocm711-torch210-py312/lib/python3.12/socketserver.py", line 697, in process_request_thread
    self.finish_request(request, client_address)
  File "/lustre/orion/bif148/scratch/erikgarrison/emender/.envs/olcf-rocm711-torch210-py312/lib/python3.12/socketserver.py", line 362, in finish_request
    self.RequestHandlerClass(request, client_address, self)
  File "/lustre/orion/bif148/scratch/erikgarrison/emender/.envs/olcf-rocm711-torch210-py312/lib/python3.12/socketserver.py", line 766, in __init__
    self.handle()
  File "/lustre/orion/bif148/scratch/erikgarrison/emender/.wg-worktrees/agent-1263/ndm/resilient_pool_runtime.py", line 367, in handle
    send_frame(self.wfile, {"op": "error", "error": str(error)})
  File "/lustre/orion/bif148/scratch/erikgarrison/emender/.wg-worktrees/agent-1263/ndm/resilient_node_transport.py", line 102, in send_frame
    stream.write(encoded)
  File "/lustre/orion/bif148/scratch/erikgarrison/emender/.envs/olcf-rocm711-torch210-py312/lib/python3.12/socketserver.py", line 845, in write
    self._sock.sendall(b)
BrokenPipeError: [Errno 32] Broken pipe
----------------------------------------
----------------------------------------
Exception occurred during processing of request from ('10.128.10.16', 51726)
Traceback (most recent call last):
  File "/lustre/orion/bif148/scratch/erikgarrison/emender/.wg-worktrees/agent-1263/ndm/resilient_pool_runtime.py", line 362, in handle
    header, payload = recv_frame(self.rfile,
                      ^^^^^^^^^^^^^^^^^^^^^^
  File "/lustre/orion/bif148/scratch/erikgarrison/emender/.wg-worktrees/agent-1263/ndm/resilient_node_transport.py", line 115, in recv_frame
    payload = _recv_exact(stream, payload_size)
              ^^^^^^^^^^^^^^^^^^^^^^^^^^^^^^^^^
  File "/lustre/orion/bif148/scratch/erikgarrison/emender/.wg-worktrees/agent-1263/ndm/resilient_node_transport.py", line 89, in _recv_exact
    raise EOFError("peer closed framed transport")
EOFError: peer closed framed transport

During handling of the above exception, another exception occurred:

Traceback (most recent call last):
  File "/lustre/orion/bif148/scratch/erikgarrison/emender/.envs/olcf-rocm711-torch210-py312/lib/python3.12/socketserver.py", line 697, in process_request_thread
    self.finish_request(request, client_address)
  File "/lustre/orion/bif148/scratch/erikgarrison/emender/.envs/olcf-rocm711-torch210-py312/lib/python3.12/socketserver.py", line 362, in finish_request
    self.RequestHandlerClass(request, client_address, self)
  File "/lustre/orion/bif148/scratch/erikgarrison/emender/.envs/olcf-rocm711-torch210-py312/lib/python3.12/socketserver.py", line 766, in __init__
    self.handle()
  File "/lustre/orion/bif148/scratch/erikgarrison/emender/.wg-worktrees/agent-1263/ndm/resilient_pool_runtime.py", line 367, in handle
    send_frame(self.wfile, {"op": "error", "error": str(error)})
  File "/lustre/orion/bif148/scratch/erikgarrison/emender/.wg-worktrees/agent-1263/ndm/resilient_node_transport.py", line 102, in send_frame
    stream.write(encoded)
  File "/lustre/orion/bif148/scratch/erikgarrison/emender/.envs/olcf-rocm711-torch210-py312/lib/python3.12/socketserver.py", line 845, in write
    self._sock.sendall(b)
BrokenPipeError: [Errno 32] Broken pipe
----------------------------------------
----------------------------------------
Exception occurred during processing of request from ('10.128.10.16', 41640)
Traceback (most recent call last):
  File "/lustre/orion/bif148/scratch/erikgarrison/emender/.wg-worktrees/agent-1263/ndm/resilient_pool_runtime.py", line 362, in handle
    header, payload = recv_frame(self.rfile,
                      ^^^^^^^^^^^^^^^^^^^^^^
  File "/lustre/orion/bif148/scratch/erikgarrison/emender/.wg-worktrees/agent-1263/ndm/resilient_node_transport.py", line 115, in recv_frame
    payload = _recv_exact(stream, payload_size)
              ^^^^^^^^^^^^^^^^^^^^^^^^^^^^^^^^^
  File "/lustre/orion/bif148/scratch/erikgarrison/emender/.wg-worktrees/agent-1263/ndm/resilient_node_transport.py", line 89, in _recv_exact
    raise EOFError("peer closed framed transport")
EOFError: peer closed framed transport

During handling of the above exception, another exception occurred:

Traceback (most recent call last):
  File "/lustre/orion/bif148/scratch/erikgarrison/emender/.envs/olcf-rocm711-torch210-py312/lib/python3.12/socketserver.py", line 697, in process_request_thread
    self.finish_request(request, client_address)
  File "/lustre/orion/bif148/scratch/erikgarrison/emender/.envs/olcf-rocm711-torch210-py312/lib/python3.12/socketserver.py", line 362, in finish_request
    self.RequestHandlerClass(request, client_address, self)
  File "/lustre/orion/bif148/scratch/erikgarrison/emender/.envs/olcf-rocm711-torch210-py312/lib/python3.12/socketserver.py", line 766, in __init__
    self.handle()
  File "/lustre/orion/bif148/scratch/erikgarrison/emender/.wg-worktrees/agent-1263/ndm/resilient_pool_runtime.py", line 367, in handle
    send_frame(self.wfile, {"op": "error", "error": str(error)})
  File "/lustre/orion/bif148/scratch/erikgarrison/emender/.wg-worktrees/agent-1263/ndm/resilient_node_transport.py", line 102, in send_frame
    stream.write(encoded)
  File "/lustre/orion/bif148/scratch/erikgarrison/emender/.envs/olcf-rocm711-torch210-py312/lib/python3.12/socketserver.py", line 845, in write
    self._sock.sendall(b)
BrokenPipeError: [Errno 32] Broken pipe
----------------------------------------
----------------------------------------
Exception occurred during processing of request from ('10.128.10.16', 41644)
Traceback (most recent call last):
  File "/lustre/orion/bif148/scratch/erikgarrison/emender/.wg-worktrees/agent-1263/ndm/resilient_pool_runtime.py", line 362, in handle
    header, payload = recv_frame(self.rfile,
                      ^^^^^^^^^^^^^^^^^^^^^^
  File "/lustre/orion/bif148/scratch/erikgarrison/emender/.wg-worktrees/agent-1263/ndm/resilient_node_transport.py", line 115, in recv_frame
    payload = _recv_exact(stream, payload_size)
              ^^^^^^^^^^^^^^^^^^^^^^^^^^^^^^^^^
  File "/lustre/orion/bif148/scratch/erikgarrison/emender/.wg-worktrees/agent-1263/ndm/resilient_node_transport.py", line 89, in _recv_exact
    raise EOFError("peer closed framed transport")
EOFError: peer closed framed transport

During handling of the above exception, another exception occurred:

Traceback (most recent call last):
  File "/lustre/orion/bif148/scratch/erikgarrison/emender/.envs/olcf-rocm711-torch210-py312/lib/python3.12/socketserver.py", line 697, in process_request_thread
    self.finish_request(request, client_address)
  File "/lustre/orion/bif148/scratch/erikgarrison/emender/.envs/olcf-rocm711-torch210-py312/lib/python3.12/socketserver.py", line 362, in finish_request
    self.RequestHandlerClass(request, client_address, self)
  File "/lustre/orion/bif148/scratch/erikgarrison/emender/.envs/olcf-rocm711-torch210-py312/lib/python3.12/socketserver.py", line 766, in __init__
    self.handle()
  File "/lustre/orion/bif148/scratch/erikgarrison/emender/.wg-worktrees/agent-1263/ndm/resilient_pool_runtime.py", line 367, in handle
    send_frame(self.wfile, {"op": "error", "error": str(error)})
  File "/lustre/orion/bif148/scratch/erikgarrison/emender/.wg-worktrees/agent-1263/ndm/resilient_node_transport.py", line 102, in send_frame
    stream.write(encoded)
  File "/lustre/orion/bif148/scratch/erikgarrison/emender/.envs/olcf-rocm711-torch210-py312/lib/python3.12/socketserver.py", line 845, in write
    self._sock.sendall(b)
BrokenPipeError: [Errno 32] Broken pipe
----------------------------------------
----------------------------------------
Exception occurred during processing of request from ('10.128.10.16', 41660)
Traceback (most recent call last):
  File "/lustre/orion/bif148/scratch/erikgarrison/emender/.wg-worktrees/agent-1263/ndm/resilient_pool_runtime.py", line 362, in handle
    header, payload = recv_frame(self.rfile,
                      ^^^^^^^^^^^^^^^^^^^^^^
  File "/lustre/orion/bif148/scratch/erikgarrison/emender/.wg-worktrees/agent-1263/ndm/resilient_node_transport.py", line 115, in recv_frame
    payload = _recv_exact(stream, payload_size)
              ^^^^^^^^^^^^^^^^^^^^^^^^^^^^^^^^^
  File "/lustre/orion/bif148/scratch/erikgarrison/emender/.wg-worktrees/agent-1263/ndm/resilient_node_transport.py", line 89, in _recv_exact
    raise EOFError("peer closed framed transport")
EOFError: peer closed framed transport

During handling of the above exception, another exception occurred:

Traceback (most recent call last):
  File "/lustre/orion/bif148/scratch/erikgarrison/emender/.envs/olcf-rocm711-torch210-py312/lib/python3.12/socketserver.py", line 697, in process_request_thread
    self.finish_request(request, client_address)
  File "/lustre/orion/bif148/scratch/erikgarrison/emender/.envs/olcf-rocm711-torch210-py312/lib/python3.12/socketserver.py", line 362, in finish_request
    self.RequestHandlerClass(request, client_address, self)
  File "/lustre/orion/bif148/scratch/erikgarrison/emender/.envs/olcf-rocm711-torch210-py312/lib/python3.12/socketserver.py", line 766, in __init__
    self.handle()
  File "/lustre/orion/bif148/scratch/erikgarrison/emender/.wg-worktrees/agent-1263/ndm/resilient_pool_runtime.py", line 367, in handle
    send_frame(self.wfile, {"op": "error", "error": str(error)})
  File "/lustre/orion/bif148/scratch/erikgarrison/emender/.wg-worktrees/agent-1263/ndm/resilient_node_transport.py", line 102, in send_frame
    stream.write(encoded)
  File "/lustre/orion/bif148/scratch/erikgarrison/emender/.envs/olcf-rocm711-torch210-py312/lib/python3.12/socketserver.py", line 845, in write
    self._sock.sendall(b)
BrokenPipeError: [Errno 32] Broken pipe
----------------------------------------
----------------------------------------
Exception occurred during processing of request from ('10.128.10.16', 41670)
Traceback (most recent call last):
  File "/lustre/orion/bif148/scratch/erikgarrison/emender/.wg-worktrees/agent-1263/ndm/resilient_pool_runtime.py", line 362, in handle
    header, payload = recv_frame(self.rfile,
                      ^^^^^^^^^^^^^^^^^^^^^^
  File "/lustre/orion/bif148/scratch/erikgarrison/emender/.wg-worktrees/agent-1263/ndm/resilient_node_transport.py", line 115, in recv_frame
    payload = _recv_exact(stream, payload_size)
              ^^^^^^^^^^^^^^^^^^^^^^^^^^^^^^^^^
  File "/lustre/orion/bif148/scratch/erikgarrison/emender/.wg-worktrees/agent-1263/ndm/resilient_node_transport.py", line 89, in _recv_exact
    raise EOFError("peer closed framed transport")
EOFError: peer closed framed transport

During handling of the above exception, another exception occurred:

Traceback (most recent call last):
  File "/lustre/orion/bif148/scratch/erikgarrison/emender/.envs/olcf-rocm711-torch210-py312/lib/python3.12/socketserver.py", line 697, in process_request_thread
    self.finish_request(request, client_address)
  File "/lustre/orion/bif148/scratch/erikgarrison/emender/.envs/olcf-rocm711-torch210-py312/lib/python3.12/socketserver.py", line 362, in finish_request
    self.RequestHandlerClass(request, client_address, self)
  File "/lustre/orion/bif148/scratch/erikgarrison/emender/.envs/olcf-rocm711-torch210-py312/lib/python3.12/socketserver.py", line 766, in __init__
    self.handle()
  File "/lustre/orion/bif148/scratch/erikgarrison/emender/.wg-worktrees/agent-1263/ndm/resilient_pool_runtime.py", line 367, in handle
    send_frame(self.wfile, {"op": "error", "error": str(error)})
  File "/lustre/orion/bif148/scratch/erikgarrison/emender/.wg-worktrees/agent-1263/ndm/resilient_node_transport.py", line 102, in send_frame
    stream.write(encoded)
  File "/lustre/orion/bif148/scratch/erikgarrison/emender/.envs/olcf-rocm711-torch210-py312/lib/python3.12/socketserver.py", line 845, in write
    self._sock.sendall(b)
BrokenPipeError: [Errno 32] Broken pipe
----------------------------------------
----------------------------------------
Exception occurred during processing of request from ('10.128.10.16', 41684)
Traceback (most recent call last):
  File "/lustre/orion/bif148/scratch/erikgarrison/emender/.wg-worktrees/agent-1263/ndm/resilient_pool_runtime.py", line 362, in handle
    header, payload = recv_frame(self.rfile,
                      ^^^^^^^^^^^^^^^^^^^^^^
  File "/lustre/orion/bif148/scratch/erikgarrison/emender/.wg-worktrees/agent-1263/ndm/resilient_node_transport.py", line 115, in recv_frame
    payload = _recv_exact(stream, payload_size)
              ^^^^^^^^^^^^^^^^^^^^^^^^^^^^^^^^^
  File "/lustre/orion/bif148/scratch/erikgarrison/emender/.wg-worktrees/agent-1263/ndm/resilient_node_transport.py", line 89, in _recv_exact
    raise EOFError("peer closed framed transport")
EOFError: peer closed framed transport

During handling of the above exception, another exception occurred:

Traceback (most recent call last):
  File "/lustre/orion/bif148/scratch/erikgarrison/emender/.envs/olcf-rocm711-torch210-py312/lib/python3.12/socketserver.py", line 697, in process_request_thread
    self.finish_request(request, client_address)
  File "/lustre/orion/bif148/scratch/erikgarrison/emender/.envs/olcf-rocm711-torch210-py312/lib/python3.12/socketserver.py", line 362, in finish_request
    self.RequestHandlerClass(request, client_address, self)
  File "/lustre/orion/bif148/scratch/erikgarrison/emender/.envs/olcf-rocm711-torch210-py312/lib/python3.12/socketserver.py", line 766, in __init__
    self.handle()
  File "/lustre/orion/bif148/scratch/erikgarrison/emender/.wg-worktrees/agent-1263/ndm/resilient_pool_runtime.py", line 367, in handle
    send_frame(self.wfile, {"op": "error", "error": str(error)})
  File "/lustre/orion/bif148/scratch/erikgarrison/emender/.wg-worktrees/agent-1263/ndm/resilient_node_transport.py", line 102, in send_frame
    stream.write(encoded)
  File "/lustre/orion/bif148/scratch/erikgarrison/emender/.envs/olcf-rocm711-torch210-py312/lib/python3.12/socketserver.py", line 845, in write
    self._sock.sendall(b)
BrokenPipeError: [Errno 32] Broken pipe
----------------------------------------
----------------------------------------
Exception occurred during processing of request from ('10.128.10.16', 41698)
Traceback (most recent call last):
  File "/lustre/orion/bif148/scratch/erikgarrison/emender/.wg-worktrees/agent-1263/ndm/resilient_pool_runtime.py", line 362, in handle
    header, payload = recv_frame(self.rfile,
                      ^^^^^^^^^^^^^^^^^^^^^^
  File "/lustre/orion/bif148/scratch/erikgarrison/emender/.wg-worktrees/agent-1263/ndm/resilient_node_transport.py", line 115, in recv_frame
    payload = _recv_exact(stream, payload_size)
              ^^^^^^^^^^^^^^^^^^^^^^^^^^^^^^^^^
  File "/lustre/orion/bif148/scratch/erikgarrison/emender/.wg-worktrees/agent-1263/ndm/resilient_node_transport.py", line 89, in _recv_exact
    raise EOFError("peer closed framed transport")
EOFError: peer closed framed transport

During handling of the above exception, another exception occurred:

Traceback (most recent call last):
  File "/lustre/orion/bif148/scratch/erikgarrison/emender/.envs/olcf-rocm711-torch210-py312/lib/python3.12/socketserver.py", line 697, in process_request_thread
    self.finish_request(request, client_address)
  File "/lustre/orion/bif148/scratch/erikgarrison/emender/.envs/olcf-rocm711-torch210-py312/lib/python3.12/socketserver.py", line 362, in finish_request
    self.RequestHandlerClass(request, client_address, self)
  File "/lustre/orion/bif148/scratch/erikgarrison/emender/.envs/olcf-rocm711-torch210-py312/lib/python3.12/socketserver.py", line 766, in __init__
    self.handle()
  File "/lustre/orion/bif148/scratch/erikgarrison/emender/.wg-worktrees/agent-1263/ndm/resilient_pool_runtime.py", line 367, in handle
    send_frame(self.wfile, {"op": "error", "error": str(error)})
  File "/lustre/orion/bif148/scratch/erikgarrison/emender/.wg-worktrees/agent-1263/ndm/resilient_node_transport.py", line 102, in send_frame
    stream.write(encoded)
  File "/lustre/orion/bif148/scratch/erikgarrison/emender/.envs/olcf-rocm711-torch210-py312/lib/python3.12/socketserver.py", line 845, in write
    self._sock.sendall(b)
BrokenPipeError: [Errno 32] Broken pipe
----------------------------------------
----------------------------------------
Exception occurred during processing of request from ('10.128.10.16', 41714)
Traceback (most recent call last):
  File "/lustre/orion/bif148/scratch/erikgarrison/emender/.wg-worktrees/agent-1263/ndm/resilient_pool_runtime.py", line 362, in handle
    header, payload = recv_frame(self.rfile,
                      ^^^^^^^^^^^^^^^^^^^^^^
  File "/lustre/orion/bif148/scratch/erikgarrison/emender/.wg-worktrees/agent-1263/ndm/resilient_node_transport.py", line 115, in recv_frame
    payload = _recv_exact(stream, payload_size)
              ^^^^^^^^^^^^^^^^^^^^^^^^^^^^^^^^^
  File "/lustre/orion/bif148/scratch/erikgarrison/emender/.wg-worktrees/agent-1263/ndm/resilient_node_transport.py", line 89, in _recv_exact
    raise EOFError("peer closed framed transport")
EOFError: peer closed framed transport

During handling of the above exception, another exception occurred:

Traceback (most recent call last):
  File "/lustre/orion/bif148/scratch/erikgarrison/emender/.envs/olcf-rocm711-torch210-py312/lib/python3.12/socketserver.py", line 697, in process_request_thread
    self.finish_request(request, client_address)
  File "/lustre/orion/bif148/scratch/erikgarrison/emender/.envs/olcf-rocm711-torch210-py312/lib/python3.12/socketserver.py", line 362, in finish_request
    self.RequestHandlerClass(request, client_address, self)
  File "/lustre/orion/bif148/scratch/erikgarrison/emender/.envs/olcf-rocm711-torch210-py312/lib/python3.12/socketserver.py", line 766, in __init__
    self.handle()
  File "/lustre/orion/bif148/scratch/erikgarrison/emender/.wg-worktrees/agent-1263/ndm/resilient_pool_runtime.py", line 367, in handle
    send_frame(self.wfile, {"op": "error", "error": str(error)})
  File "/lustre/orion/bif148/scratch/erikgarrison/emender/.wg-worktrees/agent-1263/ndm/resilient_node_transport.py", line 102, in send_frame
    stream.write(encoded)
  File "/lustre/orion/bif148/scratch/erikgarrison/emender/.envs/olcf-rocm711-torch210-py312/lib/python3.12/socketserver.py", line 845, in write
    self._sock.sendall(b)
BrokenPipeError: [Errno 32] Broken pipe
----------------------------------------
----------------------------------------
Exception occurred during processing of request from ('10.128.10.16', 41726)
Traceback (most recent call last):
  File "/lustre/orion/bif148/scratch/erikgarrison/emender/.wg-worktrees/agent-1263/ndm/resilient_pool_runtime.py", line 362, in handle
    header, payload = recv_frame(self.rfile,
                      ^^^^^^^^^^^^^^^^^^^^^^
  File "/lustre/orion/bif148/scratch/erikgarrison/emender/.wg-worktrees/agent-1263/ndm/resilient_node_transport.py", line 115, in recv_frame
    payload = _recv_exact(stream, payload_size)
              ^^^^^^^^^^^^^^^^^^^^^^^^^^^^^^^^^
  File "/lustre/orion/bif148/scratch/erikgarrison/emender/.wg-worktrees/agent-1263/ndm/resilient_node_transport.py", line 89, in _recv_exact
    raise EOFError("peer closed framed transport")
EOFError: peer closed framed transport

During handling of the above exception, another exception occurred:

Traceback (most recent call last):
  File "/lustre/orion/bif148/scratch/erikgarrison/emender/.envs/olcf-rocm711-torch210-py312/lib/python3.12/socketserver.py", line 697, in process_request_thread
    self.finish_request(request, client_address)
  File "/lustre/orion/bif148/scratch/erikgarrison/emender/.envs/olcf-rocm711-torch210-py312/lib/python3.12/socketserver.py", line 362, in finish_request
    self.RequestHandlerClass(request, client_address, self)
  File "/lustre/orion/bif148/scratch/erikgarrison/emender/.envs/olcf-rocm711-torch210-py312/lib/python3.12/socketserver.py", line 766, in __init__
    self.handle()
  File "/lustre/orion/bif148/scratch/erikgarrison/emender/.wg-worktrees/agent-1263/ndm/resilient_pool_runtime.py", line 367, in handle
    send_frame(self.wfile, {"op": "error", "error": str(error)})
  File "/lustre/orion/bif148/scratch/erikgarrison/emender/.wg-worktrees/agent-1263/ndm/resilient_node_transport.py", line 102, in send_frame
    stream.write(encoded)
  File "/lustre/orion/bif148/scratch/erikgarrison/emender/.envs/olcf-rocm711-torch210-py312/lib/python3.12/socketserver.py", line 845, in write
    self._sock.sendall(b)
BrokenPipeError: [Errno 32] Broken pipe
----------------------------------------
----------------------------------------
Exception occurred during processing of request from ('10.128.10.16', 41730)
Traceback (most recent call last):
  File "/lustre/orion/bif148/scratch/erikgarrison/emender/.wg-worktrees/agent-1263/ndm/resilient_pool_runtime.py", line 362, in handle
    header, payload = recv_frame(self.rfile,
                      ^^^^^^^^^^^^^^^^^^^^^^
  File "/lustre/orion/bif148/scratch/erikgarrison/emender/.wg-worktrees/agent-1263/ndm/resilient_node_transport.py", line 115, in recv_frame
    payload = _recv_exact(stream, payload_size)
              ^^^^^^^^^^^^^^^^^^^^^^^^^^^^^^^^^
  File "/lustre/orion/bif148/scratch/erikgarrison/emender/.wg-worktrees/agent-1263/ndm/resilient_node_transport.py", line 89, in _recv_exact
    raise EOFError("peer closed framed transport")
EOFError: peer closed framed transport

During handling of the above exception, another exception occurred:

Traceback (most recent call last):
  File "/lustre/orion/bif148/scratch/erikgarrison/emender/.envs/olcf-rocm711-torch210-py312/lib/python3.12/socketserver.py", line 697, in process_request_thread
    self.finish_request(request, client_address)
  File "/lustre/orion/bif148/scratch/erikgarrison/emender/.envs/olcf-rocm711-torch210-py312/lib/python3.12/socketserver.py", line 362, in finish_request
    self.RequestHandlerClass(request, client_address, self)
  File "/lustre/orion/bif148/scratch/erikgarrison/emender/.envs/olcf-rocm711-torch210-py312/lib/python3.12/socketserver.py", line 766, in __init__
    self.handle()
  File "/lustre/orion/bif148/scratch/erikgarrison/emender/.wg-worktrees/agent-1263/ndm/resilient_pool_runtime.py", line 367, in handle
    send_frame(self.wfile, {"op": "error", "error": str(error)})
  File "/lustre/orion/bif148/scratch/erikgarrison/emender/.wg-worktrees/agent-1263/ndm/resilient_node_transport.py", line 102, in send_frame
    stream.write(encoded)
  File "/lustre/orion/bif148/scratch/erikgarrison/emender/.envs/olcf-rocm711-torch210-py312/lib/python3.12/socketserver.py", line 845, in write
    self._sock.sendall(b)
BrokenPipeError: [Errno 32] Broken pipe
----------------------------------------
----------------------------------------
Exception occurred during processing of request from ('10.128.10.16', 41736)
Traceback (most recent call last):
  File "/lustre/orion/bif148/scratch/erikgarrison/emender/.wg-worktrees/agent-1263/ndm/resilient_pool_runtime.py", line 362, in handle
    header, payload = recv_frame(self.rfile,
                      ^^^^^^^^^^^^^^^^^^^^^^
  File "/lustre/orion/bif148/scratch/erikgarrison/emender/.wg-worktrees/agent-1263/ndm/resilient_node_transport.py", line 115, in recv_frame
    payload = _recv_exact(stream, payload_size)
              ^^^^^^^^^^^^^^^^^^^^^^^^^^^^^^^^^
  File "/lustre/orion/bif148/scratch/erikgarrison/emender/.wg-worktrees/agent-1263/ndm/resilient_node_transport.py", line 89, in _recv_exact
    raise EOFError("peer closed framed transport")
EOFError: peer closed framed transport

During handling of the above exception, another exception occurred:

Traceback (most recent call last):
  File "/lustre/orion/bif148/scratch/erikgarrison/emender/.envs/olcf-rocm711-torch210-py312/lib/python3.12/socketserver.py", line 697, in process_request_thread
    self.finish_request(request, client_address)
  File "/lustre/orion/bif148/scratch/erikgarrison/emender/.envs/olcf-rocm711-torch210-py312/lib/python3.12/socketserver.py", line 362, in finish_request
    self.RequestHandlerClass(request, client_address, self)
  File "/lustre/orion/bif148/scratch/erikgarrison/emender/.envs/olcf-rocm711-torch210-py312/lib/python3.12/socketserver.py", line 766, in __init__
    self.handle()
  File "/lustre/orion/bif148/scratch/erikgarrison/emender/.wg-worktrees/agent-1263/ndm/resilient_pool_runtime.py", line 367, in handle
    send_frame(self.wfile, {"op": "error", "error": str(error)})
  File "/lustre/orion/bif148/scratch/erikgarrison/emender/.wg-worktrees/agent-1263/ndm/resilient_node_transport.py", line 102, in send_frame
    stream.write(encoded)
  File "/lustre/orion/bif148/scratch/erikgarrison/emender/.envs/olcf-rocm711-torch210-py312/lib/python3.12/socketserver.py", line 845, in write
    self._sock.sendall(b)
BrokenPipeError: [Errno 32] Broken pipe
----------------------------------------
----------------------------------------
Exception occurred during processing of request from ('10.128.10.16', 56658)
Traceback (most recent call last):
  File "/lustre/orion/bif148/scratch/erikgarrison/emender/.wg-worktrees/agent-1263/ndm/resilient_pool_runtime.py", line 362, in handle
    header, payload = recv_frame(self.rfile,
                      ^^^^^^^^^^^^^^^^^^^^^^
  File "/lustre/orion/bif148/scratch/erikgarrison/emender/.wg-worktrees/agent-1263/ndm/resilient_node_transport.py", line 115, in recv_frame
    payload = _recv_exact(stream, payload_size)
              ^^^^^^^^^^^^^^^^^^^^^^^^^^^^^^^^^
  File "/lustre/orion/bif148/scratch/erikgarrison/emender/.wg-worktrees/agent-1263/ndm/resilient_node_transport.py", line 89, in _recv_exact
    raise EOFError("peer closed framed transport")
EOFError: peer closed framed transport

During handling of the above exception, another exception occurred:

Traceback (most recent call last):
  File "/lustre/orion/bif148/scratch/erikgarrison/emender/.envs/olcf-rocm711-torch210-py312/lib/python3.12/socketserver.py", line 697, in process_request_thread
    self.finish_request(request, client_address)
  File "/lustre/orion/bif148/scratch/erikgarrison/emender/.envs/olcf-rocm711-torch210-py312/lib/python3.12/socketserver.py", line 362, in finish_request
    self.RequestHandlerClass(request, client_address, self)
  File "/lustre/orion/bif148/scratch/erikgarrison/emender/.envs/olcf-rocm711-torch210-py312/lib/python3.12/socketserver.py", line 766, in __init__
    self.handle()
  File "/lustre/orion/bif148/scratch/erikgarrison/emender/.wg-worktrees/agent-1263/ndm/resilient_pool_runtime.py", line 367, in handle
    send_frame(self.wfile, {"op": "error", "error": str(error)})
  File "/lustre/orion/bif148/scratch/erikgarrison/emender/.wg-worktrees/agent-1263/ndm/resilient_node_transport.py", line 102, in send_frame
    stream.write(encoded)
  File "/lustre/orion/bif148/scratch/erikgarrison/emender/.envs/olcf-rocm711-torch210-py312/lib/python3.12/socketserver.py", line 845, in write
    self._sock.sendall(b)
BrokenPipeError: [Errno 32] Broken pipe
----------------------------------------
----------------------------------------
Exception occurred during processing of request from ('10.128.10.16', 56662)
Traceback (most recent call last):
  File "/lustre/orion/bif148/scratch/erikgarrison/emender/.wg-worktrees/agent-1263/ndm/resilient_pool_runtime.py", line 362, in handle
    header, payload = recv_frame(self.rfile,
                      ^^^^^^^^^^^^^^^^^^^^^^
  File "/lustre/orion/bif148/scratch/erikgarrison/emender/.wg-worktrees/agent-1263/ndm/resilient_node_transport.py", line 115, in recv_frame
    payload = _recv_exact(stream, payload_size)
              ^^^^^^^^^^^^^^^^^^^^^^^^^^^^^^^^^
  File "/lustre/orion/bif148/scratch/erikgarrison/emender/.wg-worktrees/agent-1263/ndm/resilient_node_transport.py", line 89, in _recv_exact
    raise EOFError("peer closed framed transport")
EOFError: peer closed framed transport

During handling of the above exception, another exception occurred:

Traceback (most recent call last):
  File "/lustre/orion/bif148/scratch/erikgarrison/emender/.envs/olcf-rocm711-torch210-py312/lib/python3.12/socketserver.py", line 697, in process_request_thread
    self.finish_request(request, client_address)
  File "/lustre/orion/bif148/scratch/erikgarrison/emender/.envs/olcf-rocm711-torch210-py312/lib/python3.12/socketserver.py", line 362, in finish_request
    self.RequestHandlerClass(request, client_address, self)
  File "/lustre/orion/bif148/scratch/erikgarrison/emender/.envs/olcf-rocm711-torch210-py312/lib/python3.12/socketserver.py", line 766, in __init__
    self.handle()
  File "/lustre/orion/bif148/scratch/erikgarrison/emender/.wg-worktrees/agent-1263/ndm/resilient_pool_runtime.py", line 367, in handle
    send_frame(self.wfile, {"op": "error", "error": str(error)})
  File "/lustre/orion/bif148/scratch/erikgarrison/emender/.wg-worktrees/agent-1263/ndm/resilient_node_transport.py", line 102, in send_frame
    stream.write(encoded)
  File "/lustre/orion/bif148/scratch/erikgarrison/emender/.envs/olcf-rocm711-torch210-py312/lib/python3.12/socketserver.py", line 845, in write
    self._sock.sendall(b)
BrokenPipeError: [Errno 32] Broken pipe
----------------------------------------
----------------------------------------
Exception occurred during processing of request from ('10.128.10.16', 56664)
Traceback (most recent call last):
  File "/lustre/orion/bif148/scratch/erikgarrison/emender/.wg-worktrees/agent-1263/ndm/resilient_pool_runtime.py", line 362, in handle
    header, payload = recv_frame(self.rfile,
                      ^^^^^^^^^^^^^^^^^^^^^^
  File "/lustre/orion/bif148/scratch/erikgarrison/emender/.wg-worktrees/agent-1263/ndm/resilient_node_transport.py", line 115, in recv_frame
    payload = _recv_exact(stream, payload_size)
              ^^^^^^^^^^^^^^^^^^^^^^^^^^^^^^^^^
  File "/lustre/orion/bif148/scratch/erikgarrison/emender/.wg-worktrees/agent-1263/ndm/resilient_node_transport.py", line 89, in _recv_exact
    raise EOFError("peer closed framed transport")
EOFError: peer closed framed transport

During handling of the above exception, another exception occurred:

Traceback (most recent call last):
  File "/lustre/orion/bif148/scratch/erikgarrison/emender/.envs/olcf-rocm711-torch210-py312/lib/python3.12/socketserver.py", line 697, in process_request_thread
    self.finish_request(request, client_address)
  File "/lustre/orion/bif148/scratch/erikgarrison/emender/.envs/olcf-rocm711-torch210-py312/lib/python3.12/socketserver.py", line 362, in finish_request
    self.RequestHandlerClass(request, client_address, self)
  File "/lustre/orion/bif148/scratch/erikgarrison/emender/.envs/olcf-rocm711-torch210-py312/lib/python3.12/socketserver.py", line 766, in __init__
    self.handle()
  File "/lustre/orion/bif148/scratch/erikgarrison/emender/.wg-worktrees/agent-1263/ndm/resilient_pool_runtime.py", line 367, in handle
    send_frame(self.wfile, {"op": "error", "error": str(error)})
  File "/lustre/orion/bif148/scratch/erikgarrison/emender/.wg-worktrees/agent-1263/ndm/resilient_node_transport.py", line 102, in send_frame
    stream.write(encoded)
  File "/lustre/orion/bif148/scratch/erikgarrison/emender/.envs/olcf-rocm711-torch210-py312/lib/python3.12/socketserver.py", line 845, in write
    self._sock.sendall(b)
BrokenPipeError: [Errno 32] Broken pipe
----------------------------------------
----------------------------------------
Exception occurred during processing of request from ('10.128.10.16', 56674)
Traceback (most recent call last):
  File "/lustre/orion/bif148/scratch/erikgarrison/emender/.wg-worktrees/agent-1263/ndm/resilient_pool_runtime.py", line 362, in handle
    header, payload = recv_frame(self.rfile,
                      ^^^^^^^^^^^^^^^^^^^^^^
  File "/lustre/orion/bif148/scratch/erikgarrison/emender/.wg-worktrees/agent-1263/ndm/resilient_node_transport.py", line 115, in recv_frame
    payload = _recv_exact(stream, payload_size)
              ^^^^^^^^^^^^^^^^^^^^^^^^^^^^^^^^^
  File "/lustre/orion/bif148/scratch/erikgarrison/emender/.wg-worktrees/agent-1263/ndm/resilient_node_transport.py", line 89, in _recv_exact
    raise EOFError("peer closed framed transport")
EOFError: peer closed framed transport

During handling of the above exception, another exception occurred:

Traceback (most recent call last):
  File "/lustre/orion/bif148/scratch/erikgarrison/emender/.envs/olcf-rocm711-torch210-py312/lib/python3.12/socketserver.py", line 697, in process_request_thread
    self.finish_request(request, client_address)
  File "/lustre/orion/bif148/scratch/erikgarrison/emender/.envs/olcf-rocm711-torch210-py312/lib/python3.12/socketserver.py", line 362, in finish_request
    self.RequestHandlerClass(request, client_address, self)
  File "/lustre/orion/bif148/scratch/erikgarrison/emender/.envs/olcf-rocm711-torch210-py312/lib/python3.12/socketserver.py", line 766, in __init__
    self.handle()
  File "/lustre/orion/bif148/scratch/erikgarrison/emender/.wg-worktrees/agent-1263/ndm/resilient_pool_runtime.py", line 367, in handle
    send_frame(self.wfile, {"op": "error", "error": str(error)})
  File "/lustre/orion/bif148/scratch/erikgarrison/emender/.wg-worktrees/agent-1263/ndm/resilient_node_transport.py", line 102, in send_frame
    stream.write(encoded)
  File "/lustre/orion/bif148/scratch/erikgarrison/emender/.envs/olcf-rocm711-torch210-py312/lib/python3.12/socketserver.py", line 845, in write
    self._sock.sendall(b)
BrokenPipeError: [Errno 32] Broken pipe
----------------------------------------
----------------------------------------
Exception occurred during processing of request from ('10.128.10.16', 56678)
Traceback (most recent call last):
  File "/lustre/orion/bif148/scratch/erikgarrison/emender/.wg-worktrees/agent-1263/ndm/resilient_pool_runtime.py", line 362, in handle
    header, payload = recv_frame(self.rfile,
                      ^^^^^^^^^^^^^^^^^^^^^^
  File "/lustre/orion/bif148/scratch/erikgarrison/emender/.wg-worktrees/agent-1263/ndm/resilient_node_transport.py", line 115, in recv_frame
    payload = _recv_exact(stream, payload_size)
              ^^^^^^^^^^^^^^^^^^^^^^^^^^^^^^^^^
  File "/lustre/orion/bif148/scratch/erikgarrison/emender/.wg-worktrees/agent-1263/ndm/resilient_node_transport.py", line 89, in _recv_exact
    raise EOFError("peer closed framed transport")
EOFError: peer closed framed transport

During handling of the above exception, another exception occurred:

Traceback (most recent call last):
  File "/lustre/orion/bif148/scratch/erikgarrison/emender/.envs/olcf-rocm711-torch210-py312/lib/python3.12/socketserver.py", line 697, in process_request_thread
    self.finish_request(request, client_address)
  File "/lustre/orion/bif148/scratch/erikgarrison/emender/.envs/olcf-rocm711-torch210-py312/lib/python3.12/socketserver.py", line 362, in finish_request
    self.RequestHandlerClass(request, client_address, self)
  File "/lustre/orion/bif148/scratch/erikgarrison/emender/.envs/olcf-rocm711-torch210-py312/lib/python3.12/socketserver.py", line 766, in __init__
    self.handle()
  File "/lustre/orion/bif148/scratch/erikgarrison/emender/.wg-worktrees/agent-1263/ndm/resilient_pool_runtime.py", line 367, in handle
    send_frame(self.wfile, {"op": "error", "error": str(error)})
  File "/lustre/orion/bif148/scratch/erikgarrison/emender/.wg-worktrees/agent-1263/ndm/resilient_node_transport.py", line 102, in send_frame
    stream.write(encoded)
  File "/lustre/orion/bif148/scratch/erikgarrison/emender/.envs/olcf-rocm711-torch210-py312/lib/python3.12/socketserver.py", line 845, in write
    self._sock.sendall(b)
BrokenPipeError: [Errno 32] Broken pipe
----------------------------------------
----------------------------------------
Exception occurred during processing of request from ('10.128.10.16', 56692)
Traceback (most recent call last):
  File "/lustre/orion/bif148/scratch/erikgarrison/emender/.wg-worktrees/agent-1263/ndm/resilient_pool_runtime.py", line 362, in handle
    header, payload = recv_frame(self.rfile,
                      ^^^^^^^^^^^^^^^^^^^^^^
  File "/lustre/orion/bif148/scratch/erikgarrison/emender/.wg-worktrees/agent-1263/ndm/resilient_node_transport.py", line 115, in recv_frame
    payload = _recv_exact(stream, payload_size)
              ^^^^^^^^^^^^^^^^^^^^^^^^^^^^^^^^^
  File "/lustre/orion/bif148/scratch/erikgarrison/emender/.wg-worktrees/agent-1263/ndm/resilient_node_transport.py", line 89, in _recv_exact
    raise EOFError("peer closed framed transport")
EOFError: peer closed framed transport

During handling of the above exception, another exception occurred:

Traceback (most recent call last):
  File "/lustre/orion/bif148/scratch/erikgarrison/emender/.envs/olcf-rocm711-torch210-py312/lib/python3.12/socketserver.py", line 697, in process_request_thread
    self.finish_request(request, client_address)
  File "/lustre/orion/bif148/scratch/erikgarrison/emender/.envs/olcf-rocm711-torch210-py312/lib/python3.12/socketserver.py", line 362, in finish_request
    self.RequestHandlerClass(request, client_address, self)
  File "/lustre/orion/bif148/scratch/erikgarrison/emender/.envs/olcf-rocm711-torch210-py312/lib/python3.12/socketserver.py", line 766, in __init__
    self.handle()
  File "/lustre/orion/bif148/scratch/erikgarrison/emender/.wg-worktrees/agent-1263/ndm/resilient_pool_runtime.py", line 367, in handle
    send_frame(self.wfile, {"op": "error", "error": str(error)})
  File "/lustre/orion/bif148/scratch/erikgarrison/emender/.wg-worktrees/agent-1263/ndm/resilient_node_transport.py", line 102, in send_frame
    stream.write(encoded)
  File "/lustre/orion/bif148/scratch/erikgarrison/emender/.envs/olcf-rocm711-torch210-py312/lib/python3.12/socketserver.py", line 845, in write
    self._sock.sendall(b)
BrokenPipeError: [Errno 32] Broken pipe
----------------------------------------
----------------------------------------
Exception occurred during processing of request from ('10.128.10.16', 56696)
Traceback (most recent call last):
  File "/lustre/orion/bif148/scratch/erikgarrison/emender/.wg-worktrees/agent-1263/ndm/resilient_pool_runtime.py", line 362, in handle
    header, payload = recv_frame(self.rfile,
                      ^^^^^^^^^^^^^^^^^^^^^^
  File "/lustre/orion/bif148/scratch/erikgarrison/emender/.wg-worktrees/agent-1263/ndm/resilient_node_transport.py", line 115, in recv_frame
    payload = _recv_exact(stream, payload_size)
              ^^^^^^^^^^^^^^^^^^^^^^^^^^^^^^^^^
  File "/lustre/orion/bif148/scratch/erikgarrison/emender/.wg-worktrees/agent-1263/ndm/resilient_node_transport.py", line 89, in _recv_exact
    raise EOFError("peer closed framed transport")
EOFError: peer closed framed transport

During handling of the above exception, another exception occurred:

Traceback (most recent call last):
  File "/lustre/orion/bif148/scratch/erikgarrison/emender/.envs/olcf-rocm711-torch210-py312/lib/python3.12/socketserver.py", line 697, in process_request_thread
    self.finish_request(request, client_address)
  File "/lustre/orion/bif148/scratch/erikgarrison/emender/.envs/olcf-rocm711-torch210-py312/lib/python3.12/socketserver.py", line 362, in finish_request
    self.RequestHandlerClass(request, client_address, self)
  File "/lustre/orion/bif148/scratch/erikgarrison/emender/.envs/olcf-rocm711-torch210-py312/lib/python3.12/socketserver.py", line 766, in __init__
    self.handle()
  File "/lustre/orion/bif148/scratch/erikgarrison/emender/.wg-worktrees/agent-1263/ndm/resilient_pool_runtime.py", line 367, in handle
    send_frame(self.wfile, {"op": "error", "error": str(error)})
  File "/lustre/orion/bif148/scratch/erikgarrison/emender/.wg-worktrees/agent-1263/ndm/resilient_node_transport.py", line 102, in send_frame
    stream.write(encoded)
  File "/lustre/orion/bif148/scratch/erikgarrison/emender/.envs/olcf-rocm711-torch210-py312/lib/python3.12/socketserver.py", line 845, in write
    self._sock.sendall(b)
BrokenPipeError: [Errno 32] Broken pipe
----------------------------------------
----------------------------------------
Exception occurred during processing of request from ('10.128.10.16', 56706)
Traceback (most recent call last):
  File "/lustre/orion/bif148/scratch/erikgarrison/emender/.wg-worktrees/agent-1263/ndm/resilient_pool_runtime.py", line 362, in handle
    header, payload = recv_frame(self.rfile,
                      ^^^^^^^^^^^^^^^^^^^^^^
  File "/lustre/orion/bif148/scratch/erikgarrison/emender/.wg-worktrees/agent-1263/ndm/resilient_node_transport.py", line 115, in recv_frame
    payload = _recv_exact(stream, payload_size)
              ^^^^^^^^^^^^^^^^^^^^^^^^^^^^^^^^^
  File "/lustre/orion/bif148/scratch/erikgarrison/emender/.wg-worktrees/agent-1263/ndm/resilient_node_transport.py", line 89, in _recv_exact
    raise EOFError("peer closed framed transport")
EOFError: peer closed framed transport

During handling of the above exception, another exception occurred:

Traceback (most recent call last):
  File "/lustre/orion/bif148/scratch/erikgarrison/emender/.envs/olcf-rocm711-torch210-py312/lib/python3.12/socketserver.py", line 697, in process_request_thread
    self.finish_request(request, client_address)
  File "/lustre/orion/bif148/scratch/erikgarrison/emender/.envs/olcf-rocm711-torch210-py312/lib/python3.12/socketserver.py", line 362, in finish_request
    self.RequestHandlerClass(request, client_address, self)
  File "/lustre/orion/bif148/scratch/erikgarrison/emender/.envs/olcf-rocm711-torch210-py312/lib/python3.12/socketserver.py", line 766, in __init__
    self.handle()
  File "/lustre/orion/bif148/scratch/erikgarrison/emender/.wg-worktrees/agent-1263/ndm/resilient_pool_runtime.py", line 367, in handle
    send_frame(self.wfile, {"op": "error", "error": str(error)})
  File "/lustre/orion/bif148/scratch/erikgarrison/emender/.wg-worktrees/agent-1263/ndm/resilient_node_transport.py", line 102, in send_frame
    stream.write(encoded)
  File "/lustre/orion/bif148/scratch/erikgarrison/emender/.envs/olcf-rocm711-torch210-py312/lib/python3.12/socketserver.py", line 845, in write
    self._sock.sendall(b)
BrokenPipeError: [Errno 32] Broken pipe
----------------------------------------
----------------------------------------
Exception occurred during processing of request from ('10.128.10.16', 56714)
Traceback (most recent call last):
  File "/lustre/orion/bif148/scratch/erikgarrison/emender/.wg-worktrees/agent-1263/ndm/resilient_pool_runtime.py", line 362, in handle
    header, payload = recv_frame(self.rfile,
                      ^^^^^^^^^^^^^^^^^^^^^^
  File "/lustre/orion/bif148/scratch/erikgarrison/emender/.wg-worktrees/agent-1263/ndm/resilient_node_transport.py", line 115, in recv_frame
    payload = _recv_exact(stream, payload_size)
              ^^^^^^^^^^^^^^^^^^^^^^^^^^^^^^^^^
  File "/lustre/orion/bif148/scratch/erikgarrison/emender/.wg-worktrees/agent-1263/ndm/resilient_node_transport.py", line 89, in _recv_exact
    raise EOFError("peer closed framed transport")
EOFError: peer closed framed transport

During handling of the above exception, another exception occurred:

Traceback (most recent call last):
  File "/lustre/orion/bif148/scratch/erikgarrison/emender/.envs/olcf-rocm711-torch210-py312/lib/python3.12/socketserver.py", line 697, in process_request_thread
    self.finish_request(request, client_address)
  File "/lustre/orion/bif148/scratch/erikgarrison/emender/.envs/olcf-rocm711-torch210-py312/lib/python3.12/socketserver.py", line 362, in finish_request
    self.RequestHandlerClass(request, client_address, self)
  File "/lustre/orion/bif148/scratch/erikgarrison/emender/.envs/olcf-rocm711-torch210-py312/lib/python3.12/socketserver.py", line 766, in __init__
    self.handle()
  File "/lustre/orion/bif148/scratch/erikgarrison/emender/.wg-worktrees/agent-1263/ndm/resilient_pool_runtime.py", line 367, in handle
    send_frame(self.wfile, {"op": "error", "error": str(error)})
  File "/lustre/orion/bif148/scratch/erikgarrison/emender/.wg-worktrees/agent-1263/ndm/resilient_node_transport.py", line 102, in send_frame
    stream.write(encoded)
  File "/lustre/orion/bif148/scratch/erikgarrison/emender/.envs/olcf-rocm711-torch210-py312/lib/python3.12/socketserver.py", line 845, in write
    self._sock.sendall(b)
BrokenPipeError: [Errno 32] Broken pipe
----------------------------------------
----------------------------------------
Exception occurred during processing of request from ('10.128.10.16', 44020)
Traceback (most recent call last):
  File "/lustre/orion/bif148/scratch/erikgarrison/emender/.wg-worktrees/agent-1263/ndm/resilient_pool_runtime.py", line 362, in handle
    header, payload = recv_frame(self.rfile,
                      ^^^^^^^^^^^^^^^^^^^^^^
  File "/lustre/orion/bif148/scratch/erikgarrison/emender/.wg-worktrees/agent-1263/ndm/resilient_node_transport.py", line 115, in recv_frame
    payload = _recv_exact(stream, payload_size)
              ^^^^^^^^^^^^^^^^^^^^^^^^^^^^^^^^^
  File "/lustre/orion/bif148/scratch/erikgarrison/emender/.wg-worktrees/agent-1263/ndm/resilient_node_transport.py", line 89, in _recv_exact
    raise EOFError("peer closed framed transport")
EOFError: peer closed framed transport

During handling of the above exception, another exception occurred:

Traceback (most recent call last):
  File "/lustre/orion/bif148/scratch/erikgarrison/emender/.envs/olcf-rocm711-torch210-py312/lib/python3.12/socketserver.py", line 697, in process_request_thread
    self.finish_request(request, client_address)
  File "/lustre/orion/bif148/scratch/erikgarrison/emender/.envs/olcf-rocm711-torch210-py312/lib/python3.12/socketserver.py", line 362, in finish_request
    self.RequestHandlerClass(request, client_address, self)
  File "/lustre/orion/bif148/scratch/erikgarrison/emender/.envs/olcf-rocm711-torch210-py312/lib/python3.12/socketserver.py", line 766, in __init__
    self.handle()
  File "/lustre/orion/bif148/scratch/erikgarrison/emender/.wg-worktrees/agent-1263/ndm/resilient_pool_runtime.py", line 367, in handle
    send_frame(self.wfile, {"op": "error", "error": str(error)})
  File "/lustre/orion/bif148/scratch/erikgarrison/emender/.wg-worktrees/agent-1263/ndm/resilient_node_transport.py", line 102, in send_frame
    stream.write(encoded)
  File "/lustre/orion/bif148/scratch/erikgarrison/emender/.envs/olcf-rocm711-torch210-py312/lib/python3.12/socketserver.py", line 845, in write
    self._sock.sendall(b)
BrokenPipeError: [Errno 32] Broken pipe
----------------------------------------
----------------------------------------
Exception occurred during processing of request from ('10.128.10.16', 44032)
Traceback (most recent call last):
  File "/lustre/orion/bif148/scratch/erikgarrison/emender/.wg-worktrees/agent-1263/ndm/resilient_pool_runtime.py", line 362, in handle
    header, payload = recv_frame(self.rfile,
                      ^^^^^^^^^^^^^^^^^^^^^^
  File "/lustre/orion/bif148/scratch/erikgarrison/emender/.wg-worktrees/agent-1263/ndm/resilient_node_transport.py", line 115, in recv_frame
    payload = _recv_exact(stream, payload_size)
              ^^^^^^^^^^^^^^^^^^^^^^^^^^^^^^^^^
  File "/lustre/orion/bif148/scratch/erikgarrison/emender/.wg-worktrees/agent-1263/ndm/resilient_node_transport.py", line 89, in _recv_exact
    raise EOFError("peer closed framed transport")
EOFError: peer closed framed transport

During handling of the above exception, another exception occurred:

Traceback (most recent call last):
  File "/lustre/orion/bif148/scratch/erikgarrison/emender/.envs/olcf-rocm711-torch210-py312/lib/python3.12/socketserver.py", line 697, in process_request_thread
    self.finish_request(request, client_address)
  File "/lustre/orion/bif148/scratch/erikgarrison/emender/.envs/olcf-rocm711-torch210-py312/lib/python3.12/socketserver.py", line 362, in finish_request
    self.RequestHandlerClass(request, client_address, self)
  File "/lustre/orion/bif148/scratch/erikgarrison/emender/.envs/olcf-rocm711-torch210-py312/lib/python3.12/socketserver.py", line 766, in __init__
    self.handle()
  File "/lustre/orion/bif148/scratch/erikgarrison/emender/.wg-worktrees/agent-1263/ndm/resilient_pool_runtime.py", line 367, in handle
    send_frame(self.wfile, {"op": "error", "error": str(error)})
  File "/lustre/orion/bif148/scratch/erikgarrison/emender/.wg-worktrees/agent-1263/ndm/resilient_node_transport.py", line 102, in send_frame
    stream.write(encoded)
  File "/lustre/orion/bif148/scratch/erikgarrison/emender/.envs/olcf-rocm711-torch210-py312/lib/python3.12/socketserver.py", line 845, in write
    self._sock.sendall(b)
BrokenPipeError: [Errno 32] Broken pipe
----------------------------------------
----------------------------------------
Exception occurred during processing of request from ('10.128.10.16', 44042)
Traceback (most recent call last):
  File "/lustre/orion/bif148/scratch/erikgarrison/emender/.wg-worktrees/agent-1263/ndm/resilient_pool_runtime.py", line 362, in handle
    header, payload = recv_frame(self.rfile,
                      ^^^^^^^^^^^^^^^^^^^^^^
  File "/lustre/orion/bif148/scratch/erikgarrison/emender/.wg-worktrees/agent-1263/ndm/resilient_node_transport.py", line 115, in recv_frame
    payload = _recv_exact(stream, payload_size)
              ^^^^^^^^^^^^^^^^^^^^^^^^^^^^^^^^^
  File "/lustre/orion/bif148/scratch/erikgarrison/emender/.wg-worktrees/agent-1263/ndm/resilient_node_transport.py", line 89, in _recv_exact
    raise EOFError("peer closed framed transport")
EOFError: peer closed framed transport

During handling of the above exception, another exception occurred:

Traceback (most recent call last):
  File "/lustre/orion/bif148/scratch/erikgarrison/emender/.envs/olcf-rocm711-torch210-py312/lib/python3.12/socketserver.py", line 697, in process_request_thread
    self.finish_request(request, client_address)
  File "/lustre/orion/bif148/scratch/erikgarrison/emender/.envs/olcf-rocm711-torch210-py312/lib/python3.12/socketserver.py", line 362, in finish_request
    self.RequestHandlerClass(request, client_address, self)
  File "/lustre/orion/bif148/scratch/erikgarrison/emender/.envs/olcf-rocm711-torch210-py312/lib/python3.12/socketserver.py", line 766, in __init__
    self.handle()
  File "/lustre/orion/bif148/scratch/erikgarrison/emender/.wg-worktrees/agent-1263/ndm/resilient_pool_runtime.py", line 367, in handle
    send_frame(self.wfile, {"op": "error", "error": str(error)})
  File "/lustre/orion/bif148/scratch/erikgarrison/emender/.wg-worktrees/agent-1263/ndm/resilient_node_transport.py", line 102, in send_frame
    stream.write(encoded)
  File "/lustre/orion/bif148/scratch/erikgarrison/emender/.envs/olcf-rocm711-torch210-py312/lib/python3.12/socketserver.py", line 845, in write
    self._sock.sendall(b)
BrokenPipeError: [Errno 32] Broken pipe
----------------------------------------
----------------------------------------
Exception occurred during processing of request from ('10.128.10.16', 44044)
Traceback (most recent call last):
  File "/lustre/orion/bif148/scratch/erikgarrison/emender/.wg-worktrees/agent-1263/ndm/resilient_pool_runtime.py", line 362, in handle
    header, payload = recv_frame(self.rfile,
                      ^^^^^^^^^^^^^^^^^^^^^^
  File "/lustre/orion/bif148/scratch/erikgarrison/emender/.wg-worktrees/agent-1263/ndm/resilient_node_transport.py", line 115, in recv_frame
    payload = _recv_exact(stream, payload_size)
              ^^^^^^^^^^^^^^^^^^^^^^^^^^^^^^^^^
  File "/lustre/orion/bif148/scratch/erikgarrison/emender/.wg-worktrees/agent-1263/ndm/resilient_node_transport.py", line 89, in _recv_exact
    raise EOFError("peer closed framed transport")
EOFError: peer closed framed transport

During handling of the above exception, another exception occurred:

Traceback (most recent call last):
  File "/lustre/orion/bif148/scratch/erikgarrison/emender/.envs/olcf-rocm711-torch210-py312/lib/python3.12/socketserver.py", line 697, in process_request_thread
    self.finish_request(request, client_address)
  File "/lustre/orion/bif148/scratch/erikgarrison/emender/.envs/olcf-rocm711-torch210-py312/lib/python3.12/socketserver.py", line 362, in finish_request
    self.RequestHandlerClass(request, client_address, self)
  File "/lustre/orion/bif148/scratch/erikgarrison/emender/.envs/olcf-rocm711-torch210-py312/lib/python3.12/socketserver.py", line 766, in __init__
    self.handle()
  File "/lustre/orion/bif148/scratch/erikgarrison/emender/.wg-worktrees/agent-1263/ndm/resilient_pool_runtime.py", line 367, in handle
    send_frame(self.wfile, {"op": "error", "error": str(error)})
  File "/lustre/orion/bif148/scratch/erikgarrison/emender/.wg-worktrees/agent-1263/ndm/resilient_node_transport.py", line 102, in send_frame
    stream.write(encoded)
  File "/lustre/orion/bif148/scratch/erikgarrison/emender/.envs/olcf-rocm711-torch210-py312/lib/python3.12/socketserver.py", line 845, in write
    self._sock.sendall(b)
BrokenPipeError: [Errno 32] Broken pipe
----------------------------------------
----------------------------------------
Exception occurred during processing of request from ('10.128.10.16', 44052)
Traceback (most recent call last):
  File "/lustre/orion/bif148/scratch/erikgarrison/emender/.wg-worktrees/agent-1263/ndm/resilient_pool_runtime.py", line 362, in handle
    header, payload = recv_frame(self.rfile,
                      ^^^^^^^^^^^^^^^^^^^^^^
  File "/lustre/orion/bif148/scratch/erikgarrison/emender/.wg-worktrees/agent-1263/ndm/resilient_node_transport.py", line 115, in recv_frame
    payload = _recv_exact(stream, payload_size)
              ^^^^^^^^^^^^^^^^^^^^^^^^^^^^^^^^^
  File "/lustre/orion/bif148/scratch/erikgarrison/emender/.wg-worktrees/agent-1263/ndm/resilient_node_transport.py", line 89, in _recv_exact
    raise EOFError("peer closed framed transport")
EOFError: peer closed framed transport

During handling of the above exception, another exception occurred:

Traceback (most recent call last):
  File "/lustre/orion/bif148/scratch/erikgarrison/emender/.envs/olcf-rocm711-torch210-py312/lib/python3.12/socketserver.py", line 697, in process_request_thread
    self.finish_request(request, client_address)
  File "/lustre/orion/bif148/scratch/erikgarrison/emender/.envs/olcf-rocm711-torch210-py312/lib/python3.12/socketserver.py", line 362, in finish_request
    self.RequestHandlerClass(request, client_address, self)
  File "/lustre/orion/bif148/scratch/erikgarrison/emender/.envs/olcf-rocm711-torch210-py312/lib/python3.12/socketserver.py", line 766, in __init__
    self.handle()
  File "/lustre/orion/bif148/scratch/erikgarrison/emender/.wg-worktrees/agent-1263/ndm/resilient_pool_runtime.py", line 367, in handle
    send_frame(self.wfile, {"op": "error", "error": str(error)})
  File "/lustre/orion/bif148/scratch/erikgarrison/emender/.wg-worktrees/agent-1263/ndm/resilient_node_transport.py", line 102, in send_frame
    stream.write(encoded)
  File "/lustre/orion/bif148/scratch/erikgarrison/emender/.envs/olcf-rocm711-torch210-py312/lib/python3.12/socketserver.py", line 845, in write
    self._sock.sendall(b)
BrokenPipeError: [Errno 32] Broken pipe
----------------------------------------
----------------------------------------
Exception occurred during processing of request from ('10.128.10.16', 44062)
Traceback (most recent call last):
  File "/lustre/orion/bif148/scratch/erikgarrison/emender/.wg-worktrees/agent-1263/ndm/resilient_pool_runtime.py", line 362, in handle
    header, payload = recv_frame(self.rfile,
                      ^^^^^^^^^^^^^^^^^^^^^^
  File "/lustre/orion/bif148/scratch/erikgarrison/emender/.wg-worktrees/agent-1263/ndm/resilient_node_transport.py", line 115, in recv_frame
    payload = _recv_exact(stream, payload_size)
              ^^^^^^^^^^^^^^^^^^^^^^^^^^^^^^^^^
  File "/lustre/orion/bif148/scratch/erikgarrison/emender/.wg-worktrees/agent-1263/ndm/resilient_node_transport.py", line 89, in _recv_exact
    raise EOFError("peer closed framed transport")
EOFError: peer closed framed transport

During handling of the above exception, another exception occurred:

Traceback (most recent call last):
  File "/lustre/orion/bif148/scratch/erikgarrison/emender/.envs/olcf-rocm711-torch210-py312/lib/python3.12/socketserver.py", line 697, in process_request_thread
    self.finish_request(request, client_address)
  File "/lustre/orion/bif148/scratch/erikgarrison/emender/.envs/olcf-rocm711-torch210-py312/lib/python3.12/socketserver.py", line 362, in finish_request
    self.RequestHandlerClass(request, client_address, self)
  File "/lustre/orion/bif148/scratch/erikgarrison/emender/.envs/olcf-rocm711-torch210-py312/lib/python3.12/socketserver.py", line 766, in __init__
    self.handle()
  File "/lustre/orion/bif148/scratch/erikgarrison/emender/.wg-worktrees/agent-1263/ndm/resilient_pool_runtime.py", line 367, in handle
    send_frame(self.wfile, {"op": "error", "error": str(error)})
  File "/lustre/orion/bif148/scratch/erikgarrison/emender/.wg-worktrees/agent-1263/ndm/resilient_node_transport.py", line 102, in send_frame
    stream.write(encoded)
  File "/lustre/orion/bif148/scratch/erikgarrison/emender/.envs/olcf-rocm711-torch210-py312/lib/python3.12/socketserver.py", line 845, in write
    self._sock.sendall(b)
BrokenPipeError: [Errno 32] Broken pipe
----------------------------------------
----------------------------------------
Exception occurred during processing of request from ('10.128.10.16', 44070)
Traceback (most recent call last):
  File "/lustre/orion/bif148/scratch/erikgarrison/emender/.wg-worktrees/agent-1263/ndm/resilient_pool_runtime.py", line 362, in handle
    header, payload = recv_frame(self.rfile,
                      ^^^^^^^^^^^^^^^^^^^^^^
  File "/lustre/orion/bif148/scratch/erikgarrison/emender/.wg-worktrees/agent-1263/ndm/resilient_node_transport.py", line 115, in recv_frame
    payload = _recv_exact(stream, payload_size)
              ^^^^^^^^^^^^^^^^^^^^^^^^^^^^^^^^^
  File "/lustre/orion/bif148/scratch/erikgarrison/emender/.wg-worktrees/agent-1263/ndm/resilient_node_transport.py", line 89, in _recv_exact
    raise EOFError("peer closed framed transport")
EOFError: peer closed framed transport

During handling of the above exception, another exception occurred:

Traceback (most recent call last):
  File "/lustre/orion/bif148/scratch/erikgarrison/emender/.envs/olcf-rocm711-torch210-py312/lib/python3.12/socketserver.py", line 697, in process_request_thread
    self.finish_request(request, client_address)
  File "/lustre/orion/bif148/scratch/erikgarrison/emender/.envs/olcf-rocm711-torch210-py312/lib/python3.12/socketserver.py", line 362, in finish_request
    self.RequestHandlerClass(request, client_address, self)
  File "/lustre/orion/bif148/scratch/erikgarrison/emender/.envs/olcf-rocm711-torch210-py312/lib/python3.12/socketserver.py", line 766, in __init__
    self.handle()
  File "/lustre/orion/bif148/scratch/erikgarrison/emender/.wg-worktrees/agent-1263/ndm/resilient_pool_runtime.py", line 367, in handle
    send_frame(self.wfile, {"op": "error", "error": str(error)})
  File "/lustre/orion/bif148/scratch/erikgarrison/emender/.wg-worktrees/agent-1263/ndm/resilient_node_transport.py", line 102, in send_frame
    stream.write(encoded)
  File "/lustre/orion/bif148/scratch/erikgarrison/emender/.envs/olcf-rocm711-torch210-py312/lib/python3.12/socketserver.py", line 845, in write
    self._sock.sendall(b)
BrokenPipeError: [Errno 32] Broken pipe
----------------------------------------
----------------------------------------
Exception occurred during processing of request from ('10.128.10.16', 44078)
Traceback (most recent call last):
  File "/lustre/orion/bif148/scratch/erikgarrison/emender/.wg-worktrees/agent-1263/ndm/resilient_pool_runtime.py", line 362, in handle
    header, payload = recv_frame(self.rfile,
                      ^^^^^^^^^^^^^^^^^^^^^^
  File "/lustre/orion/bif148/scratch/erikgarrison/emender/.wg-worktrees/agent-1263/ndm/resilient_node_transport.py", line 115, in recv_frame
    payload = _recv_exact(stream, payload_size)
              ^^^^^^^^^^^^^^^^^^^^^^^^^^^^^^^^^
  File "/lustre/orion/bif148/scratch/erikgarrison/emender/.wg-worktrees/agent-1263/ndm/resilient_node_transport.py", line 89, in _recv_exact
    raise EOFError("peer closed framed transport")
EOFError: peer closed framed transport

During handling of the above exception, another exception occurred:

Traceback (most recent call last):
  File "/lustre/orion/bif148/scratch/erikgarrison/emender/.envs/olcf-rocm711-torch210-py312/lib/python3.12/socketserver.py", line 697, in process_request_thread
    self.finish_request(request, client_address)
  File "/lustre/orion/bif148/scratch/erikgarrison/emender/.envs/olcf-rocm711-torch210-py312/lib/python3.12/socketserver.py", line 362, in finish_request
    self.RequestHandlerClass(request, client_address, self)
  File "/lustre/orion/bif148/scratch/erikgarrison/emender/.envs/olcf-rocm711-torch210-py312/lib/python3.12/socketserver.py", line 766, in __init__
    self.handle()
  File "/lustre/orion/bif148/scratch/erikgarrison/emender/.wg-worktrees/agent-1263/ndm/resilient_pool_runtime.py", line 367, in handle
    send_frame(self.wfile, {"op": "error", "error": str(error)})
  File "/lustre/orion/bif148/scratch/erikgarrison/emender/.wg-worktrees/agent-1263/ndm/resilient_node_transport.py", line 102, in send_frame
    stream.write(encoded)
  File "/lustre/orion/bif148/scratch/erikgarrison/emender/.envs/olcf-rocm711-torch210-py312/lib/python3.12/socketserver.py", line 845, in write
    self._sock.sendall(b)
BrokenPipeError: [Errno 32] Broken pipe
----------------------------------------
----------------------------------------
Exception occurred during processing of request from ('10.128.10.16', 44080)
Traceback (most recent call last):
  File "/lustre/orion/bif148/scratch/erikgarrison/emender/.wg-worktrees/agent-1263/ndm/resilient_pool_runtime.py", line 362, in handle
    header, payload = recv_frame(self.rfile,
                      ^^^^^^^^^^^^^^^^^^^^^^
  File "/lustre/orion/bif148/scratch/erikgarrison/emender/.wg-worktrees/agent-1263/ndm/resilient_node_transport.py", line 115, in recv_frame
    payload = _recv_exact(stream, payload_size)
              ^^^^^^^^^^^^^^^^^^^^^^^^^^^^^^^^^
  File "/lustre/orion/bif148/scratch/erikgarrison/emender/.wg-worktrees/agent-1263/ndm/resilient_node_transport.py", line 89, in _recv_exact
    raise EOFError("peer closed framed transport")
EOFError: peer closed framed transport

During handling of the above exception, another exception occurred:

Traceback (most recent call last):
  File "/lustre/orion/bif148/scratch/erikgarrison/emender/.envs/olcf-rocm711-torch210-py312/lib/python3.12/socketserver.py", line 697, in process_request_thread
    self.finish_request(request, client_address)
  File "/lustre/orion/bif148/scratch/erikgarrison/emender/.envs/olcf-rocm711-torch210-py312/lib/python3.12/socketserver.py", line 362, in finish_request
    self.RequestHandlerClass(request, client_address, self)
  File "/lustre/orion/bif148/scratch/erikgarrison/emender/.envs/olcf-rocm711-torch210-py312/lib/python3.12/socketserver.py", line 766, in __init__
    self.handle()
  File "/lustre/orion/bif148/scratch/erikgarrison/emender/.wg-worktrees/agent-1263/ndm/resilient_pool_runtime.py", line 367, in handle
    send_frame(self.wfile, {"op": "error", "error": str(error)})
  File "/lustre/orion/bif148/scratch/erikgarrison/emender/.wg-worktrees/agent-1263/ndm/resilient_node_transport.py", line 102, in send_frame
    stream.write(encoded)
  File "/lustre/orion/bif148/scratch/erikgarrison/emender/.envs/olcf-rocm711-torch210-py312/lib/python3.12/socketserver.py", line 845, in write
    self._sock.sendall(b)
BrokenPipeError: [Errno 32] Broken pipe
----------------------------------------
----------------------------------------
Exception occurred during processing of request from ('10.128.10.16', 44092)
Traceback (most recent call last):
  File "/lustre/orion/bif148/scratch/erikgarrison/emender/.wg-worktrees/agent-1263/ndm/resilient_pool_runtime.py", line 362, in handle
    header, payload = recv_frame(self.rfile,
                      ^^^^^^^^^^^^^^^^^^^^^^
  File "/lustre/orion/bif148/scratch/erikgarrison/emender/.wg-worktrees/agent-1263/ndm/resilient_node_transport.py", line 115, in recv_frame
    payload = _recv_exact(stream, payload_size)
              ^^^^^^^^^^^^^^^^^^^^^^^^^^^^^^^^^
  File "/lustre/orion/bif148/scratch/erikgarrison/emender/.wg-worktrees/agent-1263/ndm/resilient_node_transport.py", line 89, in _recv_exact
    raise EOFError("peer closed framed transport")
EOFError: peer closed framed transport

During handling of the above exception, another exception occurred:

Traceback (most recent call last):
  File "/lustre/orion/bif148/scratch/erikgarrison/emender/.envs/olcf-rocm711-torch210-py312/lib/python3.12/socketserver.py", line 697, in process_request_thread
    self.finish_request(request, client_address)
  File "/lustre/orion/bif148/scratch/erikgarrison/emender/.envs/olcf-rocm711-torch210-py312/lib/python3.12/socketserver.py", line 362, in finish_request
    self.RequestHandlerClass(request, client_address, self)
  File "/lustre/orion/bif148/scratch/erikgarrison/emender/.envs/olcf-rocm711-torch210-py312/lib/python3.12/socketserver.py", line 766, in __init__
    self.handle()
  File "/lustre/orion/bif148/scratch/erikgarrison/emender/.wg-worktrees/agent-1263/ndm/resilient_pool_runtime.py", line 367, in handle
    send_frame(self.wfile, {"op": "error", "error": str(error)})
  File "/lustre/orion/bif148/scratch/erikgarrison/emender/.wg-worktrees/agent-1263/ndm/resilient_node_transport.py", line 102, in send_frame
    stream.write(encoded)
  File "/lustre/orion/bif148/scratch/erikgarrison/emender/.envs/olcf-rocm711-torch210-py312/lib/python3.12/socketserver.py", line 845, in write
    self._sock.sendall(b)
BrokenPipeError: [Errno 32] Broken pipe
----------------------------------------
----------------------------------------
Exception occurred during processing of request from ('10.128.10.16', 57270)
Traceback (most recent call last):
  File "/lustre/orion/bif148/scratch/erikgarrison/emender/.wg-worktrees/agent-1263/ndm/resilient_pool_runtime.py", line 362, in handle
    header, payload = recv_frame(self.rfile,
                      ^^^^^^^^^^^^^^^^^^^^^^
  File "/lustre/orion/bif148/scratch/erikgarrison/emender/.wg-worktrees/agent-1263/ndm/resilient_node_transport.py", line 115, in recv_frame
    payload = _recv_exact(stream, payload_size)
              ^^^^^^^^^^^^^^^^^^^^^^^^^^^^^^^^^
  File "/lustre/orion/bif148/scratch/erikgarrison/emender/.wg-worktrees/agent-1263/ndm/resilient_node_transport.py", line 89, in _recv_exact
    raise EOFError("peer closed framed transport")
EOFError: peer closed framed transport

During handling of the above exception, another exception occurred:

Traceback (most recent call last):
  File "/lustre/orion/bif148/scratch/erikgarrison/emender/.envs/olcf-rocm711-torch210-py312/lib/python3.12/socketserver.py", line 697, in process_request_thread
    self.finish_request(request, client_address)
  File "/lustre/orion/bif148/scratch/erikgarrison/emender/.envs/olcf-rocm711-torch210-py312/lib/python3.12/socketserver.py", line 362, in finish_request
    self.RequestHandlerClass(request, client_address, self)
  File "/lustre/orion/bif148/scratch/erikgarrison/emender/.envs/olcf-rocm711-torch210-py312/lib/python3.12/socketserver.py", line 766, in __init__
    self.handle()
  File "/lustre/orion/bif148/scratch/erikgarrison/emender/.wg-worktrees/agent-1263/ndm/resilient_pool_runtime.py", line 367, in handle
    send_frame(self.wfile, {"op": "error", "error": str(error)})
  File "/lustre/orion/bif148/scratch/erikgarrison/emender/.wg-worktrees/agent-1263/ndm/resilient_node_transport.py", line 102, in send_frame
    stream.write(encoded)
  File "/lustre/orion/bif148/scratch/erikgarrison/emender/.envs/olcf-rocm711-torch210-py312/lib/python3.12/socketserver.py", line 845, in write
    self._sock.sendall(b)
BrokenPipeError: [Errno 32] Broken pipe
----------------------------------------
----------------------------------------
Exception occurred during processing of request from ('10.128.10.16', 57282)
Traceback (most recent call last):
  File "/lustre/orion/bif148/scratch/erikgarrison/emender/.wg-worktrees/agent-1263/ndm/resilient_pool_runtime.py", line 362, in handle
    header, payload = recv_frame(self.rfile,
                      ^^^^^^^^^^^^^^^^^^^^^^
  File "/lustre/orion/bif148/scratch/erikgarrison/emender/.wg-worktrees/agent-1263/ndm/resilient_node_transport.py", line 115, in recv_frame
    payload = _recv_exact(stream, payload_size)
              ^^^^^^^^^^^^^^^^^^^^^^^^^^^^^^^^^
  File "/lustre/orion/bif148/scratch/erikgarrison/emender/.wg-worktrees/agent-1263/ndm/resilient_node_transport.py", line 89, in _recv_exact
    raise EOFError("peer closed framed transport")
EOFError: peer closed framed transport

During handling of the above exception, another exception occurred:

Traceback (most recent call last):
  File "/lustre/orion/bif148/scratch/erikgarrison/emender/.envs/olcf-rocm711-torch210-py312/lib/python3.12/socketserver.py", line 697, in process_request_thread
    self.finish_request(request, client_address)
  File "/lustre/orion/bif148/scratch/erikgarrison/emender/.envs/olcf-rocm711-torch210-py312/lib/python3.12/socketserver.py", line 362, in finish_request
    self.RequestHandlerClass(request, client_address, self)
  File "/lustre/orion/bif148/scratch/erikgarrison/emender/.envs/olcf-rocm711-torch210-py312/lib/python3.12/socketserver.py", line 766, in __init__
    self.handle()
  File "/lustre/orion/bif148/scratch/erikgarrison/emender/.wg-worktrees/agent-1263/ndm/resilient_pool_runtime.py", line 367, in handle
    send_frame(self.wfile, {"op": "error", "error": str(error)})
  File "/lustre/orion/bif148/scratch/erikgarrison/emender/.wg-worktrees/agent-1263/ndm/resilient_node_transport.py", line 102, in send_frame
    stream.write(encoded)
  File "/lustre/orion/bif148/scratch/erikgarrison/emender/.envs/olcf-rocm711-torch210-py312/lib/python3.12/socketserver.py", line 845, in write
    self._sock.sendall(b)
BrokenPipeError: [Errno 32] Broken pipe
----------------------------------------
----------------------------------------
Exception occurred during processing of request from ('10.128.10.16', 57288)
Traceback (most recent call last):
  File "/lustre/orion/bif148/scratch/erikgarrison/emender/.wg-worktrees/agent-1263/ndm/resilient_pool_runtime.py", line 362, in handle
    header, payload = recv_frame(self.rfile,
                      ^^^^^^^^^^^^^^^^^^^^^^
  File "/lustre/orion/bif148/scratch/erikgarrison/emender/.wg-worktrees/agent-1263/ndm/resilient_node_transport.py", line 115, in recv_frame
    payload = _recv_exact(stream, payload_size)
              ^^^^^^^^^^^^^^^^^^^^^^^^^^^^^^^^^
  File "/lustre/orion/bif148/scratch/erikgarrison/emender/.wg-worktrees/agent-1263/ndm/resilient_node_transport.py", line 89, in _recv_exact
    raise EOFError("peer closed framed transport")
EOFError: peer closed framed transport

During handling of the above exception, another exception occurred:

Traceback (most recent call last):
  File "/lustre/orion/bif148/scratch/erikgarrison/emender/.envs/olcf-rocm711-torch210-py312/lib/python3.12/socketserver.py", line 697, in process_request_thread
    self.finish_request(request, client_address)
  File "/lustre/orion/bif148/scratch/erikgarrison/emender/.envs/olcf-rocm711-torch210-py312/lib/python3.12/socketserver.py", line 362, in finish_request
    self.RequestHandlerClass(request, client_address, self)
  File "/lustre/orion/bif148/scratch/erikgarrison/emender/.envs/olcf-rocm711-torch210-py312/lib/python3.12/socketserver.py", line 766, in __init__
    self.handle()
  File "/lustre/orion/bif148/scratch/erikgarrison/emender/.wg-worktrees/agent-1263/ndm/resilient_pool_runtime.py", line 367, in handle
    send_frame(self.wfile, {"op": "error", "error": str(error)})
  File "/lustre/orion/bif148/scratch/erikgarrison/emender/.wg-worktrees/agent-1263/ndm/resilient_node_transport.py", line 102, in send_frame
    stream.write(encoded)
  File "/lustre/orion/bif148/scratch/erikgarrison/emender/.envs/olcf-rocm711-torch210-py312/lib/python3.12/socketserver.py", line 845, in write
    self._sock.sendall(b)
BrokenPipeError: [Errno 32] Broken pipe
----------------------------------------
----------------------------------------
Exception occurred during processing of request from ('10.128.10.16', 57300)
Traceback (most recent call last):
  File "/lustre/orion/bif148/scratch/erikgarrison/emender/.wg-worktrees/agent-1263/ndm/resilient_pool_runtime.py", line 362, in handle
    header, payload = recv_frame(self.rfile,
                      ^^^^^^^^^^^^^^^^^^^^^^
  File "/lustre/orion/bif148/scratch/erikgarrison/emender/.wg-worktrees/agent-1263/ndm/resilient_node_transport.py", line 115, in recv_frame
    payload = _recv_exact(stream, payload_size)
              ^^^^^^^^^^^^^^^^^^^^^^^^^^^^^^^^^
  File "/lustre/orion/bif148/scratch/erikgarrison/emender/.wg-worktrees/agent-1263/ndm/resilient_node_transport.py", line 89, in _recv_exact
    raise EOFError("peer closed framed transport")
EOFError: peer closed framed transport

During handling of the above exception, another exception occurred:

Traceback (most recent call last):
  File "/lustre/orion/bif148/scratch/erikgarrison/emender/.envs/olcf-rocm711-torch210-py312/lib/python3.12/socketserver.py", line 697, in process_request_thread
    self.finish_request(request, client_address)
  File "/lustre/orion/bif148/scratch/erikgarrison/emender/.envs/olcf-rocm711-torch210-py312/lib/python3.12/socketserver.py", line 362, in finish_request
    self.RequestHandlerClass(request, client_address, self)
  File "/lustre/orion/bif148/scratch/erikgarrison/emender/.envs/olcf-rocm711-torch210-py312/lib/python3.12/socketserver.py", line 766, in __init__
    self.handle()
  File "/lustre/orion/bif148/scratch/erikgarrison/emender/.wg-worktrees/agent-1263/ndm/resilient_pool_runtime.py", line 367, in handle
    send_frame(self.wfile, {"op": "error", "error": str(error)})
  File "/lustre/orion/bif148/scratch/erikgarrison/emender/.wg-worktrees/agent-1263/ndm/resilient_node_transport.py", line 102, in send_frame
    stream.write(encoded)
  File "/lustre/orion/bif148/scratch/erikgarrison/emender/.envs/olcf-rocm711-torch210-py312/lib/python3.12/socketserver.py", line 845, in write
    self._sock.sendall(b)
BrokenPipeError: [Errno 32] Broken pipe
----------------------------------------
----------------------------------------
Exception occurred during processing of request from ('10.128.10.16', 57316)
Traceback (most recent call last):
  File "/lustre/orion/bif148/scratch/erikgarrison/emender/.wg-worktrees/agent-1263/ndm/resilient_pool_runtime.py", line 362, in handle
    header, payload = recv_frame(self.rfile,
                      ^^^^^^^^^^^^^^^^^^^^^^
  File "/lustre/orion/bif148/scratch/erikgarrison/emender/.wg-worktrees/agent-1263/ndm/resilient_node_transport.py", line 115, in recv_frame
    payload = _recv_exact(stream, payload_size)
              ^^^^^^^^^^^^^^^^^^^^^^^^^^^^^^^^^
  File "/lustre/orion/bif148/scratch/erikgarrison/emender/.wg-worktrees/agent-1263/ndm/resilient_node_transport.py", line 89, in _recv_exact
    raise EOFError("peer closed framed transport")
EOFError: peer closed framed transport

During handling of the above exception, another exception occurred:

Traceback (most recent call last):
  File "/lustre/orion/bif148/scratch/erikgarrison/emender/.envs/olcf-rocm711-torch210-py312/lib/python3.12/socketserver.py", line 697, in process_request_thread
    self.finish_request(request, client_address)
  File "/lustre/orion/bif148/scratch/erikgarrison/emender/.envs/olcf-rocm711-torch210-py312/lib/python3.12/socketserver.py", line 362, in finish_request
    self.RequestHandlerClass(request, client_address, self)
  File "/lustre/orion/bif148/scratch/erikgarrison/emender/.envs/olcf-rocm711-torch210-py312/lib/python3.12/socketserver.py", line 766, in __init__
    self.handle()
  File "/lustre/orion/bif148/scratch/erikgarrison/emender/.wg-worktrees/agent-1263/ndm/resilient_pool_runtime.py", line 367, in handle
    send_frame(self.wfile, {"op": "error", "error": str(error)})
  File "/lustre/orion/bif148/scratch/erikgarrison/emender/.wg-worktrees/agent-1263/ndm/resilient_node_transport.py", line 102, in send_frame
    stream.write(encoded)
  File "/lustre/orion/bif148/scratch/erikgarrison/emender/.envs/olcf-rocm711-torch210-py312/lib/python3.12/socketserver.py", line 845, in write
    self._sock.sendall(b)
BrokenPipeError: [Errno 32] Broken pipe
----------------------------------------
----------------------------------------
Exception occurred during processing of request from ('10.128.10.16', 57318)
Traceback (most recent call last):
  File "/lustre/orion/bif148/scratch/erikgarrison/emender/.wg-worktrees/agent-1263/ndm/resilient_pool_runtime.py", line 362, in handle
    header, payload = recv_frame(self.rfile,
                      ^^^^^^^^^^^^^^^^^^^^^^
  File "/lustre/orion/bif148/scratch/erikgarrison/emender/.wg-worktrees/agent-1263/ndm/resilient_node_transport.py", line 115, in recv_frame
    payload = _recv_exact(stream, payload_size)
              ^^^^^^^^^^^^^^^^^^^^^^^^^^^^^^^^^
  File "/lustre/orion/bif148/scratch/erikgarrison/emender/.wg-worktrees/agent-1263/ndm/resilient_node_transport.py", line 89, in _recv_exact
    raise EOFError("peer closed framed transport")
EOFError: peer closed framed transport

During handling of the above exception, another exception occurred:

Traceback (most recent call last):
  File "/lustre/orion/bif148/scratch/erikgarrison/emender/.envs/olcf-rocm711-torch210-py312/lib/python3.12/socketserver.py", line 697, in process_request_thread
    self.finish_request(request, client_address)
  File "/lustre/orion/bif148/scratch/erikgarrison/emender/.envs/olcf-rocm711-torch210-py312/lib/python3.12/socketserver.py", line 362, in finish_request
    self.RequestHandlerClass(request, client_address, self)
  File "/lustre/orion/bif148/scratch/erikgarrison/emender/.envs/olcf-rocm711-torch210-py312/lib/python3.12/socketserver.py", line 766, in __init__
    self.handle()
  File "/lustre/orion/bif148/scratch/erikgarrison/emender/.wg-worktrees/agent-1263/ndm/resilient_pool_runtime.py", line 367, in handle
    send_frame(self.wfile, {"op": "error", "error": str(error)})
  File "/lustre/orion/bif148/scratch/erikgarrison/emender/.wg-worktrees/agent-1263/ndm/resilient_node_transport.py", line 102, in send_frame
    stream.write(encoded)
  File "/lustre/orion/bif148/scratch/erikgarrison/emender/.envs/olcf-rocm711-torch210-py312/lib/python3.12/socketserver.py", line 845, in write
    self._sock.sendall(b)
BrokenPipeError: [Errno 32] Broken pipe
----------------------------------------
----------------------------------------
Exception occurred during processing of request from ('10.128.10.16', 57330)
Traceback (most recent call last):
  File "/lustre/orion/bif148/scratch/erikgarrison/emender/.wg-worktrees/agent-1263/ndm/resilient_pool_runtime.py", line 362, in handle
    header, payload = recv_frame(self.rfile,
                      ^^^^^^^^^^^^^^^^^^^^^^
  File "/lustre/orion/bif148/scratch/erikgarrison/emender/.wg-worktrees/agent-1263/ndm/resilient_node_transport.py", line 115, in recv_frame
    payload = _recv_exact(stream, payload_size)
              ^^^^^^^^^^^^^^^^^^^^^^^^^^^^^^^^^
  File "/lustre/orion/bif148/scratch/erikgarrison/emender/.wg-worktrees/agent-1263/ndm/resilient_node_transport.py", line 89, in _recv_exact
    raise EOFError("peer closed framed transport")
EOFError: peer closed framed transport

During handling of the above exception, another exception occurred:

Traceback (most recent call last):
  File "/lustre/orion/bif148/scratch/erikgarrison/emender/.envs/olcf-rocm711-torch210-py312/lib/python3.12/socketserver.py", line 697, in process_request_thread
    self.finish_request(request, client_address)
  File "/lustre/orion/bif148/scratch/erikgarrison/emender/.envs/olcf-rocm711-torch210-py312/lib/python3.12/socketserver.py", line 362, in finish_request
    self.RequestHandlerClass(request, client_address, self)
  File "/lustre/orion/bif148/scratch/erikgarrison/emender/.envs/olcf-rocm711-torch210-py312/lib/python3.12/socketserver.py", line 766, in __init__
    self.handle()
  File "/lustre/orion/bif148/scratch/erikgarrison/emender/.wg-worktrees/agent-1263/ndm/resilient_pool_runtime.py", line 367, in handle
    send_frame(self.wfile, {"op": "error", "error": str(error)})
  File "/lustre/orion/bif148/scratch/erikgarrison/emender/.wg-worktrees/agent-1263/ndm/resilient_node_transport.py", line 102, in send_frame
    stream.write(encoded)
  File "/lustre/orion/bif148/scratch/erikgarrison/emender/.envs/olcf-rocm711-torch210-py312/lib/python3.12/socketserver.py", line 845, in write
    self._sock.sendall(b)
BrokenPipeError: [Errno 32] Broken pipe
----------------------------------------
----------------------------------------
Exception occurred during processing of request from ('10.128.10.16', 57340)
Traceback (most recent call last):
  File "/lustre/orion/bif148/scratch/erikgarrison/emender/.wg-worktrees/agent-1263/ndm/resilient_pool_runtime.py", line 362, in handle
    header, payload = recv_frame(self.rfile,
                      ^^^^^^^^^^^^^^^^^^^^^^
  File "/lustre/orion/bif148/scratch/erikgarrison/emender/.wg-worktrees/agent-1263/ndm/resilient_node_transport.py", line 115, in recv_frame
    payload = _recv_exact(stream, payload_size)
              ^^^^^^^^^^^^^^^^^^^^^^^^^^^^^^^^^
  File "/lustre/orion/bif148/scratch/erikgarrison/emender/.wg-worktrees/agent-1263/ndm/resilient_node_transport.py", line 89, in _recv_exact
    raise EOFError("peer closed framed transport")
EOFError: peer closed framed transport

During handling of the above exception, another exception occurred:

Traceback (most recent call last):
  File "/lustre/orion/bif148/scratch/erikgarrison/emender/.envs/olcf-rocm711-torch210-py312/lib/python3.12/socketserver.py", line 697, in process_request_thread
    self.finish_request(request, client_address)
  File "/lustre/orion/bif148/scratch/erikgarrison/emender/.envs/olcf-rocm711-torch210-py312/lib/python3.12/socketserver.py", line 362, in finish_request
    self.RequestHandlerClass(request, client_address, self)
  File "/lustre/orion/bif148/scratch/erikgarrison/emender/.envs/olcf-rocm711-torch210-py312/lib/python3.12/socketserver.py", line 766, in __init__
    self.handle()
  File "/lustre/orion/bif148/scratch/erikgarrison/emender/.wg-worktrees/agent-1263/ndm/resilient_pool_runtime.py", line 367, in handle
    send_frame(self.wfile, {"op": "error", "error": str(error)})
  File "/lustre/orion/bif148/scratch/erikgarrison/emender/.wg-worktrees/agent-1263/ndm/resilient_node_transport.py", line 102, in send_frame
    stream.write(encoded)
  File "/lustre/orion/bif148/scratch/erikgarrison/emender/.envs/olcf-rocm711-torch210-py312/lib/python3.12/socketserver.py", line 845, in write
    self._sock.sendall(b)
BrokenPipeError: [Errno 32] Broken pipe
----------------------------------------
----------------------------------------
Exception occurred during processing of request from ('10.128.10.16', 57350)
Traceback (most recent call last):
  File "/lustre/orion/bif148/scratch/erikgarrison/emender/.wg-worktrees/agent-1263/ndm/resilient_pool_runtime.py", line 362, in handle
    header, payload = recv_frame(self.rfile,
                      ^^^^^^^^^^^^^^^^^^^^^^
  File "/lustre/orion/bif148/scratch/erikgarrison/emender/.wg-worktrees/agent-1263/ndm/resilient_node_transport.py", line 115, in recv_frame
    payload = _recv_exact(stream, payload_size)
              ^^^^^^^^^^^^^^^^^^^^^^^^^^^^^^^^^
  File "/lustre/orion/bif148/scratch/erikgarrison/emender/.wg-worktrees/agent-1263/ndm/resilient_node_transport.py", line 89, in _recv_exact
    raise EOFError("peer closed framed transport")
EOFError: peer closed framed transport

During handling of the above exception, another exception occurred:

Traceback (most recent call last):
  File "/lustre/orion/bif148/scratch/erikgarrison/emender/.envs/olcf-rocm711-torch210-py312/lib/python3.12/socketserver.py", line 697, in process_request_thread
    self.finish_request(request, client_address)
  File "/lustre/orion/bif148/scratch/erikgarrison/emender/.envs/olcf-rocm711-torch210-py312/lib/python3.12/socketserver.py", line 362, in finish_request
    self.RequestHandlerClass(request, client_address, self)
  File "/lustre/orion/bif148/scratch/erikgarrison/emender/.envs/olcf-rocm711-torch210-py312/lib/python3.12/socketserver.py", line 766, in __init__
    self.handle()
  File "/lustre/orion/bif148/scratch/erikgarrison/emender/.wg-worktrees/agent-1263/ndm/resilient_pool_runtime.py", line 367, in handle
    send_frame(self.wfile, {"op": "error", "error": str(error)})
  File "/lustre/orion/bif148/scratch/erikgarrison/emender/.wg-worktrees/agent-1263/ndm/resilient_node_transport.py", line 102, in send_frame
    stream.write(encoded)
  File "/lustre/orion/bif148/scratch/erikgarrison/emender/.envs/olcf-rocm711-torch210-py312/lib/python3.12/socketserver.py", line 845, in write
    self._sock.sendall(b)
BrokenPipeError: [Errno 32] Broken pipe
----------------------------------------
----------------------------------------
Exception occurred during processing of request from ('10.128.10.16', 37886)
Traceback (most recent call last):
  File "/lustre/orion/bif148/scratch/erikgarrison/emender/.wg-worktrees/agent-1263/ndm/resilient_pool_runtime.py", line 362, in handle
    header, payload = recv_frame(self.rfile,
                      ^^^^^^^^^^^^^^^^^^^^^^
  File "/lustre/orion/bif148/scratch/erikgarrison/emender/.wg-worktrees/agent-1263/ndm/resilient_node_transport.py", line 115, in recv_frame
    payload = _recv_exact(stream, payload_size)
              ^^^^^^^^^^^^^^^^^^^^^^^^^^^^^^^^^
  File "/lustre/orion/bif148/scratch/erikgarrison/emender/.wg-worktrees/agent-1263/ndm/resilient_node_transport.py", line 89, in _recv_exact
    raise EOFError("peer closed framed transport")
EOFError: peer closed framed transport

During handling of the above exception, another exception occurred:

Traceback (most recent call last):
  File "/lustre/orion/bif148/scratch/erikgarrison/emender/.envs/olcf-rocm711-torch210-py312/lib/python3.12/socketserver.py", line 697, in process_request_thread
    self.finish_request(request, client_address)
  File "/lustre/orion/bif148/scratch/erikgarrison/emender/.envs/olcf-rocm711-torch210-py312/lib/python3.12/socketserver.py", line 362, in finish_request
    self.RequestHandlerClass(request, client_address, self)
  File "/lustre/orion/bif148/scratch/erikgarrison/emender/.envs/olcf-rocm711-torch210-py312/lib/python3.12/socketserver.py", line 766, in __init__
    self.handle()
  File "/lustre/orion/bif148/scratch/erikgarrison/emender/.wg-worktrees/agent-1263/ndm/resilient_pool_runtime.py", line 367, in handle
    send_frame(self.wfile, {"op": "error", "error": str(error)})
  File "/lustre/orion/bif148/scratch/erikgarrison/emender/.wg-worktrees/agent-1263/ndm/resilient_node_transport.py", line 102, in send_frame
    stream.write(encoded)
  File "/lustre/orion/bif148/scratch/erikgarrison/emender/.envs/olcf-rocm711-torch210-py312/lib/python3.12/socketserver.py", line 845, in write
    self._sock.sendall(b)
BrokenPipeError: [Errno 32] Broken pipe
----------------------------------------
----------------------------------------
Exception occurred during processing of request from ('10.128.10.16', 37900)
Traceback (most recent call last):
  File "/lustre/orion/bif148/scratch/erikgarrison/emender/.wg-worktrees/agent-1263/ndm/resilient_pool_runtime.py", line 362, in handle
    header, payload = recv_frame(self.rfile,
                      ^^^^^^^^^^^^^^^^^^^^^^
  File "/lustre/orion/bif148/scratch/erikgarrison/emender/.wg-worktrees/agent-1263/ndm/resilient_node_transport.py", line 115, in recv_frame
    payload = _recv_exact(stream, payload_size)
              ^^^^^^^^^^^^^^^^^^^^^^^^^^^^^^^^^
  File "/lustre/orion/bif148/scratch/erikgarrison/emender/.wg-worktrees/agent-1263/ndm/resilient_node_transport.py", line 89, in _recv_exact
    raise EOFError("peer closed framed transport")
EOFError: peer closed framed transport

During handling of the above exception, another exception occurred:

Traceback (most recent call last):
  File "/lustre/orion/bif148/scratch/erikgarrison/emender/.envs/olcf-rocm711-torch210-py312/lib/python3.12/socketserver.py", line 697, in process_request_thread
    self.finish_request(request, client_address)
  File "/lustre/orion/bif148/scratch/erikgarrison/emender/.envs/olcf-rocm711-torch210-py312/lib/python3.12/socketserver.py", line 362, in finish_request
    self.RequestHandlerClass(request, client_address, self)
  File "/lustre/orion/bif148/scratch/erikgarrison/emender/.envs/olcf-rocm711-torch210-py312/lib/python3.12/socketserver.py", line 766, in __init__
    self.handle()
  File "/lustre/orion/bif148/scratch/erikgarrison/emender/.wg-worktrees/agent-1263/ndm/resilient_pool_runtime.py", line 367, in handle
    send_frame(self.wfile, {"op": "error", "error": str(error)})
  File "/lustre/orion/bif148/scratch/erikgarrison/emender/.wg-worktrees/agent-1263/ndm/resilient_node_transport.py", line 102, in send_frame
    stream.write(encoded)
  File "/lustre/orion/bif148/scratch/erikgarrison/emender/.envs/olcf-rocm711-torch210-py312/lib/python3.12/socketserver.py", line 845, in write
    self._sock.sendall(b)
BrokenPipeError: [Errno 32] Broken pipe
----------------------------------------
----------------------------------------
Exception occurred during processing of request from ('10.128.10.16', 37914)
Traceback (most recent call last):
  File "/lustre/orion/bif148/scratch/erikgarrison/emender/.wg-worktrees/agent-1263/ndm/resilient_pool_runtime.py", line 362, in handle
    header, payload = recv_frame(self.rfile,
                      ^^^^^^^^^^^^^^^^^^^^^^
  File "/lustre/orion/bif148/scratch/erikgarrison/emender/.wg-worktrees/agent-1263/ndm/resilient_node_transport.py", line 115, in recv_frame
    payload = _recv_exact(stream, payload_size)
              ^^^^^^^^^^^^^^^^^^^^^^^^^^^^^^^^^
  File "/lustre/orion/bif148/scratch/erikgarrison/emender/.wg-worktrees/agent-1263/ndm/resilient_node_transport.py", line 89, in _recv_exact
    raise EOFError("peer closed framed transport")
EOFError: peer closed framed transport

During handling of the above exception, another exception occurred:

Traceback (most recent call last):
  File "/lustre/orion/bif148/scratch/erikgarrison/emender/.envs/olcf-rocm711-torch210-py312/lib/python3.12/socketserver.py", line 697, in process_request_thread
    self.finish_request(request, client_address)
  File "/lustre/orion/bif148/scratch/erikgarrison/emender/.envs/olcf-rocm711-torch210-py312/lib/python3.12/socketserver.py", line 362, in finish_request
    self.RequestHandlerClass(request, client_address, self)
  File "/lustre/orion/bif148/scratch/erikgarrison/emender/.envs/olcf-rocm711-torch210-py312/lib/python3.12/socketserver.py", line 766, in __init__
    self.handle()
  File "/lustre/orion/bif148/scratch/erikgarrison/emender/.wg-worktrees/agent-1263/ndm/resilient_pool_runtime.py", line 367, in handle
    send_frame(self.wfile, {"op": "error", "error": str(error)})
  File "/lustre/orion/bif148/scratch/erikgarrison/emender/.wg-worktrees/agent-1263/ndm/resilient_node_transport.py", line 102, in send_frame
    stream.write(encoded)
  File "/lustre/orion/bif148/scratch/erikgarrison/emender/.envs/olcf-rocm711-torch210-py312/lib/python3.12/socketserver.py", line 845, in write
    self._sock.sendall(b)
BrokenPipeError: [Errno 32] Broken pipe
----------------------------------------
----------------------------------------
Exception occurred during processing of request from ('10.128.10.16', 37924)
Traceback (most recent call last):
  File "/lustre/orion/bif148/scratch/erikgarrison/emender/.wg-worktrees/agent-1263/ndm/resilient_pool_runtime.py", line 362, in handle
    header, payload = recv_frame(self.rfile,
                      ^^^^^^^^^^^^^^^^^^^^^^
  File "/lustre/orion/bif148/scratch/erikgarrison/emender/.wg-worktrees/agent-1263/ndm/resilient_node_transport.py", line 115, in recv_frame
    payload = _recv_exact(stream, payload_size)
              ^^^^^^^^^^^^^^^^^^^^^^^^^^^^^^^^^
  File "/lustre/orion/bif148/scratch/erikgarrison/emender/.wg-worktrees/agent-1263/ndm/resilient_node_transport.py", line 89, in _recv_exact
    raise EOFError("peer closed framed transport")
EOFError: peer closed framed transport

During handling of the above exception, another exception occurred:

Traceback (most recent call last):
  File "/lustre/orion/bif148/scratch/erikgarrison/emender/.envs/olcf-rocm711-torch210-py312/lib/python3.12/socketserver.py", line 697, in process_request_thread
    self.finish_request(request, client_address)
  File "/lustre/orion/bif148/scratch/erikgarrison/emender/.envs/olcf-rocm711-torch210-py312/lib/python3.12/socketserver.py", line 362, in finish_request
    self.RequestHandlerClass(request, client_address, self)
  File "/lustre/orion/bif148/scratch/erikgarrison/emender/.envs/olcf-rocm711-torch210-py312/lib/python3.12/socketserver.py", line 766, in __init__
    self.handle()
  File "/lustre/orion/bif148/scratch/erikgarrison/emender/.wg-worktrees/agent-1263/ndm/resilient_pool_runtime.py", line 367, in handle
    send_frame(self.wfile, {"op": "error", "error": str(error)})
  File "/lustre/orion/bif148/scratch/erikgarrison/emender/.wg-worktrees/agent-1263/ndm/resilient_node_transport.py", line 102, in send_frame
    stream.write(encoded)
  File "/lustre/orion/bif148/scratch/erikgarrison/emender/.envs/olcf-rocm711-torch210-py312/lib/python3.12/socketserver.py", line 845, in write
    self._sock.sendall(b)
BrokenPipeError: [Errno 32] Broken pipe
----------------------------------------
----------------------------------------
Exception occurred during processing of request from ('10.128.10.16', 37940)
Traceback (most recent call last):
  File "/lustre/orion/bif148/scratch/erikgarrison/emender/.wg-worktrees/agent-1263/ndm/resilient_pool_runtime.py", line 362, in handle
    header, payload = recv_frame(self.rfile,
                      ^^^^^^^^^^^^^^^^^^^^^^
  File "/lustre/orion/bif148/scratch/erikgarrison/emender/.wg-worktrees/agent-1263/ndm/resilient_node_transport.py", line 115, in recv_frame
    payload = _recv_exact(stream, payload_size)
              ^^^^^^^^^^^^^^^^^^^^^^^^^^^^^^^^^
  File "/lustre/orion/bif148/scratch/erikgarrison/emender/.wg-worktrees/agent-1263/ndm/resilient_node_transport.py", line 89, in _recv_exact
    raise EOFError("peer closed framed transport")
EOFError: peer closed framed transport

During handling of the above exception, another exception occurred:

Traceback (most recent call last):
  File "/lustre/orion/bif148/scratch/erikgarrison/emender/.envs/olcf-rocm711-torch210-py312/lib/python3.12/socketserver.py", line 697, in process_request_thread
    self.finish_request(request, client_address)
  File "/lustre/orion/bif148/scratch/erikgarrison/emender/.envs/olcf-rocm711-torch210-py312/lib/python3.12/socketserver.py", line 362, in finish_request
    self.RequestHandlerClass(request, client_address, self)
  File "/lustre/orion/bif148/scratch/erikgarrison/emender/.envs/olcf-rocm711-torch210-py312/lib/python3.12/socketserver.py", line 766, in __init__
    self.handle()
  File "/lustre/orion/bif148/scratch/erikgarrison/emender/.wg-worktrees/agent-1263/ndm/resilient_pool_runtime.py", line 367, in handle
    send_frame(self.wfile, {"op": "error", "error": str(error)})
  File "/lustre/orion/bif148/scratch/erikgarrison/emender/.wg-worktrees/agent-1263/ndm/resilient_node_transport.py", line 102, in send_frame
    stream.write(encoded)
  File "/lustre/orion/bif148/scratch/erikgarrison/emender/.envs/olcf-rocm711-torch210-py312/lib/python3.12/socketserver.py", line 845, in write
    self._sock.sendall(b)
BrokenPipeError: [Errno 32] Broken pipe
----------------------------------------
----------------------------------------
Exception occurred during processing of request from ('10.128.10.16', 37950)
Traceback (most recent call last):
  File "/lustre/orion/bif148/scratch/erikgarrison/emender/.wg-worktrees/agent-1263/ndm/resilient_pool_runtime.py", line 362, in handle
    header, payload = recv_frame(self.rfile,
                      ^^^^^^^^^^^^^^^^^^^^^^
  File "/lustre/orion/bif148/scratch/erikgarrison/emender/.wg-worktrees/agent-1263/ndm/resilient_node_transport.py", line 115, in recv_frame
    payload = _recv_exact(stream, payload_size)
              ^^^^^^^^^^^^^^^^^^^^^^^^^^^^^^^^^
  File "/lustre/orion/bif148/scratch/erikgarrison/emender/.wg-worktrees/agent-1263/ndm/resilient_node_transport.py", line 89, in _recv_exact
    raise EOFError("peer closed framed transport")
EOFError: peer closed framed transport

During handling of the above exception, another exception occurred:

Traceback (most recent call last):
  File "/lustre/orion/bif148/scratch/erikgarrison/emender/.envs/olcf-rocm711-torch210-py312/lib/python3.12/socketserver.py", line 697, in process_request_thread
    self.finish_request(request, client_address)
  File "/lustre/orion/bif148/scratch/erikgarrison/emender/.envs/olcf-rocm711-torch210-py312/lib/python3.12/socketserver.py", line 362, in finish_request
    self.RequestHandlerClass(request, client_address, self)
  File "/lustre/orion/bif148/scratch/erikgarrison/emender/.envs/olcf-rocm711-torch210-py312/lib/python3.12/socketserver.py", line 766, in __init__
    self.handle()
  File "/lustre/orion/bif148/scratch/erikgarrison/emender/.wg-worktrees/agent-1263/ndm/resilient_pool_runtime.py", line 367, in handle
    send_frame(self.wfile, {"op": "error", "error": str(error)})
  File "/lustre/orion/bif148/scratch/erikgarrison/emender/.wg-worktrees/agent-1263/ndm/resilient_node_transport.py", line 102, in send_frame
    stream.write(encoded)
  File "/lustre/orion/bif148/scratch/erikgarrison/emender/.envs/olcf-rocm711-torch210-py312/lib/python3.12/socketserver.py", line 845, in write
    self._sock.sendall(b)
BrokenPipeError: [Errno 32] Broken pipe
----------------------------------------
----------------------------------------
Exception occurred during processing of request from ('10.128.10.16', 37956)
Traceback (most recent call last):
  File "/lustre/orion/bif148/scratch/erikgarrison/emender/.wg-worktrees/agent-1263/ndm/resilient_pool_runtime.py", line 362, in handle
    header, payload = recv_frame(self.rfile,
                      ^^^^^^^^^^^^^^^^^^^^^^
  File "/lustre/orion/bif148/scratch/erikgarrison/emender/.wg-worktrees/agent-1263/ndm/resilient_node_transport.py", line 115, in recv_frame
    payload = _recv_exact(stream, payload_size)
              ^^^^^^^^^^^^^^^^^^^^^^^^^^^^^^^^^
  File "/lustre/orion/bif148/scratch/erikgarrison/emender/.wg-worktrees/agent-1263/ndm/resilient_node_transport.py", line 89, in _recv_exact
    raise EOFError("peer closed framed transport")
EOFError: peer closed framed transport

During handling of the above exception, another exception occurred:

Traceback (most recent call last):
  File "/lustre/orion/bif148/scratch/erikgarrison/emender/.envs/olcf-rocm711-torch210-py312/lib/python3.12/socketserver.py", line 697, in process_request_thread
    self.finish_request(request, client_address)
  File "/lustre/orion/bif148/scratch/erikgarrison/emender/.envs/olcf-rocm711-torch210-py312/lib/python3.12/socketserver.py", line 362, in finish_request
    self.RequestHandlerClass(request, client_address, self)
  File "/lustre/orion/bif148/scratch/erikgarrison/emender/.envs/olcf-rocm711-torch210-py312/lib/python3.12/socketserver.py", line 766, in __init__
    self.handle()
  File "/lustre/orion/bif148/scratch/erikgarrison/emender/.wg-worktrees/agent-1263/ndm/resilient_pool_runtime.py", line 367, in handle
    send_frame(self.wfile, {"op": "error", "error": str(error)})
  File "/lustre/orion/bif148/scratch/erikgarrison/emender/.wg-worktrees/agent-1263/ndm/resilient_node_transport.py", line 102, in send_frame
    stream.write(encoded)
  File "/lustre/orion/bif148/scratch/erikgarrison/emender/.envs/olcf-rocm711-torch210-py312/lib/python3.12/socketserver.py", line 845, in write
    self._sock.sendall(b)
BrokenPipeError: [Errno 32] Broken pipe
----------------------------------------
----------------------------------------
Exception occurred during processing of request from ('10.128.10.16', 37970)
Traceback (most recent call last):
  File "/lustre/orion/bif148/scratch/erikgarrison/emender/.wg-worktrees/agent-1263/ndm/resilient_pool_runtime.py", line 362, in handle
    header, payload = recv_frame(self.rfile,
                      ^^^^^^^^^^^^^^^^^^^^^^
  File "/lustre/orion/bif148/scratch/erikgarrison/emender/.wg-worktrees/agent-1263/ndm/resilient_node_transport.py", line 115, in recv_frame
    payload = _recv_exact(stream, payload_size)
              ^^^^^^^^^^^^^^^^^^^^^^^^^^^^^^^^^
  File "/lustre/orion/bif148/scratch/erikgarrison/emender/.wg-worktrees/agent-1263/ndm/resilient_node_transport.py", line 89, in _recv_exact
    raise EOFError("peer closed framed transport")
EOFError: peer closed framed transport

During handling of the above exception, another exception occurred:

Traceback (most recent call last):
  File "/lustre/orion/bif148/scratch/erikgarrison/emender/.envs/olcf-rocm711-torch210-py312/lib/python3.12/socketserver.py", line 697, in process_request_thread
    self.finish_request(request, client_address)
  File "/lustre/orion/bif148/scratch/erikgarrison/emender/.envs/olcf-rocm711-torch210-py312/lib/python3.12/socketserver.py", line 362, in finish_request
    self.RequestHandlerClass(request, client_address, self)
  File "/lustre/orion/bif148/scratch/erikgarrison/emender/.envs/olcf-rocm711-torch210-py312/lib/python3.12/socketserver.py", line 766, in __init__
    self.handle()
  File "/lustre/orion/bif148/scratch/erikgarrison/emender/.wg-worktrees/agent-1263/ndm/resilient_pool_runtime.py", line 367, in handle
    send_frame(self.wfile, {"op": "error", "error": str(error)})
  File "/lustre/orion/bif148/scratch/erikgarrison/emender/.wg-worktrees/agent-1263/ndm/resilient_node_transport.py", line 102, in send_frame
    stream.write(encoded)
  File "/lustre/orion/bif148/scratch/erikgarrison/emender/.envs/olcf-rocm711-torch210-py312/lib/python3.12/socketserver.py", line 845, in write
    self._sock.sendall(b)
BrokenPipeError: [Errno 32] Broken pipe
----------------------------------------
----------------------------------------
Exception occurred during processing of request from ('10.128.10.16', 37978)
Traceback (most recent call last):
  File "/lustre/orion/bif148/scratch/erikgarrison/emender/.wg-worktrees/agent-1263/ndm/resilient_pool_runtime.py", line 362, in handle
    header, payload = recv_frame(self.rfile,
                      ^^^^^^^^^^^^^^^^^^^^^^
  File "/lustre/orion/bif148/scratch/erikgarrison/emender/.wg-worktrees/agent-1263/ndm/resilient_node_transport.py", line 115, in recv_frame
    payload = _recv_exact(stream, payload_size)
              ^^^^^^^^^^^^^^^^^^^^^^^^^^^^^^^^^
  File "/lustre/orion/bif148/scratch/erikgarrison/emender/.wg-worktrees/agent-1263/ndm/resilient_node_transport.py", line 89, in _recv_exact
    raise EOFError("peer closed framed transport")
EOFError: peer closed framed transport

During handling of the above exception, another exception occurred:

Traceback (most recent call last):
  File "/lustre/orion/bif148/scratch/erikgarrison/emender/.envs/olcf-rocm711-torch210-py312/lib/python3.12/socketserver.py", line 697, in process_request_thread
    self.finish_request(request, client_address)
  File "/lustre/orion/bif148/scratch/erikgarrison/emender/.envs/olcf-rocm711-torch210-py312/lib/python3.12/socketserver.py", line 362, in finish_request
    self.RequestHandlerClass(request, client_address, self)
  File "/lustre/orion/bif148/scratch/erikgarrison/emender/.envs/olcf-rocm711-torch210-py312/lib/python3.12/socketserver.py", line 766, in __init__
    self.handle()
  File "/lustre/orion/bif148/scratch/erikgarrison/emender/.wg-worktrees/agent-1263/ndm/resilient_pool_runtime.py", line 367, in handle
    send_frame(self.wfile, {"op": "error", "error": str(error)})
  File "/lustre/orion/bif148/scratch/erikgarrison/emender/.wg-worktrees/agent-1263/ndm/resilient_node_transport.py", line 102, in send_frame
    stream.write(encoded)
  File "/lustre/orion/bif148/scratch/erikgarrison/emender/.envs/olcf-rocm711-torch210-py312/lib/python3.12/socketserver.py", line 845, in write
    self._sock.sendall(b)
BrokenPipeError: [Errno 32] Broken pipe
----------------------------------------
----------------------------------------
Exception occurred during processing of request from ('10.128.10.16', 37986)
Traceback (most recent call last):
  File "/lustre/orion/bif148/scratch/erikgarrison/emender/.wg-worktrees/agent-1263/ndm/resilient_pool_runtime.py", line 362, in handle
    header, payload = recv_frame(self.rfile,
                      ^^^^^^^^^^^^^^^^^^^^^^
  File "/lustre/orion/bif148/scratch/erikgarrison/emender/.wg-worktrees/agent-1263/ndm/resilient_node_transport.py", line 115, in recv_frame
    payload = _recv_exact(stream, payload_size)
              ^^^^^^^^^^^^^^^^^^^^^^^^^^^^^^^^^
  File "/lustre/orion/bif148/scratch/erikgarrison/emender/.wg-worktrees/agent-1263/ndm/resilient_node_transport.py", line 89, in _recv_exact
    raise EOFError("peer closed framed transport")
EOFError: peer closed framed transport

During handling of the above exception, another exception occurred:

Traceback (most recent call last):
  File "/lustre/orion/bif148/scratch/erikgarrison/emender/.envs/olcf-rocm711-torch210-py312/lib/python3.12/socketserver.py", line 697, in process_request_thread
    self.finish_request(request, client_address)
  File "/lustre/orion/bif148/scratch/erikgarrison/emender/.envs/olcf-rocm711-torch210-py312/lib/python3.12/socketserver.py", line 362, in finish_request
    self.RequestHandlerClass(request, client_address, self)
  File "/lustre/orion/bif148/scratch/erikgarrison/emender/.envs/olcf-rocm711-torch210-py312/lib/python3.12/socketserver.py", line 766, in __init__
    self.handle()
  File "/lustre/orion/bif148/scratch/erikgarrison/emender/.wg-worktrees/agent-1263/ndm/resilient_pool_runtime.py", line 367, in handle
    send_frame(self.wfile, {"op": "error", "error": str(error)})
  File "/lustre/orion/bif148/scratch/erikgarrison/emender/.wg-worktrees/agent-1263/ndm/resilient_node_transport.py", line 102, in send_frame
    stream.write(encoded)
  File "/lustre/orion/bif148/scratch/erikgarrison/emender/.envs/olcf-rocm711-torch210-py312/lib/python3.12/socketserver.py", line 845, in write
    self._sock.sendall(b)
BrokenPipeError: [Errno 32] Broken pipe
----------------------------------------
----------------------------------------
Exception occurred during processing of request from ('10.128.10.16', 37864)
Traceback (most recent call last):
  File "/lustre/orion/bif148/scratch/erikgarrison/emender/.wg-worktrees/agent-1263/ndm/resilient_pool_runtime.py", line 362, in handle
    header, payload = recv_frame(self.rfile,
                      ^^^^^^^^^^^^^^^^^^^^^^
  File "/lustre/orion/bif148/scratch/erikgarrison/emender/.wg-worktrees/agent-1263/ndm/resilient_node_transport.py", line 115, in recv_frame
    payload = _recv_exact(stream, payload_size)
              ^^^^^^^^^^^^^^^^^^^^^^^^^^^^^^^^^
  File "/lustre/orion/bif148/scratch/erikgarrison/emender/.wg-worktrees/agent-1263/ndm/resilient_node_transport.py", line 89, in _recv_exact
    raise EOFError("peer closed framed transport")
EOFError: peer closed framed transport

During handling of the above exception, another exception occurred:

Traceback (most recent call last):
  File "/lustre/orion/bif148/scratch/erikgarrison/emender/.envs/olcf-rocm711-torch210-py312/lib/python3.12/socketserver.py", line 697, in process_request_thread
    self.finish_request(request, client_address)
  File "/lustre/orion/bif148/scratch/erikgarrison/emender/.envs/olcf-rocm711-torch210-py312/lib/python3.12/socketserver.py", line 362, in finish_request
    self.RequestHandlerClass(request, client_address, self)
  File "/lustre/orion/bif148/scratch/erikgarrison/emender/.envs/olcf-rocm711-torch210-py312/lib/python3.12/socketserver.py", line 766, in __init__
    self.handle()
  File "/lustre/orion/bif148/scratch/erikgarrison/emender/.wg-worktrees/agent-1263/ndm/resilient_pool_runtime.py", line 367, in handle
    send_frame(self.wfile, {"op": "error", "error": str(error)})
  File "/lustre/orion/bif148/scratch/erikgarrison/emender/.wg-worktrees/agent-1263/ndm/resilient_node_transport.py", line 102, in send_frame
    stream.write(encoded)
  File "/lustre/orion/bif148/scratch/erikgarrison/emender/.envs/olcf-rocm711-torch210-py312/lib/python3.12/socketserver.py", line 845, in write
    self._sock.sendall(b)
BrokenPipeError: [Errno 32] Broken pipe
----------------------------------------
----------------------------------------
Exception occurred during processing of request from ('10.128.10.16', 37868)
Traceback (most recent call last):
  File "/lustre/orion/bif148/scratch/erikgarrison/emender/.wg-worktrees/agent-1263/ndm/resilient_pool_runtime.py", line 362, in handle
    header, payload = recv_frame(self.rfile,
                      ^^^^^^^^^^^^^^^^^^^^^^
  File "/lustre/orion/bif148/scratch/erikgarrison/emender/.wg-worktrees/agent-1263/ndm/resilient_node_transport.py", line 115, in recv_frame
    payload = _recv_exact(stream, payload_size)
              ^^^^^^^^^^^^^^^^^^^^^^^^^^^^^^^^^
  File "/lustre/orion/bif148/scratch/erikgarrison/emender/.wg-worktrees/agent-1263/ndm/resilient_node_transport.py", line 89, in _recv_exact
    raise EOFError("peer closed framed transport")
EOFError: peer closed framed transport

During handling of the above exception, another exception occurred:

Traceback (most recent call last):
  File "/lustre/orion/bif148/scratch/erikgarrison/emender/.envs/olcf-rocm711-torch210-py312/lib/python3.12/socketserver.py", line 697, in process_request_thread
    self.finish_request(request, client_address)
  File "/lustre/orion/bif148/scratch/erikgarrison/emender/.envs/olcf-rocm711-torch210-py312/lib/python3.12/socketserver.py", line 362, in finish_request
    self.RequestHandlerClass(request, client_address, self)
  File "/lustre/orion/bif148/scratch/erikgarrison/emender/.envs/olcf-rocm711-torch210-py312/lib/python3.12/socketserver.py", line 766, in __init__
    self.handle()
  File "/lustre/orion/bif148/scratch/erikgarrison/emender/.wg-worktrees/agent-1263/ndm/resilient_pool_runtime.py", line 367, in handle
    send_frame(self.wfile, {"op": "error", "error": str(error)})
  File "/lustre/orion/bif148/scratch/erikgarrison/emender/.wg-worktrees/agent-1263/ndm/resilient_node_transport.py", line 102, in send_frame
    stream.write(encoded)
  File "/lustre/orion/bif148/scratch/erikgarrison/emender/.envs/olcf-rocm711-torch210-py312/lib/python3.12/socketserver.py", line 845, in write
    self._sock.sendall(b)
BrokenPipeError: [Errno 32] Broken pipe
----------------------------------------
----------------------------------------
Exception occurred during processing of request from ('10.128.10.16', 37880)
Traceback (most recent call last):
  File "/lustre/orion/bif148/scratch/erikgarrison/emender/.wg-worktrees/agent-1263/ndm/resilient_pool_runtime.py", line 362, in handle
    header, payload = recv_frame(self.rfile,
                      ^^^^^^^^^^^^^^^^^^^^^^
  File "/lustre/orion/bif148/scratch/erikgarrison/emender/.wg-worktrees/agent-1263/ndm/resilient_node_transport.py", line 115, in recv_frame
    payload = _recv_exact(stream, payload_size)
              ^^^^^^^^^^^^^^^^^^^^^^^^^^^^^^^^^
  File "/lustre/orion/bif148/scratch/erikgarrison/emender/.wg-worktrees/agent-1263/ndm/resilient_node_transport.py", line 89, in _recv_exact
    raise EOFError("peer closed framed transport")
EOFError: peer closed framed transport

During handling of the above exception, another exception occurred:

Traceback (most recent call last):
  File "/lustre/orion/bif148/scratch/erikgarrison/emender/.envs/olcf-rocm711-torch210-py312/lib/python3.12/socketserver.py", line 697, in process_request_thread
    self.finish_request(request, client_address)
  File "/lustre/orion/bif148/scratch/erikgarrison/emender/.envs/olcf-rocm711-torch210-py312/lib/python3.12/socketserver.py", line 362, in finish_request
    self.RequestHandlerClass(request, client_address, self)
  File "/lustre/orion/bif148/scratch/erikgarrison/emender/.envs/olcf-rocm711-torch210-py312/lib/python3.12/socketserver.py", line 766, in __init__
    self.handle()
  File "/lustre/orion/bif148/scratch/erikgarrison/emender/.wg-worktrees/agent-1263/ndm/resilient_pool_runtime.py", line 367, in handle
    send_frame(self.wfile, {"op": "error", "error": str(error)})
  File "/lustre/orion/bif148/scratch/erikgarrison/emender/.wg-worktrees/agent-1263/ndm/resilient_node_transport.py", line 102, in send_frame
    stream.write(encoded)
  File "/lustre/orion/bif148/scratch/erikgarrison/emender/.envs/olcf-rocm711-torch210-py312/lib/python3.12/socketserver.py", line 845, in write
    self._sock.sendall(b)
BrokenPipeError: [Errno 32] Broken pipe
----------------------------------------
----------------------------------------
Exception occurred during processing of request from ('10.128.10.16', 37888)
Traceback (most recent call last):
  File "/lustre/orion/bif148/scratch/erikgarrison/emender/.wg-worktrees/agent-1263/ndm/resilient_pool_runtime.py", line 362, in handle
    header, payload = recv_frame(self.rfile,
                      ^^^^^^^^^^^^^^^^^^^^^^
  File "/lustre/orion/bif148/scratch/erikgarrison/emender/.wg-worktrees/agent-1263/ndm/resilient_node_transport.py", line 115, in recv_frame
    payload = _recv_exact(stream, payload_size)
              ^^^^^^^^^^^^^^^^^^^^^^^^^^^^^^^^^
  File "/lustre/orion/bif148/scratch/erikgarrison/emender/.wg-worktrees/agent-1263/ndm/resilient_node_transport.py", line 89, in _recv_exact
    raise EOFError("peer closed framed transport")
EOFError: peer closed framed transport

During handling of the above exception, another exception occurred:

Traceback (most recent call last):
  File "/lustre/orion/bif148/scratch/erikgarrison/emender/.envs/olcf-rocm711-torch210-py312/lib/python3.12/socketserver.py", line 697, in process_request_thread
    self.finish_request(request, client_address)
  File "/lustre/orion/bif148/scratch/erikgarrison/emender/.envs/olcf-rocm711-torch210-py312/lib/python3.12/socketserver.py", line 362, in finish_request
    self.RequestHandlerClass(request, client_address, self)
  File "/lustre/orion/bif148/scratch/erikgarrison/emender/.envs/olcf-rocm711-torch210-py312/lib/python3.12/socketserver.py", line 766, in __init__
    self.handle()
  File "/lustre/orion/bif148/scratch/erikgarrison/emender/.wg-worktrees/agent-1263/ndm/resilient_pool_runtime.py", line 367, in handle
    send_frame(self.wfile, {"op": "error", "error": str(error)})
  File "/lustre/orion/bif148/scratch/erikgarrison/emender/.wg-worktrees/agent-1263/ndm/resilient_node_transport.py", line 102, in send_frame
    stream.write(encoded)
  File "/lustre/orion/bif148/scratch/erikgarrison/emender/.envs/olcf-rocm711-torch210-py312/lib/python3.12/socketserver.py", line 845, in write
    self._sock.sendall(b)
BrokenPipeError: [Errno 32] Broken pipe
----------------------------------------
----------------------------------------
Exception occurred during processing of request from ('10.128.10.16', 37900)
Traceback (most recent call last):
  File "/lustre/orion/bif148/scratch/erikgarrison/emender/.wg-worktrees/agent-1263/ndm/resilient_pool_runtime.py", line 362, in handle
    header, payload = recv_frame(self.rfile,
                      ^^^^^^^^^^^^^^^^^^^^^^
  File "/lustre/orion/bif148/scratch/erikgarrison/emender/.wg-worktrees/agent-1263/ndm/resilient_node_transport.py", line 115, in recv_frame
    payload = _recv_exact(stream, payload_size)
              ^^^^^^^^^^^^^^^^^^^^^^^^^^^^^^^^^
  File "/lustre/orion/bif148/scratch/erikgarrison/emender/.wg-worktrees/agent-1263/ndm/resilient_node_transport.py", line 89, in _recv_exact
    raise EOFError("peer closed framed transport")
EOFError: peer closed framed transport

During handling of the above exception, another exception occurred:

Traceback (most recent call last):
  File "/lustre/orion/bif148/scratch/erikgarrison/emender/.envs/olcf-rocm711-torch210-py312/lib/python3.12/socketserver.py", line 697, in process_request_thread
    self.finish_request(request, client_address)
  File "/lustre/orion/bif148/scratch/erikgarrison/emender/.envs/olcf-rocm711-torch210-py312/lib/python3.12/socketserver.py", line 362, in finish_request
    self.RequestHandlerClass(request, client_address, self)
  File "/lustre/orion/bif148/scratch/erikgarrison/emender/.envs/olcf-rocm711-torch210-py312/lib/python3.12/socketserver.py", line 766, in __init__
    self.handle()
  File "/lustre/orion/bif148/scratch/erikgarrison/emender/.wg-worktrees/agent-1263/ndm/resilient_pool_runtime.py", line 367, in handle
    send_frame(self.wfile, {"op": "error", "error": str(error)})
  File "/lustre/orion/bif148/scratch/erikgarrison/emender/.wg-worktrees/agent-1263/ndm/resilient_node_transport.py", line 102, in send_frame
    stream.write(encoded)
  File "/lustre/orion/bif148/scratch/erikgarrison/emender/.envs/olcf-rocm711-torch210-py312/lib/python3.12/socketserver.py", line 845, in write
    self._sock.sendall(b)
BrokenPipeError: [Errno 32] Broken pipe
----------------------------------------
----------------------------------------
Exception occurred during processing of request from ('10.128.10.16', 37912)
Traceback (most recent call last):
  File "/lustre/orion/bif148/scratch/erikgarrison/emender/.wg-worktrees/agent-1263/ndm/resilient_pool_runtime.py", line 362, in handle
    header, payload = recv_frame(self.rfile,
                      ^^^^^^^^^^^^^^^^^^^^^^
  File "/lustre/orion/bif148/scratch/erikgarrison/emender/.wg-worktrees/agent-1263/ndm/resilient_node_transport.py", line 115, in recv_frame
    payload = _recv_exact(stream, payload_size)
              ^^^^^^^^^^^^^^^^^^^^^^^^^^^^^^^^^
  File "/lustre/orion/bif148/scratch/erikgarrison/emender/.wg-worktrees/agent-1263/ndm/resilient_node_transport.py", line 89, in _recv_exact
    raise EOFError("peer closed framed transport")
EOFError: peer closed framed transport

During handling of the above exception, another exception occurred:

Traceback (most recent call last):
  File "/lustre/orion/bif148/scratch/erikgarrison/emender/.envs/olcf-rocm711-torch210-py312/lib/python3.12/socketserver.py", line 697, in process_request_thread
    self.finish_request(request, client_address)
  File "/lustre/orion/bif148/scratch/erikgarrison/emender/.envs/olcf-rocm711-torch210-py312/lib/python3.12/socketserver.py", line 362, in finish_request
    self.RequestHandlerClass(request, client_address, self)
  File "/lustre/orion/bif148/scratch/erikgarrison/emender/.envs/olcf-rocm711-torch210-py312/lib/python3.12/socketserver.py", line 766, in __init__
    self.handle()
  File "/lustre/orion/bif148/scratch/erikgarrison/emender/.wg-worktrees/agent-1263/ndm/resilient_pool_runtime.py", line 367, in handle
    send_frame(self.wfile, {"op": "error", "error": str(error)})
  File "/lustre/orion/bif148/scratch/erikgarrison/emender/.wg-worktrees/agent-1263/ndm/resilient_node_transport.py", line 102, in send_frame
    stream.write(encoded)
  File "/lustre/orion/bif148/scratch/erikgarrison/emender/.envs/olcf-rocm711-torch210-py312/lib/python3.12/socketserver.py", line 845, in write
    self._sock.sendall(b)
BrokenPipeError: [Errno 32] Broken pipe
----------------------------------------
----------------------------------------
Exception occurred during processing of request from ('10.128.10.16', 37914)
Traceback (most recent call last):
  File "/lustre/orion/bif148/scratch/erikgarrison/emender/.wg-worktrees/agent-1263/ndm/resilient_pool_runtime.py", line 362, in handle
    header, payload = recv_frame(self.rfile,
                      ^^^^^^^^^^^^^^^^^^^^^^
  File "/lustre/orion/bif148/scratch/erikgarrison/emender/.wg-worktrees/agent-1263/ndm/resilient_node_transport.py", line 115, in recv_frame
    payload = _recv_exact(stream, payload_size)
              ^^^^^^^^^^^^^^^^^^^^^^^^^^^^^^^^^
  File "/lustre/orion/bif148/scratch/erikgarrison/emender/.wg-worktrees/agent-1263/ndm/resilient_node_transport.py", line 89, in _recv_exact
    raise EOFError("peer closed framed transport")
EOFError: peer closed framed transport

During handling of the above exception, another exception occurred:

Traceback (most recent call last):
  File "/lustre/orion/bif148/scratch/erikgarrison/emender/.envs/olcf-rocm711-torch210-py312/lib/python3.12/socketserver.py", line 697, in process_request_thread
    self.finish_request(request, client_address)
  File "/lustre/orion/bif148/scratch/erikgarrison/emender/.envs/olcf-rocm711-torch210-py312/lib/python3.12/socketserver.py", line 362, in finish_request
    self.RequestHandlerClass(request, client_address, self)
  File "/lustre/orion/bif148/scratch/erikgarrison/emender/.envs/olcf-rocm711-torch210-py312/lib/python3.12/socketserver.py", line 766, in __init__
    self.handle()
  File "/lustre/orion/bif148/scratch/erikgarrison/emender/.wg-worktrees/agent-1263/ndm/resilient_pool_runtime.py", line 367, in handle
    send_frame(self.wfile, {"op": "error", "error": str(error)})
  File "/lustre/orion/bif148/scratch/erikgarrison/emender/.wg-worktrees/agent-1263/ndm/resilient_node_transport.py", line 102, in send_frame
    stream.write(encoded)
  File "/lustre/orion/bif148/scratch/erikgarrison/emender/.envs/olcf-rocm711-torch210-py312/lib/python3.12/socketserver.py", line 845, in write
    self._sock.sendall(b)
BrokenPipeError: [Errno 32] Broken pipe
----------------------------------------
----------------------------------------
Exception occurred during processing of request from ('10.128.10.16', 37918)
Traceback (most recent call last):
  File "/lustre/orion/bif148/scratch/erikgarrison/emender/.wg-worktrees/agent-1263/ndm/resilient_pool_runtime.py", line 362, in handle
    header, payload = recv_frame(self.rfile,
                      ^^^^^^^^^^^^^^^^^^^^^^
  File "/lustre/orion/bif148/scratch/erikgarrison/emender/.wg-worktrees/agent-1263/ndm/resilient_node_transport.py", line 115, in recv_frame
    payload = _recv_exact(stream, payload_size)
              ^^^^^^^^^^^^^^^^^^^^^^^^^^^^^^^^^
  File "/lustre/orion/bif148/scratch/erikgarrison/emender/.wg-worktrees/agent-1263/ndm/resilient_node_transport.py", line 89, in _recv_exact
    raise EOFError("peer closed framed transport")
EOFError: peer closed framed transport

During handling of the above exception, another exception occurred:

Traceback (most recent call last):
  File "/lustre/orion/bif148/scratch/erikgarrison/emender/.envs/olcf-rocm711-torch210-py312/lib/python3.12/socketserver.py", line 697, in process_request_thread
    self.finish_request(request, client_address)
  File "/lustre/orion/bif148/scratch/erikgarrison/emender/.envs/olcf-rocm711-torch210-py312/lib/python3.12/socketserver.py", line 362, in finish_request
    self.RequestHandlerClass(request, client_address, self)
  File "/lustre/orion/bif148/scratch/erikgarrison/emender/.envs/olcf-rocm711-torch210-py312/lib/python3.12/socketserver.py", line 766, in __init__
    self.handle()
  File "/lustre/orion/bif148/scratch/erikgarrison/emender/.wg-worktrees/agent-1263/ndm/resilient_pool_runtime.py", line 367, in handle
    send_frame(self.wfile, {"op": "error", "error": str(error)})
  File "/lustre/orion/bif148/scratch/erikgarrison/emender/.wg-worktrees/agent-1263/ndm/resilient_node_transport.py", line 102, in send_frame
    stream.write(encoded)
  File "/lustre/orion/bif148/scratch/erikgarrison/emender/.envs/olcf-rocm711-torch210-py312/lib/python3.12/socketserver.py", line 845, in write
    self._sock.sendall(b)
BrokenPipeError: [Errno 32] Broken pipe
----------------------------------------
----------------------------------------
Exception occurred during processing of request from ('10.128.10.16', 37924)
Traceback (most recent call last):
  File "/lustre/orion/bif148/scratch/erikgarrison/emender/.wg-worktrees/agent-1263/ndm/resilient_pool_runtime.py", line 362, in handle
    header, payload = recv_frame(self.rfile,
                      ^^^^^^^^^^^^^^^^^^^^^^
  File "/lustre/orion/bif148/scratch/erikgarrison/emender/.wg-worktrees/agent-1263/ndm/resilient_node_transport.py", line 115, in recv_frame
    payload = _recv_exact(stream, payload_size)
              ^^^^^^^^^^^^^^^^^^^^^^^^^^^^^^^^^
  File "/lustre/orion/bif148/scratch/erikgarrison/emender/.wg-worktrees/agent-1263/ndm/resilient_node_transport.py", line 89, in _recv_exact
    raise EOFError("peer closed framed transport")
EOFError: peer closed framed transport

During handling of the above exception, another exception occurred:

Traceback (most recent call last):
  File "/lustre/orion/bif148/scratch/erikgarrison/emender/.envs/olcf-rocm711-torch210-py312/lib/python3.12/socketserver.py", line 697, in process_request_thread
    self.finish_request(request, client_address)
  File "/lustre/orion/bif148/scratch/erikgarrison/emender/.envs/olcf-rocm711-torch210-py312/lib/python3.12/socketserver.py", line 362, in finish_request
    self.RequestHandlerClass(request, client_address, self)
  File "/lustre/orion/bif148/scratch/erikgarrison/emender/.envs/olcf-rocm711-torch210-py312/lib/python3.12/socketserver.py", line 766, in __init__
    self.handle()
  File "/lustre/orion/bif148/scratch/erikgarrison/emender/.wg-worktrees/agent-1263/ndm/resilient_pool_runtime.py", line 367, in handle
    send_frame(self.wfile, {"op": "error", "error": str(error)})
  File "/lustre/orion/bif148/scratch/erikgarrison/emender/.wg-worktrees/agent-1263/ndm/resilient_node_transport.py", line 102, in send_frame
    stream.write(encoded)
  File "/lustre/orion/bif148/scratch/erikgarrison/emender/.envs/olcf-rocm711-torch210-py312/lib/python3.12/socketserver.py", line 845, in write
    self._sock.sendall(b)
BrokenPipeError: [Errno 32] Broken pipe
----------------------------------------
----------------------------------------
Exception occurred during processing of request from ('10.128.10.16', 51056)
Traceback (most recent call last):
  File "/lustre/orion/bif148/scratch/erikgarrison/emender/.wg-worktrees/agent-1263/ndm/resilient_pool_runtime.py", line 362, in handle
    header, payload = recv_frame(self.rfile,
                      ^^^^^^^^^^^^^^^^^^^^^^
  File "/lustre/orion/bif148/scratch/erikgarrison/emender/.wg-worktrees/agent-1263/ndm/resilient_node_transport.py", line 115, in recv_frame
    payload = _recv_exact(stream, payload_size)
              ^^^^^^^^^^^^^^^^^^^^^^^^^^^^^^^^^
  File "/lustre/orion/bif148/scratch/erikgarrison/emender/.wg-worktrees/agent-1263/ndm/resilient_node_transport.py", line 89, in _recv_exact
    raise EOFError("peer closed framed transport")
EOFError: peer closed framed transport

During handling of the above exception, another exception occurred:

Traceback (most recent call last):
  File "/lustre/orion/bif148/scratch/erikgarrison/emender/.envs/olcf-rocm711-torch210-py312/lib/python3.12/socketserver.py", line 697, in process_request_thread
    self.finish_request(request, client_address)
  File "/lustre/orion/bif148/scratch/erikgarrison/emender/.envs/olcf-rocm711-torch210-py312/lib/python3.12/socketserver.py", line 362, in finish_request
    self.RequestHandlerClass(request, client_address, self)
  File "/lustre/orion/bif148/scratch/erikgarrison/emender/.envs/olcf-rocm711-torch210-py312/lib/python3.12/socketserver.py", line 766, in __init__
    self.handle()
  File "/lustre/orion/bif148/scratch/erikgarrison/emender/.wg-worktrees/agent-1263/ndm/resilient_pool_runtime.py", line 367, in handle
    send_frame(self.wfile, {"op": "error", "error": str(error)})
  File "/lustre/orion/bif148/scratch/erikgarrison/emender/.wg-worktrees/agent-1263/ndm/resilient_node_transport.py", line 102, in send_frame
    stream.write(encoded)
  File "/lustre/orion/bif148/scratch/erikgarrison/emender/.envs/olcf-rocm711-torch210-py312/lib/python3.12/socketserver.py", line 845, in write
    self._sock.sendall(b)
BrokenPipeError: [Errno 32] Broken pipe
----------------------------------------
----------------------------------------
Exception occurred during processing of request from ('10.128.10.16', 51068)
Traceback (most recent call last):
  File "/lustre/orion/bif148/scratch/erikgarrison/emender/.wg-worktrees/agent-1263/ndm/resilient_pool_runtime.py", line 362, in handle
    header, payload = recv_frame(self.rfile,
                      ^^^^^^^^^^^^^^^^^^^^^^
  File "/lustre/orion/bif148/scratch/erikgarrison/emender/.wg-worktrees/agent-1263/ndm/resilient_node_transport.py", line 115, in recv_frame
    payload = _recv_exact(stream, payload_size)
              ^^^^^^^^^^^^^^^^^^^^^^^^^^^^^^^^^
  File "/lustre/orion/bif148/scratch/erikgarrison/emender/.wg-worktrees/agent-1263/ndm/resilient_node_transport.py", line 89, in _recv_exact
    raise EOFError("peer closed framed transport")
EOFError: peer closed framed transport

During handling of the above exception, another exception occurred:

Traceback (most recent call last):
  File "/lustre/orion/bif148/scratch/erikgarrison/emender/.envs/olcf-rocm711-torch210-py312/lib/python3.12/socketserver.py", line 697, in process_request_thread
    self.finish_request(request, client_address)
  File "/lustre/orion/bif148/scratch/erikgarrison/emender/.envs/olcf-rocm711-torch210-py312/lib/python3.12/socketserver.py", line 362, in finish_request
    self.RequestHandlerClass(request, client_address, self)
  File "/lustre/orion/bif148/scratch/erikgarrison/emender/.envs/olcf-rocm711-torch210-py312/lib/python3.12/socketserver.py", line 766, in __init__
    self.handle()
  File "/lustre/orion/bif148/scratch/erikgarrison/emender/.wg-worktrees/agent-1263/ndm/resilient_pool_runtime.py", line 367, in handle
    send_frame(self.wfile, {"op": "error", "error": str(error)})
  File "/lustre/orion/bif148/scratch/erikgarrison/emender/.wg-worktrees/agent-1263/ndm/resilient_node_transport.py", line 102, in send_frame
    stream.write(encoded)
  File "/lustre/orion/bif148/scratch/erikgarrison/emender/.envs/olcf-rocm711-torch210-py312/lib/python3.12/socketserver.py", line 845, in write
    self._sock.sendall(b)
BrokenPipeError: [Errno 32] Broken pipe
----------------------------------------
----------------------------------------
Exception occurred during processing of request from ('10.128.10.16', 51084)
Traceback (most recent call last):
  File "/lustre/orion/bif148/scratch/erikgarrison/emender/.wg-worktrees/agent-1263/ndm/resilient_pool_runtime.py", line 362, in handle
    header, payload = recv_frame(self.rfile,
                      ^^^^^^^^^^^^^^^^^^^^^^
  File "/lustre/orion/bif148/scratch/erikgarrison/emender/.wg-worktrees/agent-1263/ndm/resilient_node_transport.py", line 115, in recv_frame
    payload = _recv_exact(stream, payload_size)
              ^^^^^^^^^^^^^^^^^^^^^^^^^^^^^^^^^
  File "/lustre/orion/bif148/scratch/erikgarrison/emender/.wg-worktrees/agent-1263/ndm/resilient_node_transport.py", line 89, in _recv_exact
    raise EOFError("peer closed framed transport")
EOFError: peer closed framed transport

During handling of the above exception, another exception occurred:

Traceback (most recent call last):
  File "/lustre/orion/bif148/scratch/erikgarrison/emender/.envs/olcf-rocm711-torch210-py312/lib/python3.12/socketserver.py", line 697, in process_request_thread
    self.finish_request(request, client_address)
  File "/lustre/orion/bif148/scratch/erikgarrison/emender/.envs/olcf-rocm711-torch210-py312/lib/python3.12/socketserver.py", line 362, in finish_request
    self.RequestHandlerClass(request, client_address, self)
  File "/lustre/orion/bif148/scratch/erikgarrison/emender/.envs/olcf-rocm711-torch210-py312/lib/python3.12/socketserver.py", line 766, in __init__
    self.handle()
  File "/lustre/orion/bif148/scratch/erikgarrison/emender/.wg-worktrees/agent-1263/ndm/resilient_pool_runtime.py", line 367, in handle
    send_frame(self.wfile, {"op": "error", "error": str(error)})
  File "/lustre/orion/bif148/scratch/erikgarrison/emender/.wg-worktrees/agent-1263/ndm/resilient_node_transport.py", line 102, in send_frame
    stream.write(encoded)
  File "/lustre/orion/bif148/scratch/erikgarrison/emender/.envs/olcf-rocm711-torch210-py312/lib/python3.12/socketserver.py", line 845, in write
    self._sock.sendall(b)
BrokenPipeError: [Errno 32] Broken pipe
----------------------------------------
----------------------------------------
Exception occurred during processing of request from ('10.128.10.16', 51094)
Traceback (most recent call last):
  File "/lustre/orion/bif148/scratch/erikgarrison/emender/.wg-worktrees/agent-1263/ndm/resilient_pool_runtime.py", line 362, in handle
    header, payload = recv_frame(self.rfile,
                      ^^^^^^^^^^^^^^^^^^^^^^
  File "/lustre/orion/bif148/scratch/erikgarrison/emender/.wg-worktrees/agent-1263/ndm/resilient_node_transport.py", line 115, in recv_frame
    payload = _recv_exact(stream, payload_size)
              ^^^^^^^^^^^^^^^^^^^^^^^^^^^^^^^^^
  File "/lustre/orion/bif148/scratch/erikgarrison/emender/.wg-worktrees/agent-1263/ndm/resilient_node_transport.py", line 89, in _recv_exact
    raise EOFError("peer closed framed transport")
EOFError: peer closed framed transport

During handling of the above exception, another exception occurred:

Traceback (most recent call last):
  File "/lustre/orion/bif148/scratch/erikgarrison/emender/.envs/olcf-rocm711-torch210-py312/lib/python3.12/socketserver.py", line 697, in process_request_thread
    self.finish_request(request, client_address)
  File "/lustre/orion/bif148/scratch/erikgarrison/emender/.envs/olcf-rocm711-torch210-py312/lib/python3.12/socketserver.py", line 362, in finish_request
    self.RequestHandlerClass(request, client_address, self)
  File "/lustre/orion/bif148/scratch/erikgarrison/emender/.envs/olcf-rocm711-torch210-py312/lib/python3.12/socketserver.py", line 766, in __init__
    self.handle()
  File "/lustre/orion/bif148/scratch/erikgarrison/emender/.wg-worktrees/agent-1263/ndm/resilient_pool_runtime.py", line 367, in handle
    send_frame(self.wfile, {"op": "error", "error": str(error)})
  File "/lustre/orion/bif148/scratch/erikgarrison/emender/.wg-worktrees/agent-1263/ndm/resilient_node_transport.py", line 102, in send_frame
    stream.write(encoded)
  File "/lustre/orion/bif148/scratch/erikgarrison/emender/.envs/olcf-rocm711-torch210-py312/lib/python3.12/socketserver.py", line 845, in write
    self._sock.sendall(b)
BrokenPipeError: [Errno 32] Broken pipe
----------------------------------------
----------------------------------------
Exception occurred during processing of request from ('10.128.10.16', 51104)
Traceback (most recent call last):
  File "/lustre/orion/bif148/scratch/erikgarrison/emender/.wg-worktrees/agent-1263/ndm/resilient_pool_runtime.py", line 362, in handle
    header, payload = recv_frame(self.rfile,
                      ^^^^^^^^^^^^^^^^^^^^^^
  File "/lustre/orion/bif148/scratch/erikgarrison/emender/.wg-worktrees/agent-1263/ndm/resilient_node_transport.py", line 115, in recv_frame
    payload = _recv_exact(stream, payload_size)
              ^^^^^^^^^^^^^^^^^^^^^^^^^^^^^^^^^
  File "/lustre/orion/bif148/scratch/erikgarrison/emender/.wg-worktrees/agent-1263/ndm/resilient_node_transport.py", line 89, in _recv_exact
    raise EOFError("peer closed framed transport")
EOFError: peer closed framed transport

During handling of the above exception, another exception occurred:

Traceback (most recent call last):
  File "/lustre/orion/bif148/scratch/erikgarrison/emender/.envs/olcf-rocm711-torch210-py312/lib/python3.12/socketserver.py", line 697, in process_request_thread
    self.finish_request(request, client_address)
  File "/lustre/orion/bif148/scratch/erikgarrison/emender/.envs/olcf-rocm711-torch210-py312/lib/python3.12/socketserver.py", line 362, in finish_request
    self.RequestHandlerClass(request, client_address, self)
  File "/lustre/orion/bif148/scratch/erikgarrison/emender/.envs/olcf-rocm711-torch210-py312/lib/python3.12/socketserver.py", line 766, in __init__
    self.handle()
  File "/lustre/orion/bif148/scratch/erikgarrison/emender/.wg-worktrees/agent-1263/ndm/resilient_pool_runtime.py", line 367, in handle
    send_frame(self.wfile, {"op": "error", "error": str(error)})
  File "/lustre/orion/bif148/scratch/erikgarrison/emender/.wg-worktrees/agent-1263/ndm/resilient_node_transport.py", line 102, in send_frame
    stream.write(encoded)
  File "/lustre/orion/bif148/scratch/erikgarrison/emender/.envs/olcf-rocm711-torch210-py312/lib/python3.12/socketserver.py", line 845, in write
    self._sock.sendall(b)
BrokenPipeError: [Errno 32] Broken pipe
----------------------------------------
----------------------------------------
Exception occurred during processing of request from ('10.128.10.16', 51108)
Traceback (most recent call last):
  File "/lustre/orion/bif148/scratch/erikgarrison/emender/.wg-worktrees/agent-1263/ndm/resilient_pool_runtime.py", line 362, in handle
    header, payload = recv_frame(self.rfile,
                      ^^^^^^^^^^^^^^^^^^^^^^
  File "/lustre/orion/bif148/scratch/erikgarrison/emender/.wg-worktrees/agent-1263/ndm/resilient_node_transport.py", line 115, in recv_frame
    payload = _recv_exact(stream, payload_size)
              ^^^^^^^^^^^^^^^^^^^^^^^^^^^^^^^^^
  File "/lustre/orion/bif148/scratch/erikgarrison/emender/.wg-worktrees/agent-1263/ndm/resilient_node_transport.py", line 89, in _recv_exact
    raise EOFError("peer closed framed transport")
EOFError: peer closed framed transport

During handling of the above exception, another exception occurred:

Traceback (most recent call last):
  File "/lustre/orion/bif148/scratch/erikgarrison/emender/.envs/olcf-rocm711-torch210-py312/lib/python3.12/socketserver.py", line 697, in process_request_thread
    self.finish_request(request, client_address)
  File "/lustre/orion/bif148/scratch/erikgarrison/emender/.envs/olcf-rocm711-torch210-py312/lib/python3.12/socketserver.py", line 362, in finish_request
    self.RequestHandlerClass(request, client_address, self)
  File "/lustre/orion/bif148/scratch/erikgarrison/emender/.envs/olcf-rocm711-torch210-py312/lib/python3.12/socketserver.py", line 766, in __init__
    self.handle()
  File "/lustre/orion/bif148/scratch/erikgarrison/emender/.wg-worktrees/agent-1263/ndm/resilient_pool_runtime.py", line 367, in handle
    send_frame(self.wfile, {"op": "error", "error": str(error)})
  File "/lustre/orion/bif148/scratch/erikgarrison/emender/.wg-worktrees/agent-1263/ndm/resilient_node_transport.py", line 102, in send_frame
    stream.write(encoded)
  File "/lustre/orion/bif148/scratch/erikgarrison/emender/.envs/olcf-rocm711-torch210-py312/lib/python3.12/socketserver.py", line 845, in write
    self._sock.sendall(b)
BrokenPipeError: [Errno 32] Broken pipe
----------------------------------------
----------------------------------------
Exception occurred during processing of request from ('10.128.10.16', 51110)
Traceback (most recent call last):
  File "/lustre/orion/bif148/scratch/erikgarrison/emender/.wg-worktrees/agent-1263/ndm/resilient_pool_runtime.py", line 362, in handle
    header, payload = recv_frame(self.rfile,
                      ^^^^^^^^^^^^^^^^^^^^^^
  File "/lustre/orion/bif148/scratch/erikgarrison/emender/.wg-worktrees/agent-1263/ndm/resilient_node_transport.py", line 115, in recv_frame
    payload = _recv_exact(stream, payload_size)
              ^^^^^^^^^^^^^^^^^^^^^^^^^^^^^^^^^
  File "/lustre/orion/bif148/scratch/erikgarrison/emender/.wg-worktrees/agent-1263/ndm/resilient_node_transport.py", line 89, in _recv_exact
    raise EOFError("peer closed framed transport")
EOFError: peer closed framed transport

During handling of the above exception, another exception occurred:

Traceback (most recent call last):
  File "/lustre/orion/bif148/scratch/erikgarrison/emender/.envs/olcf-rocm711-torch210-py312/lib/python3.12/socketserver.py", line 697, in process_request_thread
    self.finish_request(request, client_address)
  File "/lustre/orion/bif148/scratch/erikgarrison/emender/.envs/olcf-rocm711-torch210-py312/lib/python3.12/socketserver.py", line 362, in finish_request
    self.RequestHandlerClass(request, client_address, self)
  File "/lustre/orion/bif148/scratch/erikgarrison/emender/.envs/olcf-rocm711-torch210-py312/lib/python3.12/socketserver.py", line 766, in __init__
    self.handle()
  File "/lustre/orion/bif148/scratch/erikgarrison/emender/.wg-worktrees/agent-1263/ndm/resilient_pool_runtime.py", line 367, in handle
    send_frame(self.wfile, {"op": "error", "error": str(error)})
  File "/lustre/orion/bif148/scratch/erikgarrison/emender/.wg-worktrees/agent-1263/ndm/resilient_node_transport.py", line 102, in send_frame
    stream.write(encoded)
  File "/lustre/orion/bif148/scratch/erikgarrison/emender/.envs/olcf-rocm711-torch210-py312/lib/python3.12/socketserver.py", line 845, in write
    self._sock.sendall(b)
BrokenPipeError: [Errno 32] Broken pipe
----------------------------------------
----------------------------------------
Exception occurred during processing of request from ('10.128.10.16', 51112)
Traceback (most recent call last):
  File "/lustre/orion/bif148/scratch/erikgarrison/emender/.wg-worktrees/agent-1263/ndm/resilient_pool_runtime.py", line 362, in handle
    header, payload = recv_frame(self.rfile,
                      ^^^^^^^^^^^^^^^^^^^^^^
  File "/lustre/orion/bif148/scratch/erikgarrison/emender/.wg-worktrees/agent-1263/ndm/resilient_node_transport.py", line 115, in recv_frame
    payload = _recv_exact(stream, payload_size)
              ^^^^^^^^^^^^^^^^^^^^^^^^^^^^^^^^^
  File "/lustre/orion/bif148/scratch/erikgarrison/emender/.wg-worktrees/agent-1263/ndm/resilient_node_transport.py", line 89, in _recv_exact
    raise EOFError("peer closed framed transport")
EOFError: peer closed framed transport

During handling of the above exception, another exception occurred:

Traceback (most recent call last):
  File "/lustre/orion/bif148/scratch/erikgarrison/emender/.envs/olcf-rocm711-torch210-py312/lib/python3.12/socketserver.py", line 697, in process_request_thread
    self.finish_request(request, client_address)
  File "/lustre/orion/bif148/scratch/erikgarrison/emender/.envs/olcf-rocm711-torch210-py312/lib/python3.12/socketserver.py", line 362, in finish_request
    self.RequestHandlerClass(request, client_address, self)
  File "/lustre/orion/bif148/scratch/erikgarrison/emender/.envs/olcf-rocm711-torch210-py312/lib/python3.12/socketserver.py", line 766, in __init__
    self.handle()
  File "/lustre/orion/bif148/scratch/erikgarrison/emender/.wg-worktrees/agent-1263/ndm/resilient_pool_runtime.py", line 367, in handle
    send_frame(self.wfile, {"op": "error", "error": str(error)})
  File "/lustre/orion/bif148/scratch/erikgarrison/emender/.wg-worktrees/agent-1263/ndm/resilient_node_transport.py", line 102, in send_frame
    stream.write(encoded)
  File "/lustre/orion/bif148/scratch/erikgarrison/emender/.envs/olcf-rocm711-torch210-py312/lib/python3.12/socketserver.py", line 845, in write
    self._sock.sendall(b)
BrokenPipeError: [Errno 32] Broken pipe
----------------------------------------
----------------------------------------
Exception occurred during processing of request from ('10.128.10.16', 51114)
Traceback (most recent call last):
  File "/lustre/orion/bif148/scratch/erikgarrison/emender/.wg-worktrees/agent-1263/ndm/resilient_pool_runtime.py", line 362, in handle
    header, payload = recv_frame(self.rfile,
                      ^^^^^^^^^^^^^^^^^^^^^^
  File "/lustre/orion/bif148/scratch/erikgarrison/emender/.wg-worktrees/agent-1263/ndm/resilient_node_transport.py", line 115, in recv_frame
    payload = _recv_exact(stream, payload_size)
              ^^^^^^^^^^^^^^^^^^^^^^^^^^^^^^^^^
  File "/lustre/orion/bif148/scratch/erikgarrison/emender/.wg-worktrees/agent-1263/ndm/resilient_node_transport.py", line 89, in _recv_exact
    raise EOFError("peer closed framed transport")
EOFError: peer closed framed transport

During handling of the above exception, another exception occurred:

Traceback (most recent call last):
  File "/lustre/orion/bif148/scratch/erikgarrison/emender/.envs/olcf-rocm711-torch210-py312/lib/python3.12/socketserver.py", line 697, in process_request_thread
    self.finish_request(request, client_address)
  File "/lustre/orion/bif148/scratch/erikgarrison/emender/.envs/olcf-rocm711-torch210-py312/lib/python3.12/socketserver.py", line 362, in finish_request
    self.RequestHandlerClass(request, client_address, self)
  File "/lustre/orion/bif148/scratch/erikgarrison/emender/.envs/olcf-rocm711-torch210-py312/lib/python3.12/socketserver.py", line 766, in __init__
    self.handle()
  File "/lustre/orion/bif148/scratch/erikgarrison/emender/.wg-worktrees/agent-1263/ndm/resilient_pool_runtime.py", line 367, in handle
    send_frame(self.wfile, {"op": "error", "error": str(error)})
  File "/lustre/orion/bif148/scratch/erikgarrison/emender/.wg-worktrees/agent-1263/ndm/resilient_node_transport.py", line 102, in send_frame
    stream.write(encoded)
  File "/lustre/orion/bif148/scratch/erikgarrison/emender/.envs/olcf-rocm711-torch210-py312/lib/python3.12/socketserver.py", line 845, in write
    self._sock.sendall(b)
BrokenPipeError: [Errno 32] Broken pipe
----------------------------------------
----------------------------------------
Exception occurred during processing of request from ('10.128.10.16', 55974)
Traceback (most recent call last):
  File "/lustre/orion/bif148/scratch/erikgarrison/emender/.wg-worktrees/agent-1263/ndm/resilient_pool_runtime.py", line 362, in handle
    header, payload = recv_frame(self.rfile,
                      ^^^^^^^^^^^^^^^^^^^^^^
  File "/lustre/orion/bif148/scratch/erikgarrison/emender/.wg-worktrees/agent-1263/ndm/resilient_node_transport.py", line 115, in recv_frame
    payload = _recv_exact(stream, payload_size)
              ^^^^^^^^^^^^^^^^^^^^^^^^^^^^^^^^^
  File "/lustre/orion/bif148/scratch/erikgarrison/emender/.wg-worktrees/agent-1263/ndm/resilient_node_transport.py", line 89, in _recv_exact
    raise EOFError("peer closed framed transport")
EOFError: peer closed framed transport

During handling of the above exception, another exception occurred:

Traceback (most recent call last):
  File "/lustre/orion/bif148/scratch/erikgarrison/emender/.envs/olcf-rocm711-torch210-py312/lib/python3.12/socketserver.py", line 697, in process_request_thread
    self.finish_request(request, client_address)
  File "/lustre/orion/bif148/scratch/erikgarrison/emender/.envs/olcf-rocm711-torch210-py312/lib/python3.12/socketserver.py", line 362, in finish_request
    self.RequestHandlerClass(request, client_address, self)
  File "/lustre/orion/bif148/scratch/erikgarrison/emender/.envs/olcf-rocm711-torch210-py312/lib/python3.12/socketserver.py", line 766, in __init__
    self.handle()
  File "/lustre/orion/bif148/scratch/erikgarrison/emender/.wg-worktrees/agent-1263/ndm/resilient_pool_runtime.py", line 367, in handle
    send_frame(self.wfile, {"op": "error", "error": str(error)})
  File "/lustre/orion/bif148/scratch/erikgarrison/emender/.wg-worktrees/agent-1263/ndm/resilient_node_transport.py", line 102, in send_frame
    stream.write(encoded)
  File "/lustre/orion/bif148/scratch/erikgarrison/emender/.envs/olcf-rocm711-torch210-py312/lib/python3.12/socketserver.py", line 845, in write
    self._sock.sendall(b)
BrokenPipeError: [Errno 32] Broken pipe
----------------------------------------
----------------------------------------
Exception occurred during processing of request from ('10.128.10.16', 55986)
Traceback (most recent call last):
  File "/lustre/orion/bif148/scratch/erikgarrison/emender/.wg-worktrees/agent-1263/ndm/resilient_pool_runtime.py", line 362, in handle
    header, payload = recv_frame(self.rfile,
                      ^^^^^^^^^^^^^^^^^^^^^^
  File "/lustre/orion/bif148/scratch/erikgarrison/emender/.wg-worktrees/agent-1263/ndm/resilient_node_transport.py", line 115, in recv_frame
    payload = _recv_exact(stream, payload_size)
              ^^^^^^^^^^^^^^^^^^^^^^^^^^^^^^^^^
  File "/lustre/orion/bif148/scratch/erikgarrison/emender/.wg-worktrees/agent-1263/ndm/resilient_node_transport.py", line 89, in _recv_exact
    raise EOFError("peer closed framed transport")
EOFError: peer closed framed transport

During handling of the above exception, another exception occurred:

Traceback (most recent call last):
  File "/lustre/orion/bif148/scratch/erikgarrison/emender/.envs/olcf-rocm711-torch210-py312/lib/python3.12/socketserver.py", line 697, in process_request_thread
    self.finish_request(request, client_address)
  File "/lustre/orion/bif148/scratch/erikgarrison/emender/.envs/olcf-rocm711-torch210-py312/lib/python3.12/socketserver.py", line 362, in finish_request
    self.RequestHandlerClass(request, client_address, self)
  File "/lustre/orion/bif148/scratch/erikgarrison/emender/.envs/olcf-rocm711-torch210-py312/lib/python3.12/socketserver.py", line 766, in __init__
    self.handle()
  File "/lustre/orion/bif148/scratch/erikgarrison/emender/.wg-worktrees/agent-1263/ndm/resilient_pool_runtime.py", line 367, in handle
    send_frame(self.wfile, {"op": "error", "error": str(error)})
  File "/lustre/orion/bif148/scratch/erikgarrison/emender/.wg-worktrees/agent-1263/ndm/resilient_node_transport.py", line 102, in send_frame
    stream.write(encoded)
  File "/lustre/orion/bif148/scratch/erikgarrison/emender/.envs/olcf-rocm711-torch210-py312/lib/python3.12/socketserver.py", line 845, in write
    self._sock.sendall(b)
BrokenPipeError: [Errno 32] Broken pipe
----------------------------------------
----------------------------------------
Exception occurred during processing of request from ('10.128.10.16', 55998)
Traceback (most recent call last):
  File "/lustre/orion/bif148/scratch/erikgarrison/emender/.wg-worktrees/agent-1263/ndm/resilient_pool_runtime.py", line 362, in handle
    header, payload = recv_frame(self.rfile,
                      ^^^^^^^^^^^^^^^^^^^^^^
  File "/lustre/orion/bif148/scratch/erikgarrison/emender/.wg-worktrees/agent-1263/ndm/resilient_node_transport.py", line 115, in recv_frame
    payload = _recv_exact(stream, payload_size)
              ^^^^^^^^^^^^^^^^^^^^^^^^^^^^^^^^^
  File "/lustre/orion/bif148/scratch/erikgarrison/emender/.wg-worktrees/agent-1263/ndm/resilient_node_transport.py", line 89, in _recv_exact
    raise EOFError("peer closed framed transport")
EOFError: peer closed framed transport

During handling of the above exception, another exception occurred:

Traceback (most recent call last):
  File "/lustre/orion/bif148/scratch/erikgarrison/emender/.envs/olcf-rocm711-torch210-py312/lib/python3.12/socketserver.py", line 697, in process_request_thread
    self.finish_request(request, client_address)
  File "/lustre/orion/bif148/scratch/erikgarrison/emender/.envs/olcf-rocm711-torch210-py312/lib/python3.12/socketserver.py", line 362, in finish_request
    self.RequestHandlerClass(request, client_address, self)
  File "/lustre/orion/bif148/scratch/erikgarrison/emender/.envs/olcf-rocm711-torch210-py312/lib/python3.12/socketserver.py", line 766, in __init__
    self.handle()
  File "/lustre/orion/bif148/scratch/erikgarrison/emender/.wg-worktrees/agent-1263/ndm/resilient_pool_runtime.py", line 367, in handle
    send_frame(self.wfile, {"op": "error", "error": str(error)})
  File "/lustre/orion/bif148/scratch/erikgarrison/emender/.wg-worktrees/agent-1263/ndm/resilient_node_transport.py", line 102, in send_frame
    stream.write(encoded)
  File "/lustre/orion/bif148/scratch/erikgarrison/emender/.envs/olcf-rocm711-torch210-py312/lib/python3.12/socketserver.py", line 845, in write
    self._sock.sendall(b)
BrokenPipeError: [Errno 32] Broken pipe
----------------------------------------
----------------------------------------
Exception occurred during processing of request from ('10.128.10.16', 56002)
Traceback (most recent call last):
  File "/lustre/orion/bif148/scratch/erikgarrison/emender/.wg-worktrees/agent-1263/ndm/resilient_pool_runtime.py", line 362, in handle
    header, payload = recv_frame(self.rfile,
                      ^^^^^^^^^^^^^^^^^^^^^^
  File "/lustre/orion/bif148/scratch/erikgarrison/emender/.wg-worktrees/agent-1263/ndm/resilient_node_transport.py", line 115, in recv_frame
    payload = _recv_exact(stream, payload_size)
              ^^^^^^^^^^^^^^^^^^^^^^^^^^^^^^^^^
  File "/lustre/orion/bif148/scratch/erikgarrison/emender/.wg-worktrees/agent-1263/ndm/resilient_node_transport.py", line 89, in _recv_exact
    raise EOFError("peer closed framed transport")
EOFError: peer closed framed transport

During handling of the above exception, another exception occurred:

Traceback (most recent call last):
  File "/lustre/orion/bif148/scratch/erikgarrison/emender/.envs/olcf-rocm711-torch210-py312/lib/python3.12/socketserver.py", line 697, in process_request_thread
    self.finish_request(request, client_address)
  File "/lustre/orion/bif148/scratch/erikgarrison/emender/.envs/olcf-rocm711-torch210-py312/lib/python3.12/socketserver.py", line 362, in finish_request
    self.RequestHandlerClass(request, client_address, self)
  File "/lustre/orion/bif148/scratch/erikgarrison/emender/.envs/olcf-rocm711-torch210-py312/lib/python3.12/socketserver.py", line 766, in __init__
    self.handle()
  File "/lustre/orion/bif148/scratch/erikgarrison/emender/.wg-worktrees/agent-1263/ndm/resilient_pool_runtime.py", line 367, in handle
    send_frame(self.wfile, {"op": "error", "error": str(error)})
  File "/lustre/orion/bif148/scratch/erikgarrison/emender/.wg-worktrees/agent-1263/ndm/resilient_node_transport.py", line 102, in send_frame
    stream.write(encoded)
  File "/lustre/orion/bif148/scratch/erikgarrison/emender/.envs/olcf-rocm711-torch210-py312/lib/python3.12/socketserver.py", line 845, in write
    self._sock.sendall(b)
BrokenPipeError: [Errno 32] Broken pipe
----------------------------------------
----------------------------------------
Exception occurred during processing of request from ('10.128.10.16', 56010)
Traceback (most recent call last):
  File "/lustre/orion/bif148/scratch/erikgarrison/emender/.wg-worktrees/agent-1263/ndm/resilient_pool_runtime.py", line 362, in handle
    header, payload = recv_frame(self.rfile,
                      ^^^^^^^^^^^^^^^^^^^^^^
  File "/lustre/orion/bif148/scratch/erikgarrison/emender/.wg-worktrees/agent-1263/ndm/resilient_node_transport.py", line 115, in recv_frame
    payload = _recv_exact(stream, payload_size)
              ^^^^^^^^^^^^^^^^^^^^^^^^^^^^^^^^^
  File "/lustre/orion/bif148/scratch/erikgarrison/emender/.wg-worktrees/agent-1263/ndm/resilient_node_transport.py", line 89, in _recv_exact
    raise EOFError("peer closed framed transport")
EOFError: peer closed framed transport

During handling of the above exception, another exception occurred:

Traceback (most recent call last):
  File "/lustre/orion/bif148/scratch/erikgarrison/emender/.envs/olcf-rocm711-torch210-py312/lib/python3.12/socketserver.py", line 697, in process_request_thread
    self.finish_request(request, client_address)
  File "/lustre/orion/bif148/scratch/erikgarrison/emender/.envs/olcf-rocm711-torch210-py312/lib/python3.12/socketserver.py", line 362, in finish_request
    self.RequestHandlerClass(request, client_address, self)
  File "/lustre/orion/bif148/scratch/erikgarrison/emender/.envs/olcf-rocm711-torch210-py312/lib/python3.12/socketserver.py", line 766, in __init__
    self.handle()
  File "/lustre/orion/bif148/scratch/erikgarrison/emender/.wg-worktrees/agent-1263/ndm/resilient_pool_runtime.py", line 367, in handle
    send_frame(self.wfile, {"op": "error", "error": str(error)})
  File "/lustre/orion/bif148/scratch/erikgarrison/emender/.wg-worktrees/agent-1263/ndm/resilient_node_transport.py", line 102, in send_frame
    stream.write(encoded)
  File "/lustre/orion/bif148/scratch/erikgarrison/emender/.envs/olcf-rocm711-torch210-py312/lib/python3.12/socketserver.py", line 845, in write
    self._sock.sendall(b)
BrokenPipeError: [Errno 32] Broken pipe
----------------------------------------
----------------------------------------
Exception occurred during processing of request from ('10.128.10.16', 56022)
Traceback (most recent call last):
  File "/lustre/orion/bif148/scratch/erikgarrison/emender/.wg-worktrees/agent-1263/ndm/resilient_pool_runtime.py", line 362, in handle
    header, payload = recv_frame(self.rfile,
                      ^^^^^^^^^^^^^^^^^^^^^^
  File "/lustre/orion/bif148/scratch/erikgarrison/emender/.wg-worktrees/agent-1263/ndm/resilient_node_transport.py", line 115, in recv_frame
    payload = _recv_exact(stream, payload_size)
              ^^^^^^^^^^^^^^^^^^^^^^^^^^^^^^^^^
  File "/lustre/orion/bif148/scratch/erikgarrison/emender/.wg-worktrees/agent-1263/ndm/resilient_node_transport.py", line 89, in _recv_exact
    raise EOFError("peer closed framed transport")
EOFError: peer closed framed transport

During handling of the above exception, another exception occurred:

Traceback (most recent call last):
  File "/lustre/orion/bif148/scratch/erikgarrison/emender/.envs/olcf-rocm711-torch210-py312/lib/python3.12/socketserver.py", line 697, in process_request_thread
    self.finish_request(request, client_address)
  File "/lustre/orion/bif148/scratch/erikgarrison/emender/.envs/olcf-rocm711-torch210-py312/lib/python3.12/socketserver.py", line 362, in finish_request
    self.RequestHandlerClass(request, client_address, self)
  File "/lustre/orion/bif148/scratch/erikgarrison/emender/.envs/olcf-rocm711-torch210-py312/lib/python3.12/socketserver.py", line 766, in __init__
    self.handle()
  File "/lustre/orion/bif148/scratch/erikgarrison/emender/.wg-worktrees/agent-1263/ndm/resilient_pool_runtime.py", line 367, in handle
    send_frame(self.wfile, {"op": "error", "error": str(error)})
  File "/lustre/orion/bif148/scratch/erikgarrison/emender/.wg-worktrees/agent-1263/ndm/resilient_node_transport.py", line 102, in send_frame
    stream.write(encoded)
  File "/lustre/orion/bif148/scratch/erikgarrison/emender/.envs/olcf-rocm711-torch210-py312/lib/python3.12/socketserver.py", line 845, in write
    self._sock.sendall(b)
BrokenPipeError: [Errno 32] Broken pipe
----------------------------------------
----------------------------------------
Exception occurred during processing of request from ('10.128.10.16', 56038)
Traceback (most recent call last):
  File "/lustre/orion/bif148/scratch/erikgarrison/emender/.wg-worktrees/agent-1263/ndm/resilient_pool_runtime.py", line 362, in handle
    header, payload = recv_frame(self.rfile,
                      ^^^^^^^^^^^^^^^^^^^^^^
  File "/lustre/orion/bif148/scratch/erikgarrison/emender/.wg-worktrees/agent-1263/ndm/resilient_node_transport.py", line 115, in recv_frame
    payload = _recv_exact(stream, payload_size)
              ^^^^^^^^^^^^^^^^^^^^^^^^^^^^^^^^^
  File "/lustre/orion/bif148/scratch/erikgarrison/emender/.wg-worktrees/agent-1263/ndm/resilient_node_transport.py", line 89, in _recv_exact
    raise EOFError("peer closed framed transport")
EOFError: peer closed framed transport

During handling of the above exception, another exception occurred:

Traceback (most recent call last):
  File "/lustre/orion/bif148/scratch/erikgarrison/emender/.envs/olcf-rocm711-torch210-py312/lib/python3.12/socketserver.py", line 697, in process_request_thread
    self.finish_request(request, client_address)
  File "/lustre/orion/bif148/scratch/erikgarrison/emender/.envs/olcf-rocm711-torch210-py312/lib/python3.12/socketserver.py", line 362, in finish_request
    self.RequestHandlerClass(request, client_address, self)
  File "/lustre/orion/bif148/scratch/erikgarrison/emender/.envs/olcf-rocm711-torch210-py312/lib/python3.12/socketserver.py", line 766, in __init__
    self.handle()
  File "/lustre/orion/bif148/scratch/erikgarrison/emender/.wg-worktrees/agent-1263/ndm/resilient_pool_runtime.py", line 367, in handle
    send_frame(self.wfile, {"op": "error", "error": str(error)})
  File "/lustre/orion/bif148/scratch/erikgarrison/emender/.wg-worktrees/agent-1263/ndm/resilient_node_transport.py", line 102, in send_frame
    stream.write(encoded)
  File "/lustre/orion/bif148/scratch/erikgarrison/emender/.envs/olcf-rocm711-torch210-py312/lib/python3.12/socketserver.py", line 845, in write
    self._sock.sendall(b)
BrokenPipeError: [Errno 32] Broken pipe
----------------------------------------
----------------------------------------
Exception occurred during processing of request from ('10.128.10.16', 56050)
Traceback (most recent call last):
  File "/lustre/orion/bif148/scratch/erikgarrison/emender/.wg-worktrees/agent-1263/ndm/resilient_pool_runtime.py", line 362, in handle
    header, payload = recv_frame(self.rfile,
                      ^^^^^^^^^^^^^^^^^^^^^^
  File "/lustre/orion/bif148/scratch/erikgarrison/emender/.wg-worktrees/agent-1263/ndm/resilient_node_transport.py", line 115, in recv_frame
    payload = _recv_exact(stream, payload_size)
              ^^^^^^^^^^^^^^^^^^^^^^^^^^^^^^^^^
  File "/lustre/orion/bif148/scratch/erikgarrison/emender/.wg-worktrees/agent-1263/ndm/resilient_node_transport.py", line 89, in _recv_exact
    raise EOFError("peer closed framed transport")
EOFError: peer closed framed transport

During handling of the above exception, another exception occurred:

Traceback (most recent call last):
  File "/lustre/orion/bif148/scratch/erikgarrison/emender/.envs/olcf-rocm711-torch210-py312/lib/python3.12/socketserver.py", line 697, in process_request_thread
    self.finish_request(request, client_address)
  File "/lustre/orion/bif148/scratch/erikgarrison/emender/.envs/olcf-rocm711-torch210-py312/lib/python3.12/socketserver.py", line 362, in finish_request
    self.RequestHandlerClass(request, client_address, self)
  File "/lustre/orion/bif148/scratch/erikgarrison/emender/.envs/olcf-rocm711-torch210-py312/lib/python3.12/socketserver.py", line 766, in __init__
    self.handle()
  File "/lustre/orion/bif148/scratch/erikgarrison/emender/.wg-worktrees/agent-1263/ndm/resilient_pool_runtime.py", line 367, in handle
    send_frame(self.wfile, {"op": "error", "error": str(error)})
  File "/lustre/orion/bif148/scratch/erikgarrison/emender/.wg-worktrees/agent-1263/ndm/resilient_node_transport.py", line 102, in send_frame
    stream.write(encoded)
  File "/lustre/orion/bif148/scratch/erikgarrison/emender/.envs/olcf-rocm711-torch210-py312/lib/python3.12/socketserver.py", line 845, in write
    self._sock.sendall(b)
BrokenPipeError: [Errno 32] Broken pipe
----------------------------------------
----------------------------------------
Exception occurred during processing of request from ('10.128.10.16', 56058)
Traceback (most recent call last):
  File "/lustre/orion/bif148/scratch/erikgarrison/emender/.wg-worktrees/agent-1263/ndm/resilient_pool_runtime.py", line 362, in handle
    header, payload = recv_frame(self.rfile,
                      ^^^^^^^^^^^^^^^^^^^^^^
  File "/lustre/orion/bif148/scratch/erikgarrison/emender/.wg-worktrees/agent-1263/ndm/resilient_node_transport.py", line 115, in recv_frame
    payload = _recv_exact(stream, payload_size)
              ^^^^^^^^^^^^^^^^^^^^^^^^^^^^^^^^^
  File "/lustre/orion/bif148/scratch/erikgarrison/emender/.wg-worktrees/agent-1263/ndm/resilient_node_transport.py", line 89, in _recv_exact
    raise EOFError("peer closed framed transport")
EOFError: peer closed framed transport

During handling of the above exception, another exception occurred:

Traceback (most recent call last):
  File "/lustre/orion/bif148/scratch/erikgarrison/emender/.envs/olcf-rocm711-torch210-py312/lib/python3.12/socketserver.py", line 697, in process_request_thread
    self.finish_request(request, client_address)
  File "/lustre/orion/bif148/scratch/erikgarrison/emender/.envs/olcf-rocm711-torch210-py312/lib/python3.12/socketserver.py", line 362, in finish_request
    self.RequestHandlerClass(request, client_address, self)
  File "/lustre/orion/bif148/scratch/erikgarrison/emender/.envs/olcf-rocm711-torch210-py312/lib/python3.12/socketserver.py", line 766, in __init__
    self.handle()
  File "/lustre/orion/bif148/scratch/erikgarrison/emender/.wg-worktrees/agent-1263/ndm/resilient_pool_runtime.py", line 367, in handle
    send_frame(self.wfile, {"op": "error", "error": str(error)})
  File "/lustre/orion/bif148/scratch/erikgarrison/emender/.wg-worktrees/agent-1263/ndm/resilient_node_transport.py", line 102, in send_frame
    stream.write(encoded)
  File "/lustre/orion/bif148/scratch/erikgarrison/emender/.envs/olcf-rocm711-torch210-py312/lib/python3.12/socketserver.py", line 845, in write
    self._sock.sendall(b)
BrokenPipeError: [Errno 32] Broken pipe
----------------------------------------
----------------------------------------
Exception occurred during processing of request from ('10.128.10.16', 56068)
Traceback (most recent call last):
  File "/lustre/orion/bif148/scratch/erikgarrison/emender/.wg-worktrees/agent-1263/ndm/resilient_pool_runtime.py", line 362, in handle
    header, payload = recv_frame(self.rfile,
                      ^^^^^^^^^^^^^^^^^^^^^^
  File "/lustre/orion/bif148/scratch/erikgarrison/emender/.wg-worktrees/agent-1263/ndm/resilient_node_transport.py", line 115, in recv_frame
    payload = _recv_exact(stream, payload_size)
              ^^^^^^^^^^^^^^^^^^^^^^^^^^^^^^^^^
  File "/lustre/orion/bif148/scratch/erikgarrison/emender/.wg-worktrees/agent-1263/ndm/resilient_node_transport.py", line 89, in _recv_exact
    raise EOFError("peer closed framed transport")
EOFError: peer closed framed transport

During handling of the above exception, another exception occurred:

Traceback (most recent call last):
  File "/lustre/orion/bif148/scratch/erikgarrison/emender/.envs/olcf-rocm711-torch210-py312/lib/python3.12/socketserver.py", line 697, in process_request_thread
    self.finish_request(request, client_address)
  File "/lustre/orion/bif148/scratch/erikgarrison/emender/.envs/olcf-rocm711-torch210-py312/lib/python3.12/socketserver.py", line 362, in finish_request
    self.RequestHandlerClass(request, client_address, self)
  File "/lustre/orion/bif148/scratch/erikgarrison/emender/.envs/olcf-rocm711-torch210-py312/lib/python3.12/socketserver.py", line 766, in __init__
    self.handle()
  File "/lustre/orion/bif148/scratch/erikgarrison/emender/.wg-worktrees/agent-1263/ndm/resilient_pool_runtime.py", line 367, in handle
    send_frame(self.wfile, {"op": "error", "error": str(error)})
  File "/lustre/orion/bif148/scratch/erikgarrison/emender/.wg-worktrees/agent-1263/ndm/resilient_node_transport.py", line 102, in send_frame
    stream.write(encoded)
  File "/lustre/orion/bif148/scratch/erikgarrison/emender/.envs/olcf-rocm711-torch210-py312/lib/python3.12/socketserver.py", line 845, in write
    self._sock.sendall(b)
BrokenPipeError: [Errno 32] Broken pipe
----------------------------------------
----------------------------------------
Exception occurred during processing of request from ('10.128.10.16', 59016)
Traceback (most recent call last):
  File "/lustre/orion/bif148/scratch/erikgarrison/emender/.wg-worktrees/agent-1263/ndm/resilient_pool_runtime.py", line 362, in handle
    header, payload = recv_frame(self.rfile,
                      ^^^^^^^^^^^^^^^^^^^^^^
  File "/lustre/orion/bif148/scratch/erikgarrison/emender/.wg-worktrees/agent-1263/ndm/resilient_node_transport.py", line 115, in recv_frame
    payload = _recv_exact(stream, payload_size)
              ^^^^^^^^^^^^^^^^^^^^^^^^^^^^^^^^^
  File "/lustre/orion/bif148/scratch/erikgarrison/emender/.wg-worktrees/agent-1263/ndm/resilient_node_transport.py", line 89, in _recv_exact
    raise EOFError("peer closed framed transport")
EOFError: peer closed framed transport

During handling of the above exception, another exception occurred:

Traceback (most recent call last):
  File "/lustre/orion/bif148/scratch/erikgarrison/emender/.envs/olcf-rocm711-torch210-py312/lib/python3.12/socketserver.py", line 697, in process_request_thread
    self.finish_request(request, client_address)
  File "/lustre/orion/bif148/scratch/erikgarrison/emender/.envs/olcf-rocm711-torch210-py312/lib/python3.12/socketserver.py", line 362, in finish_request
    self.RequestHandlerClass(request, client_address, self)
  File "/lustre/orion/bif148/scratch/erikgarrison/emender/.envs/olcf-rocm711-torch210-py312/lib/python3.12/socketserver.py", line 766, in __init__
    self.handle()
  File "/lustre/orion/bif148/scratch/erikgarrison/emender/.wg-worktrees/agent-1263/ndm/resilient_pool_runtime.py", line 367, in handle
    send_frame(self.wfile, {"op": "error", "error": str(error)})
  File "/lustre/orion/bif148/scratch/erikgarrison/emender/.wg-worktrees/agent-1263/ndm/resilient_node_transport.py", line 102, in send_frame
    stream.write(encoded)
  File "/lustre/orion/bif148/scratch/erikgarrison/emender/.envs/olcf-rocm711-torch210-py312/lib/python3.12/socketserver.py", line 845, in write
    self._sock.sendall(b)
BrokenPipeError: [Errno 32] Broken pipe
----------------------------------------
----------------------------------------
Exception occurred during processing of request from ('10.128.10.16', 59026)
Traceback (most recent call last):
  File "/lustre/orion/bif148/scratch/erikgarrison/emender/.wg-worktrees/agent-1263/ndm/resilient_pool_runtime.py", line 362, in handle
    header, payload = recv_frame(self.rfile,
                      ^^^^^^^^^^^^^^^^^^^^^^
  File "/lustre/orion/bif148/scratch/erikgarrison/emender/.wg-worktrees/agent-1263/ndm/resilient_node_transport.py", line 115, in recv_frame
    payload = _recv_exact(stream, payload_size)
              ^^^^^^^^^^^^^^^^^^^^^^^^^^^^^^^^^
  File "/lustre/orion/bif148/scratch/erikgarrison/emender/.wg-worktrees/agent-1263/ndm/resilient_node_transport.py", line 89, in _recv_exact
    raise EOFError("peer closed framed transport")
EOFError: peer closed framed transport

During handling of the above exception, another exception occurred:

Traceback (most recent call last):
  File "/lustre/orion/bif148/scratch/erikgarrison/emender/.envs/olcf-rocm711-torch210-py312/lib/python3.12/socketserver.py", line 697, in process_request_thread
    self.finish_request(request, client_address)
  File "/lustre/orion/bif148/scratch/erikgarrison/emender/.envs/olcf-rocm711-torch210-py312/lib/python3.12/socketserver.py", line 362, in finish_request
    self.RequestHandlerClass(request, client_address, self)
  File "/lustre/orion/bif148/scratch/erikgarrison/emender/.envs/olcf-rocm711-torch210-py312/lib/python3.12/socketserver.py", line 766, in __init__
    self.handle()
  File "/lustre/orion/bif148/scratch/erikgarrison/emender/.wg-worktrees/agent-1263/ndm/resilient_pool_runtime.py", line 367, in handle
    send_frame(self.wfile, {"op": "error", "error": str(error)})
  File "/lustre/orion/bif148/scratch/erikgarrison/emender/.wg-worktrees/agent-1263/ndm/resilient_node_transport.py", line 102, in send_frame
    stream.write(encoded)
  File "/lustre/orion/bif148/scratch/erikgarrison/emender/.envs/olcf-rocm711-torch210-py312/lib/python3.12/socketserver.py", line 845, in write
    self._sock.sendall(b)
BrokenPipeError: [Errno 32] Broken pipe
----------------------------------------
----------------------------------------
Exception occurred during processing of request from ('10.128.10.16', 59042)
Traceback (most recent call last):
  File "/lustre/orion/bif148/scratch/erikgarrison/emender/.wg-worktrees/agent-1263/ndm/resilient_pool_runtime.py", line 362, in handle
    header, payload = recv_frame(self.rfile,
                      ^^^^^^^^^^^^^^^^^^^^^^
  File "/lustre/orion/bif148/scratch/erikgarrison/emender/.wg-worktrees/agent-1263/ndm/resilient_node_transport.py", line 115, in recv_frame
    payload = _recv_exact(stream, payload_size)
              ^^^^^^^^^^^^^^^^^^^^^^^^^^^^^^^^^
  File "/lustre/orion/bif148/scratch/erikgarrison/emender/.wg-worktrees/agent-1263/ndm/resilient_node_transport.py", line 89, in _recv_exact
    raise EOFError("peer closed framed transport")
EOFError: peer closed framed transport

During handling of the above exception, another exception occurred:

Traceback (most recent call last):
  File "/lustre/orion/bif148/scratch/erikgarrison/emender/.envs/olcf-rocm711-torch210-py312/lib/python3.12/socketserver.py", line 697, in process_request_thread
    self.finish_request(request, client_address)
  File "/lustre/orion/bif148/scratch/erikgarrison/emender/.envs/olcf-rocm711-torch210-py312/lib/python3.12/socketserver.py", line 362, in finish_request
    self.RequestHandlerClass(request, client_address, self)
  File "/lustre/orion/bif148/scratch/erikgarrison/emender/.envs/olcf-rocm711-torch210-py312/lib/python3.12/socketserver.py", line 766, in __init__
    self.handle()
  File "/lustre/orion/bif148/scratch/erikgarrison/emender/.wg-worktrees/agent-1263/ndm/resilient_pool_runtime.py", line 367, in handle
    send_frame(self.wfile, {"op": "error", "error": str(error)})
  File "/lustre/orion/bif148/scratch/erikgarrison/emender/.wg-worktrees/agent-1263/ndm/resilient_node_transport.py", line 102, in send_frame
    stream.write(encoded)
  File "/lustre/orion/bif148/scratch/erikgarrison/emender/.envs/olcf-rocm711-torch210-py312/lib/python3.12/socketserver.py", line 845, in write
    self._sock.sendall(b)
BrokenPipeError: [Errno 32] Broken pipe
----------------------------------------
----------------------------------------
Exception occurred during processing of request from ('10.128.10.16', 59048)
Traceback (most recent call last):
  File "/lustre/orion/bif148/scratch/erikgarrison/emender/.wg-worktrees/agent-1263/ndm/resilient_pool_runtime.py", line 362, in handle
    header, payload = recv_frame(self.rfile,
                      ^^^^^^^^^^^^^^^^^^^^^^
  File "/lustre/orion/bif148/scratch/erikgarrison/emender/.wg-worktrees/agent-1263/ndm/resilient_node_transport.py", line 115, in recv_frame
    payload = _recv_exact(stream, payload_size)
              ^^^^^^^^^^^^^^^^^^^^^^^^^^^^^^^^^
  File "/lustre/orion/bif148/scratch/erikgarrison/emender/.wg-worktrees/agent-1263/ndm/resilient_node_transport.py", line 89, in _recv_exact
    raise EOFError("peer closed framed transport")
EOFError: peer closed framed transport

During handling of the above exception, another exception occurred:

Traceback (most recent call last):
  File "/lustre/orion/bif148/scratch/erikgarrison/emender/.envs/olcf-rocm711-torch210-py312/lib/python3.12/socketserver.py", line 697, in process_request_thread
    self.finish_request(request, client_address)
  File "/lustre/orion/bif148/scratch/erikgarrison/emender/.envs/olcf-rocm711-torch210-py312/lib/python3.12/socketserver.py", line 362, in finish_request
    self.RequestHandlerClass(request, client_address, self)
  File "/lustre/orion/bif148/scratch/erikgarrison/emender/.envs/olcf-rocm711-torch210-py312/lib/python3.12/socketserver.py", line 766, in __init__
    self.handle()
  File "/lustre/orion/bif148/scratch/erikgarrison/emender/.wg-worktrees/agent-1263/ndm/resilient_pool_runtime.py", line 367, in handle
    send_frame(self.wfile, {"op": "error", "error": str(error)})
  File "/lustre/orion/bif148/scratch/erikgarrison/emender/.wg-worktrees/agent-1263/ndm/resilient_node_transport.py", line 102, in send_frame
    stream.write(encoded)
  File "/lustre/orion/bif148/scratch/erikgarrison/emender/.envs/olcf-rocm711-torch210-py312/lib/python3.12/socketserver.py", line 845, in write
    self._sock.sendall(b)
BrokenPipeError: [Errno 32] Broken pipe
----------------------------------------
----------------------------------------
Exception occurred during processing of request from ('10.128.10.16', 59050)
Traceback (most recent call last):
  File "/lustre/orion/bif148/scratch/erikgarrison/emender/.wg-worktrees/agent-1263/ndm/resilient_pool_runtime.py", line 362, in handle
    header, payload = recv_frame(self.rfile,
                      ^^^^^^^^^^^^^^^^^^^^^^
  File "/lustre/orion/bif148/scratch/erikgarrison/emender/.wg-worktrees/agent-1263/ndm/resilient_node_transport.py", line 115, in recv_frame
    payload = _recv_exact(stream, payload_size)
              ^^^^^^^^^^^^^^^^^^^^^^^^^^^^^^^^^
  File "/lustre/orion/bif148/scratch/erikgarrison/emender/.wg-worktrees/agent-1263/ndm/resilient_node_transport.py", line 89, in _recv_exact
    raise EOFError("peer closed framed transport")
EOFError: peer closed framed transport

During handling of the above exception, another exception occurred:

Traceback (most recent call last):
  File "/lustre/orion/bif148/scratch/erikgarrison/emender/.envs/olcf-rocm711-torch210-py312/lib/python3.12/socketserver.py", line 697, in process_request_thread
    self.finish_request(request, client_address)
  File "/lustre/orion/bif148/scratch/erikgarrison/emender/.envs/olcf-rocm711-torch210-py312/lib/python3.12/socketserver.py", line 362, in finish_request
    self.RequestHandlerClass(request, client_address, self)
  File "/lustre/orion/bif148/scratch/erikgarrison/emender/.envs/olcf-rocm711-torch210-py312/lib/python3.12/socketserver.py", line 766, in __init__
    self.handle()
  File "/lustre/orion/bif148/scratch/erikgarrison/emender/.wg-worktrees/agent-1263/ndm/resilient_pool_runtime.py", line 367, in handle
    send_frame(self.wfile, {"op": "error", "error": str(error)})
  File "/lustre/orion/bif148/scratch/erikgarrison/emender/.wg-worktrees/agent-1263/ndm/resilient_node_transport.py", line 102, in send_frame
    stream.write(encoded)
  File "/lustre/orion/bif148/scratch/erikgarrison/emender/.envs/olcf-rocm711-torch210-py312/lib/python3.12/socketserver.py", line 845, in write
    self._sock.sendall(b)
BrokenPipeError: [Errno 32] Broken pipe
----------------------------------------
----------------------------------------
Exception occurred during processing of request from ('10.128.10.16', 59052)
Traceback (most recent call last):
  File "/lustre/orion/bif148/scratch/erikgarrison/emender/.wg-worktrees/agent-1263/ndm/resilient_pool_runtime.py", line 362, in handle
    header, payload = recv_frame(self.rfile,
                      ^^^^^^^^^^^^^^^^^^^^^^
  File "/lustre/orion/bif148/scratch/erikgarrison/emender/.wg-worktrees/agent-1263/ndm/resilient_node_transport.py", line 115, in recv_frame
    payload = _recv_exact(stream, payload_size)
              ^^^^^^^^^^^^^^^^^^^^^^^^^^^^^^^^^
  File "/lustre/orion/bif148/scratch/erikgarrison/emender/.wg-worktrees/agent-1263/ndm/resilient_node_transport.py", line 89, in _recv_exact
    raise EOFError("peer closed framed transport")
EOFError: peer closed framed transport

During handling of the above exception, another exception occurred:

Traceback (most recent call last):
  File "/lustre/orion/bif148/scratch/erikgarrison/emender/.envs/olcf-rocm711-torch210-py312/lib/python3.12/socketserver.py", line 697, in process_request_thread
    self.finish_request(request, client_address)
  File "/lustre/orion/bif148/scratch/erikgarrison/emender/.envs/olcf-rocm711-torch210-py312/lib/python3.12/socketserver.py", line 362, in finish_request
    self.RequestHandlerClass(request, client_address, self)
  File "/lustre/orion/bif148/scratch/erikgarrison/emender/.envs/olcf-rocm711-torch210-py312/lib/python3.12/socketserver.py", line 766, in __init__
    self.handle()
  File "/lustre/orion/bif148/scratch/erikgarrison/emender/.wg-worktrees/agent-1263/ndm/resilient_pool_runtime.py", line 367, in handle
    send_frame(self.wfile, {"op": "error", "error": str(error)})
  File "/lustre/orion/bif148/scratch/erikgarrison/emender/.wg-worktrees/agent-1263/ndm/resilient_node_transport.py", line 102, in send_frame
    stream.write(encoded)
  File "/lustre/orion/bif148/scratch/erikgarrison/emender/.envs/olcf-rocm711-torch210-py312/lib/python3.12/socketserver.py", line 845, in write
    self._sock.sendall(b)
BrokenPipeError: [Errno 32] Broken pipe
----------------------------------------
----------------------------------------
Exception occurred during processing of request from ('10.128.10.16', 59058)
Traceback (most recent call last):
  File "/lustre/orion/bif148/scratch/erikgarrison/emender/.wg-worktrees/agent-1263/ndm/resilient_pool_runtime.py", line 362, in handle
    header, payload = recv_frame(self.rfile,
                      ^^^^^^^^^^^^^^^^^^^^^^
  File "/lustre/orion/bif148/scratch/erikgarrison/emender/.wg-worktrees/agent-1263/ndm/resilient_node_transport.py", line 115, in recv_frame
    payload = _recv_exact(stream, payload_size)
              ^^^^^^^^^^^^^^^^^^^^^^^^^^^^^^^^^
  File "/lustre/orion/bif148/scratch/erikgarrison/emender/.wg-worktrees/agent-1263/ndm/resilient_node_transport.py", line 89, in _recv_exact
    raise EOFError("peer closed framed transport")
EOFError: peer closed framed transport

During handling of the above exception, another exception occurred:

Traceback (most recent call last):
  File "/lustre/orion/bif148/scratch/erikgarrison/emender/.envs/olcf-rocm711-torch210-py312/lib/python3.12/socketserver.py", line 697, in process_request_thread
    self.finish_request(request, client_address)
  File "/lustre/orion/bif148/scratch/erikgarrison/emender/.envs/olcf-rocm711-torch210-py312/lib/python3.12/socketserver.py", line 362, in finish_request
    self.RequestHandlerClass(request, client_address, self)
  File "/lustre/orion/bif148/scratch/erikgarrison/emender/.envs/olcf-rocm711-torch210-py312/lib/python3.12/socketserver.py", line 766, in __init__
    self.handle()
  File "/lustre/orion/bif148/scratch/erikgarrison/emender/.wg-worktrees/agent-1263/ndm/resilient_pool_runtime.py", line 367, in handle
    send_frame(self.wfile, {"op": "error", "error": str(error)})
  File "/lustre/orion/bif148/scratch/erikgarrison/emender/.wg-worktrees/agent-1263/ndm/resilient_node_transport.py", line 102, in send_frame
    stream.write(encoded)
  File "/lustre/orion/bif148/scratch/erikgarrison/emender/.envs/olcf-rocm711-torch210-py312/lib/python3.12/socketserver.py", line 845, in write
    self._sock.sendall(b)
BrokenPipeError: [Errno 32] Broken pipe
----------------------------------------
----------------------------------------
Exception occurred during processing of request from ('10.128.10.16', 59060)
Traceback (most recent call last):
  File "/lustre/orion/bif148/scratch/erikgarrison/emender/.wg-worktrees/agent-1263/ndm/resilient_pool_runtime.py", line 362, in handle
    header, payload = recv_frame(self.rfile,
                      ^^^^^^^^^^^^^^^^^^^^^^
  File "/lustre/orion/bif148/scratch/erikgarrison/emender/.wg-worktrees/agent-1263/ndm/resilient_node_transport.py", line 115, in recv_frame
    payload = _recv_exact(stream, payload_size)
              ^^^^^^^^^^^^^^^^^^^^^^^^^^^^^^^^^
  File "/lustre/orion/bif148/scratch/erikgarrison/emender/.wg-worktrees/agent-1263/ndm/resilient_node_transport.py", line 89, in _recv_exact
    raise EOFError("peer closed framed transport")
EOFError: peer closed framed transport

During handling of the above exception, another exception occurred:

Traceback (most recent call last):
  File "/lustre/orion/bif148/scratch/erikgarrison/emender/.envs/olcf-rocm711-torch210-py312/lib/python3.12/socketserver.py", line 697, in process_request_thread
    self.finish_request(request, client_address)
  File "/lustre/orion/bif148/scratch/erikgarrison/emender/.envs/olcf-rocm711-torch210-py312/lib/python3.12/socketserver.py", line 362, in finish_request
    self.RequestHandlerClass(request, client_address, self)
  File "/lustre/orion/bif148/scratch/erikgarrison/emender/.envs/olcf-rocm711-torch210-py312/lib/python3.12/socketserver.py", line 766, in __init__
    self.handle()
  File "/lustre/orion/bif148/scratch/erikgarrison/emender/.wg-worktrees/agent-1263/ndm/resilient_pool_runtime.py", line 367, in handle
    send_frame(self.wfile, {"op": "error", "error": str(error)})
  File "/lustre/orion/bif148/scratch/erikgarrison/emender/.wg-worktrees/agent-1263/ndm/resilient_node_transport.py", line 102, in send_frame
    stream.write(encoded)
  File "/lustre/orion/bif148/scratch/erikgarrison/emender/.envs/olcf-rocm711-torch210-py312/lib/python3.12/socketserver.py", line 845, in write
    self._sock.sendall(b)
BrokenPipeError: [Errno 32] Broken pipe
----------------------------------------
----------------------------------------
Exception occurred during processing of request from ('10.128.10.16', 59062)
Traceback (most recent call last):
  File "/lustre/orion/bif148/scratch/erikgarrison/emender/.wg-worktrees/agent-1263/ndm/resilient_pool_runtime.py", line 362, in handle
    header, payload = recv_frame(self.rfile,
                      ^^^^^^^^^^^^^^^^^^^^^^
  File "/lustre/orion/bif148/scratch/erikgarrison/emender/.wg-worktrees/agent-1263/ndm/resilient_node_transport.py", line 115, in recv_frame
    payload = _recv_exact(stream, payload_size)
              ^^^^^^^^^^^^^^^^^^^^^^^^^^^^^^^^^
  File "/lustre/orion/bif148/scratch/erikgarrison/emender/.wg-worktrees/agent-1263/ndm/resilient_node_transport.py", line 89, in _recv_exact
    raise EOFError("peer closed framed transport")
EOFError: peer closed framed transport

During handling of the above exception, another exception occurred:

Traceback (most recent call last):
  File "/lustre/orion/bif148/scratch/erikgarrison/emender/.envs/olcf-rocm711-torch210-py312/lib/python3.12/socketserver.py", line 697, in process_request_thread
    self.finish_request(request, client_address)
  File "/lustre/orion/bif148/scratch/erikgarrison/emender/.envs/olcf-rocm711-torch210-py312/lib/python3.12/socketserver.py", line 362, in finish_request
    self.RequestHandlerClass(request, client_address, self)
  File "/lustre/orion/bif148/scratch/erikgarrison/emender/.envs/olcf-rocm711-torch210-py312/lib/python3.12/socketserver.py", line 766, in __init__
    self.handle()
  File "/lustre/orion/bif148/scratch/erikgarrison/emender/.wg-worktrees/agent-1263/ndm/resilient_pool_runtime.py", line 367, in handle
    send_frame(self.wfile, {"op": "error", "error": str(error)})
  File "/lustre/orion/bif148/scratch/erikgarrison/emender/.wg-worktrees/agent-1263/ndm/resilient_node_transport.py", line 102, in send_frame
    stream.write(encoded)
  File "/lustre/orion/bif148/scratch/erikgarrison/emender/.envs/olcf-rocm711-torch210-py312/lib/python3.12/socketserver.py", line 845, in write
    self._sock.sendall(b)
BrokenPipeError: [Errno 32] Broken pipe
----------------------------------------
----------------------------------------
Exception occurred during processing of request from ('10.128.10.16', 37666)
Traceback (most recent call last):
  File "/lustre/orion/bif148/scratch/erikgarrison/emender/.wg-worktrees/agent-1263/ndm/resilient_pool_runtime.py", line 362, in handle
    header, payload = recv_frame(self.rfile,
                      ^^^^^^^^^^^^^^^^^^^^^^
  File "/lustre/orion/bif148/scratch/erikgarrison/emender/.wg-worktrees/agent-1263/ndm/resilient_node_transport.py", line 115, in recv_frame
    payload = _recv_exact(stream, payload_size)
              ^^^^^^^^^^^^^^^^^^^^^^^^^^^^^^^^^
  File "/lustre/orion/bif148/scratch/erikgarrison/emender/.wg-worktrees/agent-1263/ndm/resilient_node_transport.py", line 89, in _recv_exact
    raise EOFError("peer closed framed transport")
EOFError: peer closed framed transport

During handling of the above exception, another exception occurred:

Traceback (most recent call last):
  File "/lustre/orion/bif148/scratch/erikgarrison/emender/.envs/olcf-rocm711-torch210-py312/lib/python3.12/socketserver.py", line 697, in process_request_thread
    self.finish_request(request, client_address)
  File "/lustre/orion/bif148/scratch/erikgarrison/emender/.envs/olcf-rocm711-torch210-py312/lib/python3.12/socketserver.py", line 362, in finish_request
    self.RequestHandlerClass(request, client_address, self)
  File "/lustre/orion/bif148/scratch/erikgarrison/emender/.envs/olcf-rocm711-torch210-py312/lib/python3.12/socketserver.py", line 766, in __init__
    self.handle()
  File "/lustre/orion/bif148/scratch/erikgarrison/emender/.wg-worktrees/agent-1263/ndm/resilient_pool_runtime.py", line 367, in handle
    send_frame(self.wfile, {"op": "error", "error": str(error)})
  File "/lustre/orion/bif148/scratch/erikgarrison/emender/.wg-worktrees/agent-1263/ndm/resilient_node_transport.py", line 102, in send_frame
    stream.write(encoded)
  File "/lustre/orion/bif148/scratch/erikgarrison/emender/.envs/olcf-rocm711-torch210-py312/lib/python3.12/socketserver.py", line 845, in write
    self._sock.sendall(b)
BrokenPipeError: [Errno 32] Broken pipe
----------------------------------------
----------------------------------------
Exception occurred during processing of request from ('10.128.10.16', 37668)
Traceback (most recent call last):
  File "/lustre/orion/bif148/scratch/erikgarrison/emender/.wg-worktrees/agent-1263/ndm/resilient_pool_runtime.py", line 362, in handle
    header, payload = recv_frame(self.rfile,
                      ^^^^^^^^^^^^^^^^^^^^^^
  File "/lustre/orion/bif148/scratch/erikgarrison/emender/.wg-worktrees/agent-1263/ndm/resilient_node_transport.py", line 115, in recv_frame
    payload = _recv_exact(stream, payload_size)
              ^^^^^^^^^^^^^^^^^^^^^^^^^^^^^^^^^
  File "/lustre/orion/bif148/scratch/erikgarrison/emender/.wg-worktrees/agent-1263/ndm/resilient_node_transport.py", line 89, in _recv_exact
    raise EOFError("peer closed framed transport")
EOFError: peer closed framed transport

During handling of the above exception, another exception occurred:

Traceback (most recent call last):
  File "/lustre/orion/bif148/scratch/erikgarrison/emender/.envs/olcf-rocm711-torch210-py312/lib/python3.12/socketserver.py", line 697, in process_request_thread
    self.finish_request(request, client_address)
  File "/lustre/orion/bif148/scratch/erikgarrison/emender/.envs/olcf-rocm711-torch210-py312/lib/python3.12/socketserver.py", line 362, in finish_request
    self.RequestHandlerClass(request, client_address, self)
  File "/lustre/orion/bif148/scratch/erikgarrison/emender/.envs/olcf-rocm711-torch210-py312/lib/python3.12/socketserver.py", line 766, in __init__
    self.handle()
  File "/lustre/orion/bif148/scratch/erikgarrison/emender/.wg-worktrees/agent-1263/ndm/resilient_pool_runtime.py", line 367, in handle
    send_frame(self.wfile, {"op": "error", "error": str(error)})
  File "/lustre/orion/bif148/scratch/erikgarrison/emender/.wg-worktrees/agent-1263/ndm/resilient_node_transport.py", line 102, in send_frame
    stream.write(encoded)
  File "/lustre/orion/bif148/scratch/erikgarrison/emender/.envs/olcf-rocm711-torch210-py312/lib/python3.12/socketserver.py", line 845, in write
    self._sock.sendall(b)
BrokenPipeError: [Errno 32] Broken pipe
----------------------------------------
----------------------------------------
Exception occurred during processing of request from ('10.128.10.16', 37682)
Traceback (most recent call last):
  File "/lustre/orion/bif148/scratch/erikgarrison/emender/.wg-worktrees/agent-1263/ndm/resilient_pool_runtime.py", line 362, in handle
    header, payload = recv_frame(self.rfile,
                      ^^^^^^^^^^^^^^^^^^^^^^
  File "/lustre/orion/bif148/scratch/erikgarrison/emender/.wg-worktrees/agent-1263/ndm/resilient_node_transport.py", line 115, in recv_frame
    payload = _recv_exact(stream, payload_size)
              ^^^^^^^^^^^^^^^^^^^^^^^^^^^^^^^^^
  File "/lustre/orion/bif148/scratch/erikgarrison/emender/.wg-worktrees/agent-1263/ndm/resilient_node_transport.py", line 89, in _recv_exact
    raise EOFError("peer closed framed transport")
EOFError: peer closed framed transport

During handling of the above exception, another exception occurred:

Traceback (most recent call last):
  File "/lustre/orion/bif148/scratch/erikgarrison/emender/.envs/olcf-rocm711-torch210-py312/lib/python3.12/socketserver.py", line 697, in process_request_thread
    self.finish_request(request, client_address)
  File "/lustre/orion/bif148/scratch/erikgarrison/emender/.envs/olcf-rocm711-torch210-py312/lib/python3.12/socketserver.py", line 362, in finish_request
    self.RequestHandlerClass(request, client_address, self)
  File "/lustre/orion/bif148/scratch/erikgarrison/emender/.envs/olcf-rocm711-torch210-py312/lib/python3.12/socketserver.py", line 766, in __init__
    self.handle()
  File "/lustre/orion/bif148/scratch/erikgarrison/emender/.wg-worktrees/agent-1263/ndm/resilient_pool_runtime.py", line 367, in handle
    send_frame(self.wfile, {"op": "error", "error": str(error)})
  File "/lustre/orion/bif148/scratch/erikgarrison/emender/.wg-worktrees/agent-1263/ndm/resilient_node_transport.py", line 102, in send_frame
    stream.write(encoded)
  File "/lustre/orion/bif148/scratch/erikgarrison/emender/.envs/olcf-rocm711-torch210-py312/lib/python3.12/socketserver.py", line 845, in write
    self._sock.sendall(b)
BrokenPipeError: [Errno 32] Broken pipe
----------------------------------------
----------------------------------------
Exception occurred during processing of request from ('10.128.10.16', 37686)
Traceback (most recent call last):
  File "/lustre/orion/bif148/scratch/erikgarrison/emender/.wg-worktrees/agent-1263/ndm/resilient_pool_runtime.py", line 362, in handle
    header, payload = recv_frame(self.rfile,
                      ^^^^^^^^^^^^^^^^^^^^^^
  File "/lustre/orion/bif148/scratch/erikgarrison/emender/.wg-worktrees/agent-1263/ndm/resilient_node_transport.py", line 115, in recv_frame
    payload = _recv_exact(stream, payload_size)
              ^^^^^^^^^^^^^^^^^^^^^^^^^^^^^^^^^
  File "/lustre/orion/bif148/scratch/erikgarrison/emender/.wg-worktrees/agent-1263/ndm/resilient_node_transport.py", line 89, in _recv_exact
    raise EOFError("peer closed framed transport")
EOFError: peer closed framed transport

During handling of the above exception, another exception occurred:

Traceback (most recent call last):
  File "/lustre/orion/bif148/scratch/erikgarrison/emender/.envs/olcf-rocm711-torch210-py312/lib/python3.12/socketserver.py", line 697, in process_request_thread
    self.finish_request(request, client_address)
  File "/lustre/orion/bif148/scratch/erikgarrison/emender/.envs/olcf-rocm711-torch210-py312/lib/python3.12/socketserver.py", line 362, in finish_request
    self.RequestHandlerClass(request, client_address, self)
  File "/lustre/orion/bif148/scratch/erikgarrison/emender/.envs/olcf-rocm711-torch210-py312/lib/python3.12/socketserver.py", line 766, in __init__
    self.handle()
  File "/lustre/orion/bif148/scratch/erikgarrison/emender/.wg-worktrees/agent-1263/ndm/resilient_pool_runtime.py", line 367, in handle
    send_frame(self.wfile, {"op": "error", "error": str(error)})
  File "/lustre/orion/bif148/scratch/erikgarrison/emender/.wg-worktrees/agent-1263/ndm/resilient_node_transport.py", line 102, in send_frame
    stream.write(encoded)
  File "/lustre/orion/bif148/scratch/erikgarrison/emender/.envs/olcf-rocm711-torch210-py312/lib/python3.12/socketserver.py", line 845, in write
    self._sock.sendall(b)
BrokenPipeError: [Errno 32] Broken pipe
----------------------------------------
----------------------------------------
Exception occurred during processing of request from ('10.128.10.16', 37698)
Traceback (most recent call last):
  File "/lustre/orion/bif148/scratch/erikgarrison/emender/.wg-worktrees/agent-1263/ndm/resilient_pool_runtime.py", line 362, in handle
    header, payload = recv_frame(self.rfile,
                      ^^^^^^^^^^^^^^^^^^^^^^
  File "/lustre/orion/bif148/scratch/erikgarrison/emender/.wg-worktrees/agent-1263/ndm/resilient_node_transport.py", line 115, in recv_frame
    payload = _recv_exact(stream, payload_size)
              ^^^^^^^^^^^^^^^^^^^^^^^^^^^^^^^^^
  File "/lustre/orion/bif148/scratch/erikgarrison/emender/.wg-worktrees/agent-1263/ndm/resilient_node_transport.py", line 89, in _recv_exact
    raise EOFError("peer closed framed transport")
EOFError: peer closed framed transport

During handling of the above exception, another exception occurred:

Traceback (most recent call last):
  File "/lustre/orion/bif148/scratch/erikgarrison/emender/.envs/olcf-rocm711-torch210-py312/lib/python3.12/socketserver.py", line 697, in process_request_thread
    self.finish_request(request, client_address)
  File "/lustre/orion/bif148/scratch/erikgarrison/emender/.envs/olcf-rocm711-torch210-py312/lib/python3.12/socketserver.py", line 362, in finish_request
    self.RequestHandlerClass(request, client_address, self)
  File "/lustre/orion/bif148/scratch/erikgarrison/emender/.envs/olcf-rocm711-torch210-py312/lib/python3.12/socketserver.py", line 766, in __init__
    self.handle()
  File "/lustre/orion/bif148/scratch/erikgarrison/emender/.wg-worktrees/agent-1263/ndm/resilient_pool_runtime.py", line 367, in handle
    send_frame(self.wfile, {"op": "error", "error": str(error)})
  File "/lustre/orion/bif148/scratch/erikgarrison/emender/.wg-worktrees/agent-1263/ndm/resilient_node_transport.py", line 102, in send_frame
    stream.write(encoded)
  File "/lustre/orion/bif148/scratch/erikgarrison/emender/.envs/olcf-rocm711-torch210-py312/lib/python3.12/socketserver.py", line 845, in write
    self._sock.sendall(b)
BrokenPipeError: [Errno 32] Broken pipe
----------------------------------------
----------------------------------------
Exception occurred during processing of request from ('10.128.10.16', 37714)
Traceback (most recent call last):
  File "/lustre/orion/bif148/scratch/erikgarrison/emender/.wg-worktrees/agent-1263/ndm/resilient_pool_runtime.py", line 362, in handle
    header, payload = recv_frame(self.rfile,
                      ^^^^^^^^^^^^^^^^^^^^^^
  File "/lustre/orion/bif148/scratch/erikgarrison/emender/.wg-worktrees/agent-1263/ndm/resilient_node_transport.py", line 115, in recv_frame
    payload = _recv_exact(stream, payload_size)
              ^^^^^^^^^^^^^^^^^^^^^^^^^^^^^^^^^
  File "/lustre/orion/bif148/scratch/erikgarrison/emender/.wg-worktrees/agent-1263/ndm/resilient_node_transport.py", line 89, in _recv_exact
    raise EOFError("peer closed framed transport")
EOFError: peer closed framed transport

During handling of the above exception, another exception occurred:

Traceback (most recent call last):
  File "/lustre/orion/bif148/scratch/erikgarrison/emender/.envs/olcf-rocm711-torch210-py312/lib/python3.12/socketserver.py", line 697, in process_request_thread
    self.finish_request(request, client_address)
  File "/lustre/orion/bif148/scratch/erikgarrison/emender/.envs/olcf-rocm711-torch210-py312/lib/python3.12/socketserver.py", line 362, in finish_request
    self.RequestHandlerClass(request, client_address, self)
  File "/lustre/orion/bif148/scratch/erikgarrison/emender/.envs/olcf-rocm711-torch210-py312/lib/python3.12/socketserver.py", line 766, in __init__
    self.handle()
  File "/lustre/orion/bif148/scratch/erikgarrison/emender/.wg-worktrees/agent-1263/ndm/resilient_pool_runtime.py", line 367, in handle
    send_frame(self.wfile, {"op": "error", "error": str(error)})
  File "/lustre/orion/bif148/scratch/erikgarrison/emender/.wg-worktrees/agent-1263/ndm/resilient_node_transport.py", line 102, in send_frame
    stream.write(encoded)
  File "/lustre/orion/bif148/scratch/erikgarrison/emender/.envs/olcf-rocm711-torch210-py312/lib/python3.12/socketserver.py", line 845, in write
    self._sock.sendall(b)
BrokenPipeError: [Errno 32] Broken pipe
----------------------------------------
----------------------------------------
Exception occurred during processing of request from ('10.128.10.16', 37718)
Traceback (most recent call last):
  File "/lustre/orion/bif148/scratch/erikgarrison/emender/.wg-worktrees/agent-1263/ndm/resilient_pool_runtime.py", line 362, in handle
    header, payload = recv_frame(self.rfile,
                      ^^^^^^^^^^^^^^^^^^^^^^
  File "/lustre/orion/bif148/scratch/erikgarrison/emender/.wg-worktrees/agent-1263/ndm/resilient_node_transport.py", line 115, in recv_frame
    payload = _recv_exact(stream, payload_size)
              ^^^^^^^^^^^^^^^^^^^^^^^^^^^^^^^^^
  File "/lustre/orion/bif148/scratch/erikgarrison/emender/.wg-worktrees/agent-1263/ndm/resilient_node_transport.py", line 89, in _recv_exact
    raise EOFError("peer closed framed transport")
EOFError: peer closed framed transport

During handling of the above exception, another exception occurred:

Traceback (most recent call last):
  File "/lustre/orion/bif148/scratch/erikgarrison/emender/.envs/olcf-rocm711-torch210-py312/lib/python3.12/socketserver.py", line 697, in process_request_thread
    self.finish_request(request, client_address)
  File "/lustre/orion/bif148/scratch/erikgarrison/emender/.envs/olcf-rocm711-torch210-py312/lib/python3.12/socketserver.py", line 362, in finish_request
    self.RequestHandlerClass(request, client_address, self)
  File "/lustre/orion/bif148/scratch/erikgarrison/emender/.envs/olcf-rocm711-torch210-py312/lib/python3.12/socketserver.py", line 766, in __init__
    self.handle()
  File "/lustre/orion/bif148/scratch/erikgarrison/emender/.wg-worktrees/agent-1263/ndm/resilient_pool_runtime.py", line 367, in handle
    send_frame(self.wfile, {"op": "error", "error": str(error)})
  File "/lustre/orion/bif148/scratch/erikgarrison/emender/.wg-worktrees/agent-1263/ndm/resilient_node_transport.py", line 102, in send_frame
    stream.write(encoded)
  File "/lustre/orion/bif148/scratch/erikgarrison/emender/.envs/olcf-rocm711-torch210-py312/lib/python3.12/socketserver.py", line 845, in write
    self._sock.sendall(b)
BrokenPipeError: [Errno 32] Broken pipe
----------------------------------------
----------------------------------------
Exception occurred during processing of request from ('10.128.10.16', 37726)
Traceback (most recent call last):
  File "/lustre/orion/bif148/scratch/erikgarrison/emender/.wg-worktrees/agent-1263/ndm/resilient_pool_runtime.py", line 362, in handle
    header, payload = recv_frame(self.rfile,
                      ^^^^^^^^^^^^^^^^^^^^^^
  File "/lustre/orion/bif148/scratch/erikgarrison/emender/.wg-worktrees/agent-1263/ndm/resilient_node_transport.py", line 115, in recv_frame
    payload = _recv_exact(stream, payload_size)
              ^^^^^^^^^^^^^^^^^^^^^^^^^^^^^^^^^
  File "/lustre/orion/bif148/scratch/erikgarrison/emender/.wg-worktrees/agent-1263/ndm/resilient_node_transport.py", line 89, in _recv_exact
    raise EOFError("peer closed framed transport")
EOFError: peer closed framed transport

During handling of the above exception, another exception occurred:

Traceback (most recent call last):
  File "/lustre/orion/bif148/scratch/erikgarrison/emender/.envs/olcf-rocm711-torch210-py312/lib/python3.12/socketserver.py", line 697, in process_request_thread
    self.finish_request(request, client_address)
  File "/lustre/orion/bif148/scratch/erikgarrison/emender/.envs/olcf-rocm711-torch210-py312/lib/python3.12/socketserver.py", line 362, in finish_request
    self.RequestHandlerClass(request, client_address, self)
  File "/lustre/orion/bif148/scratch/erikgarrison/emender/.envs/olcf-rocm711-torch210-py312/lib/python3.12/socketserver.py", line 766, in __init__
    self.handle()
  File "/lustre/orion/bif148/scratch/erikgarrison/emender/.wg-worktrees/agent-1263/ndm/resilient_pool_runtime.py", line 367, in handle
    send_frame(self.wfile, {"op": "error", "error": str(error)})
  File "/lustre/orion/bif148/scratch/erikgarrison/emender/.wg-worktrees/agent-1263/ndm/resilient_node_transport.py", line 102, in send_frame
    stream.write(encoded)
  File "/lustre/orion/bif148/scratch/erikgarrison/emender/.envs/olcf-rocm711-torch210-py312/lib/python3.12/socketserver.py", line 845, in write
    self._sock.sendall(b)
BrokenPipeError: [Errno 32] Broken pipe
----------------------------------------
----------------------------------------
Exception occurred during processing of request from ('10.128.10.16', 37728)
Traceback (most recent call last):
  File "/lustre/orion/bif148/scratch/erikgarrison/emender/.wg-worktrees/agent-1263/ndm/resilient_pool_runtime.py", line 362, in handle
    header, payload = recv_frame(self.rfile,
                      ^^^^^^^^^^^^^^^^^^^^^^
  File "/lustre/orion/bif148/scratch/erikgarrison/emender/.wg-worktrees/agent-1263/ndm/resilient_node_transport.py", line 115, in recv_frame
    payload = _recv_exact(stream, payload_size)
              ^^^^^^^^^^^^^^^^^^^^^^^^^^^^^^^^^
  File "/lustre/orion/bif148/scratch/erikgarrison/emender/.wg-worktrees/agent-1263/ndm/resilient_node_transport.py", line 89, in _recv_exact
    raise EOFError("peer closed framed transport")
EOFError: peer closed framed transport

During handling of the above exception, another exception occurred:

Traceback (most recent call last):
  File "/lustre/orion/bif148/scratch/erikgarrison/emender/.envs/olcf-rocm711-torch210-py312/lib/python3.12/socketserver.py", line 697, in process_request_thread
    self.finish_request(request, client_address)
  File "/lustre/orion/bif148/scratch/erikgarrison/emender/.envs/olcf-rocm711-torch210-py312/lib/python3.12/socketserver.py", line 362, in finish_request
    self.RequestHandlerClass(request, client_address, self)
  File "/lustre/orion/bif148/scratch/erikgarrison/emender/.envs/olcf-rocm711-torch210-py312/lib/python3.12/socketserver.py", line 766, in __init__
    self.handle()
  File "/lustre/orion/bif148/scratch/erikgarrison/emender/.wg-worktrees/agent-1263/ndm/resilient_pool_runtime.py", line 367, in handle
    send_frame(self.wfile, {"op": "error", "error": str(error)})
  File "/lustre/orion/bif148/scratch/erikgarrison/emender/.wg-worktrees/agent-1263/ndm/resilient_node_transport.py", line 102, in send_frame
    stream.write(encoded)
  File "/lustre/orion/bif148/scratch/erikgarrison/emender/.envs/olcf-rocm711-torch210-py312/lib/python3.12/socketserver.py", line 845, in write
    self._sock.sendall(b)
BrokenPipeError: [Errno 32] Broken pipe
----------------------------------------
----------------------------------------
Exception occurred during processing of request from ('10.128.10.16', 37732)
Traceback (most recent call last):
  File "/lustre/orion/bif148/scratch/erikgarrison/emender/.wg-worktrees/agent-1263/ndm/resilient_pool_runtime.py", line 362, in handle
    header, payload = recv_frame(self.rfile,
                      ^^^^^^^^^^^^^^^^^^^^^^
  File "/lustre/orion/bif148/scratch/erikgarrison/emender/.wg-worktrees/agent-1263/ndm/resilient_node_transport.py", line 115, in recv_frame
    payload = _recv_exact(stream, payload_size)
              ^^^^^^^^^^^^^^^^^^^^^^^^^^^^^^^^^
  File "/lustre/orion/bif148/scratch/erikgarrison/emender/.wg-worktrees/agent-1263/ndm/resilient_node_transport.py", line 89, in _recv_exact
    raise EOFError("peer closed framed transport")
EOFError: peer closed framed transport

During handling of the above exception, another exception occurred:

Traceback (most recent call last):
  File "/lustre/orion/bif148/scratch/erikgarrison/emender/.envs/olcf-rocm711-torch210-py312/lib/python3.12/socketserver.py", line 697, in process_request_thread
    self.finish_request(request, client_address)
  File "/lustre/orion/bif148/scratch/erikgarrison/emender/.envs/olcf-rocm711-torch210-py312/lib/python3.12/socketserver.py", line 362, in finish_request
    self.RequestHandlerClass(request, client_address, self)
  File "/lustre/orion/bif148/scratch/erikgarrison/emender/.envs/olcf-rocm711-torch210-py312/lib/python3.12/socketserver.py", line 766, in __init__
    self.handle()
  File "/lustre/orion/bif148/scratch/erikgarrison/emender/.wg-worktrees/agent-1263/ndm/resilient_pool_runtime.py", line 367, in handle
    send_frame(self.wfile, {"op": "error", "error": str(error)})
  File "/lustre/orion/bif148/scratch/erikgarrison/emender/.wg-worktrees/agent-1263/ndm/resilient_node_transport.py", line 102, in send_frame
    stream.write(encoded)
  File "/lustre/orion/bif148/scratch/erikgarrison/emender/.envs/olcf-rocm711-torch210-py312/lib/python3.12/socketserver.py", line 845, in write
    self._sock.sendall(b)
BrokenPipeError: [Errno 32] Broken pipe
----------------------------------------
----------------------------------------
Exception occurred during processing of request from ('10.128.10.16', 34544)
Traceback (most recent call last):
  File "/lustre/orion/bif148/scratch/erikgarrison/emender/.wg-worktrees/agent-1263/ndm/resilient_pool_runtime.py", line 362, in handle
    header, payload = recv_frame(self.rfile,
                      ^^^^^^^^^^^^^^^^^^^^^^
  File "/lustre/orion/bif148/scratch/erikgarrison/emender/.wg-worktrees/agent-1263/ndm/resilient_node_transport.py", line 115, in recv_frame
    payload = _recv_exact(stream, payload_size)
              ^^^^^^^^^^^^^^^^^^^^^^^^^^^^^^^^^
  File "/lustre/orion/bif148/scratch/erikgarrison/emender/.wg-worktrees/agent-1263/ndm/resilient_node_transport.py", line 89, in _recv_exact
    raise EOFError("peer closed framed transport")
EOFError: peer closed framed transport

During handling of the above exception, another exception occurred:

Traceback (most recent call last):
  File "/lustre/orion/bif148/scratch/erikgarrison/emender/.envs/olcf-rocm711-torch210-py312/lib/python3.12/socketserver.py", line 697, in process_request_thread
    self.finish_request(request, client_address)
  File "/lustre/orion/bif148/scratch/erikgarrison/emender/.envs/olcf-rocm711-torch210-py312/lib/python3.12/socketserver.py", line 362, in finish_request
    self.RequestHandlerClass(request, client_address, self)
  File "/lustre/orion/bif148/scratch/erikgarrison/emender/.envs/olcf-rocm711-torch210-py312/lib/python3.12/socketserver.py", line 766, in __init__
    self.handle()
  File "/lustre/orion/bif148/scratch/erikgarrison/emender/.wg-worktrees/agent-1263/ndm/resilient_pool_runtime.py", line 367, in handle
    send_frame(self.wfile, {"op": "error", "error": str(error)})
  File "/lustre/orion/bif148/scratch/erikgarrison/emender/.wg-worktrees/agent-1263/ndm/resilient_node_transport.py", line 102, in send_frame
    stream.write(encoded)
  File "/lustre/orion/bif148/scratch/erikgarrison/emender/.envs/olcf-rocm711-torch210-py312/lib/python3.12/socketserver.py", line 845, in write
    self._sock.sendall(b)
BrokenPipeError: [Errno 32] Broken pipe
----------------------------------------
Traceback (most recent call last):
  File "/lustre/orion/bif148/scratch/erikgarrison/emender/.wg-worktrees/agent-1263/scripts/frontier/resilient_e97_role.py", line 800, in <module>
    raise SystemExit(main())
                     ^^^^^^
  File "/lustre/orion/bif148/scratch/erikgarrison/emender/.wg-worktrees/agent-1263/scripts/frontier/resilient_e97_role.py", line 796, in main
    return manager(args) if args.role == "manager" else trainer(args)
           ^^^^^^^^^^^^^
  File "/lustre/orion/bif148/scratch/erikgarrison/emender/.wg-worktrees/agent-1263/scripts/frontier/resilient_e97_role.py", line 396, in manager
    raise TimeoutError(f"owner reassignment/replay failed: {last_error}")
TimeoutError: owner reassignment/replay failed: shard owner transport deadline expired: timed out
